aug_a,aug_a_name,aug_b,aug_b_name,pair_win_rate,pair_show_rate
1002,尖端发明家,1038,有始有终,0.47461,0.000303
1050,基石法师,2003,魄罗之王的弹跳,0.460559,0.000019
1211,杀戮时间到了,1308,火狐,0.499204,0.000274
1051,点亮他们！,1105,家园卫士,0.522343,0.000099
1068,循环往复,1317,升级：弯刀,0.428167,0.000013
1315,快中求稳,1329,史上最大雪球,0.50463,0.000148
1086,精准奇才,1214,旋转至胜,0.470296,0.000002
1150,面包和果酱,2006,飞身踢,0.46708,0.000126
1034,防护面纱,1035,感受燃烧,0.48772,0.000064
1154,任务：海牛阿福的勇士,1214,旋转至胜,0.502898,0.000034
1034,防护面纱,1319,升级：献祭,0.469787,0.00005
1072,炽烈黎明,1079,战争交响乐,0.438118,0.000037
1037,急救用具,1250,一板一眼,0.442659,0.000043
1405,速度恶魔,1413,和我一起困在这里,0.465944,0.000029
1118,会心治疗,1133,魔法飞弹,0.462056,0.000776
1108,自我毁灭,1345,心灵净化,0.462222,0.000566
1035,感受燃烧,1326,夜狩,0.467902,0.000077
1141,全心为你,1150,面包和果酱,0.474911,0.000128
1045,炼狱导管,1108,自我毁灭,0.478089,0.000227
1015,死亡之环,1361,任务：艾卡西亚的陷落,0.536192,0.000031
1034,防护面纱,2009,狂热者,0.49128,0.000047
1079,战争交响乐,1151,面包和奶酪,0.457412,0.000186
1032,裁决使,1409,魄罗爆破手,0.486814,0.001293
1053,科学狂人,1348,闪闪现现,0.483665,0.000021
1022,灵巧,1079,战争交响乐,0.502203,0.001675
1013,星界躯体,1151,面包和奶酪,0.464237,0.000401
1092,易损,1996,升级：耀光,0.526761,0.000324
1067,古式佳酿,1392,神圣雪球,0.44804,0.000045
1301,神圣干预,1414,卡皮巴拉空投,0.454175,0.000032
1034,防护面纱,1401,生机迸发,0.482971,0.000031
1092,易损,1243,质变：混沌,0.495746,0.000494
1105,家园卫士,1384,捐赠,0.553801,0.000179
1002,尖端发明家,1103,面包和黄油,0.456003,0.000501
1092,易损,1138,渴血,0.513022,0.001112
1018,巨像的勇气,1057,山脉龙魂,0.45379,0.000227
1074,缩小射线,2026,杀意翻涌,0.452208,0.000063
0,无符文,1356,暴击飞弹,0.616934,0.012154
1058,秘术冲拳,1150,面包和果酱,0.448661,0.000258
1006,利刃华尔兹,1181,重量级打击手,0.502731,0.000327
1046,炼狱龙魂,1384,捐赠,0.514631,0.000431
1085,折磨者,1424,???,0.442256,0.000006
1069,退敌力场,1346,吸血习性,0.488104,0.000402
1379,未知符文_1379,1411,升级：荆棘之甲,0.428571,0.000001
1149,不动如山,1353,坦克引擎,0.48287,0.002469
1007,大力,1051,点亮他们！,0.514517,0.000125
1020,黎明使者的坚决,1390,超凡邪恶,0.492374,0.000175
1058,秘术冲拳,1080,会心防御,0.49249,0.000227
1006,利刃华尔兹,1346,吸血习性,0.489925,0.001419
1026,唯快不破,1151,面包和奶酪,0.504165,0.000111
1011,你摸不到,1349,终极唤醒,0.456234,0.000169
1187,闪光弹,1402,属性叠属性叠属性！,0.521531,0
1035,感受燃烧,1105,家园卫士,0.515384,0.000085
1070,无休回复,1113,老练狙神,0.503976,0.000215
1326,夜狩,1334,升级：雪球,0.4592,0.000209
1052,闪电打击,1424,???,0.457379,0.000019
1002,尖端发明家,1391,红包,0.501282,0.000333
1038,有始有终,1097,巫师式思考,0.512368,0.00188
1327,坚若磐石,1338,升级：狂妄,0.445725,0.000061
1053,科学狂人,1327,坚若磐石,0.487451,0.000117
1208,轨道镭射,1211,杀戮时间到了,0.471076,0.000074
1045,炼狱导管,1092,易损,0.533604,0.001179
1397,地狱三头犬,1420,咏叹奏鸣,0.488202,0.000048
1323,残忍,1406,祖母的辣椒油,0.51255,0.00035
1058,秘术冲拳,1205,物理转魔法,0.442424,0.000248
1079,战争交响乐,1330,活力再生,0.447911,0.000118
1027,大地苏醒,2016,注魔,0.473769,0.000007
1062,全能龙魂,1314,强力护盾,0.484252,0.000056
1057,山脉龙魂,1329,史上最大雪球,0.462505,0.000105
1318,升级：中娅,1403,属性叠属性！,0.511527,0.000076
1041,歌利亚巨人,1052,闪电打击,0.490327,0.000452
1029,虚幻武器,1156,任务：沃格勒特的巫师帽,0.503532,0.000358
1019,全凭身法,1416,海克斯科技龙魂,0.463806,0.00005
1039,冰霜 幽灵,1067,古式佳酿,0.472309,0.000411
1018,巨像的勇气,1047,关键暴击,0.433387,0.000029
1113,老练狙神,1345,心灵净化,0.46982,0.000963
1400,最终都市列车,1409,魄罗爆破手,0.514602,0.000383
1071,更万用的瞄准镜,1076,天音爆,0.462823,0.000035
1011,你摸不到,1330,活力再生,0.425935,0.000014
1375,吞噬灵魂,1421,舞会女王,0.493977,0.000164
1322,罪恶快感,1323,残忍,0.468249,0.00005
1118,会心治疗,1329,史上最大雪球,0.457467,0.000203
1250,一板一眼,1372,小猫咪找妈妈,0.409902,0.000001
1108,自我毁灭,2006,飞身踢,0.487902,0.000369
1338,升级：狂妄,1353,坦克引擎,0.490544,0.001342
1084,穿针引线,1238,质变：棱彩阶,0.497198,0.002468
1421,舞会女王,2010,双发快射,0.488077,0.000009
1011,你摸不到,1057,山脉龙魂,0.434996,0.000042
1333,逃跑计划,1424,???,0.496195,0.000017
1058,秘术冲拳,1332,不祥契约,0.449684,0.000065
1085,折磨者,1996,升级：耀光,0.453111,0.000015
1013,星界躯体,1075,慢炖,0.525795,0.002612
1009,霸符兄弟,1397,地狱三头犬,0.483454,0.000091
1113,老练狙神,1327,坚若磐石,0.458813,0.000107
12317,潘朵拉的盒子,1403,属性叠属性！,0.556163,0.000002
1349,终极唤醒,1406,祖母的辣椒油,0.499707,0.000136
1149,不动如山,1316,刃下生风,0.440631,0.000018
1116,闪现向前,1397,地狱三头犬,0.454583,0.000031
1341,帽上加帽,2006,飞身踢,0.470433,0.000094
1060,海洋龙魂,1095,风语者的祝福,0.511453,0.000119
1181,重量级打击手,1324,蛋白粉奶昔,0.484133,0.000963
1023,魔鬼之舞,1039,冰霜 幽灵,0.488925,0.000182
1034,防护面纱,1333,逃跑计划,0.534184,0.000196
1057,山脉龙魂,1220,连拨击锤,0.45072,0.000044
1086,精准奇才,2018,纯粹主义者 - 术师,0.45385,0.000036
1134,亮出你的剑,1327,坚若磐石,0.509031,0.000007
1388,无限循环往复,1390,超凡邪恶,0.528412,0.005732
1353,坦克引擎,1392,神圣雪球,0.444893,0.000139
1104,仆从大师,2016,注魔,0.481667,0.000007
1032,裁决使,1414,卡皮巴拉空投,0.435751,0.000124
1187,闪光弹,1341,帽上加帽,0.461346,0.000028
1112,终极不可阻挡,1310,小丑学院,0.510915,0.00025
1056,由心及物,1062,全能龙魂,0.532558,0.000194
1087,台风,1379,未知符文_1379,0.484359,0.000005
1341,帽上加帽,1372,小猫咪找妈妈,0.466329,0.000031
1318,升级：中娅,2001,当心小蛋糕！,0.491132,0.000167
1029,虚幻武器,1205,物理转魔法,0.475087,0.001184
1098,急急小子,1118,会心治疗,0.464605,0.000168
1051,点亮他们！,2006,飞身踢,0.475579,0.000095
1082,残暴之力,1400,最终都市列车,0.533341,0.00019
1032,裁决使,1413,和我一起困在这里,0.461333,0.000083
1011,你摸不到,1104,仆从大师,0.461624,0.000013
1085,折磨者,1335,夺金,0.467639,0.000035
1006,利刃华尔兹,1356,暴击飞弹,0.44774,0.000038
1070,无休回复,1411,升级：荆棘之甲,0.535799,0.00004
1061,回力OK镖,1344,最终形态,0.509729,0.000097
1314,强力护盾,1411,升级：荆棘之甲,0.50766,0.000028
1405,速度恶魔,1421,舞会女王,0.513054,0.000065
1149,不动如山,1402,属性叠属性叠属性！,0.479094,0.000023
1034,防护面纱,1150,面包和果酱,0.4738,0.000152
1041,歌利亚巨人,1077,灵魂虹吸,0.491969,0.000457
1337,尊我为王,1400,最终都市列车,0.552964,0.000051
1420,咏叹奏鸣,2007,你肩上的恶魔,0.471908,0.000035
1061,回力OK镖,2026,杀意翻涌,0.512708,0.000027
1076,天音爆,1320,升级：收集者,0.431871,0.000009
1337,尊我为王,1375,吞噬灵魂,0.518036,0.000077
1334,升级：雪球,1384,捐赠,0.506056,0.000234
1034,防护面纱,1056,由心及物,0.501553,0.000142
1315,快中求稳,1327,坚若磐石,0.472857,0.000063
1058,秘术冲拳,2007,你肩上的恶魔,0.447477,0.000022
1149,不动如山,1420,咏叹奏鸣,0.504139,0.000147
1170,万用瞄准镜,2024,由暴生急,0.453447,0.0001
1151,面包和奶酪,1411,升级：荆棘之甲,0.50034,0.000031
1084,穿针引线,1328,暴击律动,0.485775,0.001212
1071,更万用的瞄准镜,1187,闪光弹,0.49789,0.00013
1048,珠光护手,1392,神圣雪球,0.44691,0.000077
1057,山脉龙魂,2002,虚空裂隙,0.477081,0.000028
1007,大力,1384,捐赠,0.553176,0.000226
1063,狂徒豪气,1250,一板一眼,0.498923,0.000264
1107,接二连三,1317,升级：弯刀,0.411486,0.000009
1097,巫师式思考,1225,双刀流,0.499956,0.000115
1105,家园卫士,1329,史上最大雪球,0.506809,0.000131
1353,坦克引擎,1402,属性叠属性叠属性！,0.492108,0.000163
1085,折磨者,1088,终极刷新,0.443412,0.000072
1029,虚幻武器,1225,双刀流,0.514878,0.000698
1054,物法皆修,1321,砍伤,0.475238,0.000061
1225,双刀流,1332,不祥契约,0.502449,0.000069
1136,扇巴掌,1206,魔法转物理,0.505693,0.000284
1020,黎明使者的坚决,1061,回力OK镖,0.490654,0.000049
1053,科学狂人,1204,叠角龙,0.54784,0.000018
1057,山脉龙魂,1326,夜狩,0.446478,0.000054
1333,逃跑计划,2016,注魔,0.511344,0.000022
1372,小猫咪找妈妈,1373,缩小引擎,0.533793,0.000036
1069,退敌力场,1344,最终形态,0.437958,0.000088
1079,战争交响乐,1329,史上最大雪球,0.452712,0.000099
1030,尤里卡,1204,叠角龙,0.559222,0.000062
1152,任务：钢化你心,1237,质变：黄金阶,0.50148,0.000841
1028,侵蚀,1402,属性叠属性叠属性！,0.517813,0.000025
1141,全心为你,1243,质变：混沌,0.465051,0.000071
1321,砍伤,1390,超凡邪恶,0.474629,0.000121
1064,坚韧,1319,升级：献祭,0.487908,0.001143
1332,不祥契约,1341,帽上加帽,0.472355,0.000326
1063,狂徒豪气,1104,仆从大师,0.479876,0.000012
1041,歌利亚巨人,1348,闪闪现现,0.462436,0.000076
1194,精怪魔法,1349,终极唤醒,0.456871,0.000157
1064,坚韧,1198,圣火,0.453124,0.000316
1333,逃跑计划,1347,吵闹鬼,0.517412,0.000065
1237,质变：黄金阶,1334,升级：雪球,0.502658,0.000333
1070,无休回复,1208,轨道镭射,0.481567,0.000029
1018,巨像的勇气,1098,急急小子,0.452253,0.000046
1002,尖端发明家,1023,魔鬼之舞,0.496053,0.000366
1318,升级：中娅,1337,尊我为王,0.522666,0.000061
1036,火上浇油,1384,捐赠,0.507793,0.000206
1034,防护面纱,1194,精怪魔法,0.471582,0.00008
1331,至高天诺言,2003,魄罗之王的弹跳,1,0
1030,尤里卡,1327,坚若磐石,0.472196,0.000243
1041,歌利亚巨人,1118,会心治疗,0.482266,0.001632
1180,超强大脑,1391,红包,0.559226,0.000169
1129,神射法师,1151,面包和奶酪,0.480445,0.000475
1320,升级：收集者,1373,缩小引擎,0.483,0.000814
1405,速度恶魔,1409,魄罗爆破手,0.501443,0.000499
1027,大地苏醒,1080,会心防御,0.504426,0.000037
1072,炽烈黎明,2001,当心小蛋糕！,0.481222,0.000027
1154,任务：海牛阿福的勇士,1250,一板一眼,0.478992,0.000132
1095,风语者的祝福,1424,???,0.52649,0.000003
1053,科学狂人,1068,循环往复,0.530202,0.000363
1133,魔法飞弹,1321,砍伤,0.460737,0.000099
1316,刃下生风,1336,升级：无尽之刃,0.48349,0.000203
1013,星界躯体,1052,闪电打击,0.468569,0.000183
1075,慢炖,1405,速度恶魔,0.494774,0.000173
1023,魔鬼之舞,1085,折磨者,0.472717,0.000059
1019,全凭身法,1061,回力OK镖,0.493601,0.000057
1301,神圣干预,1386,转得我眩晕了,0.443633,0.000002
1151,面包和奶酪,1250,一板一眼,0.477203,0.000331
1053,科学狂人,1373,缩小引擎,0.541004,0.00021
1088,终极刷新,1332,不祥契约,0.455453,0.000066
1026,唯快不破,1211,杀戮时间到了,0.493612,0.000168
1088,终极刷新,1181,重量级打击手,0.465901,0.000246
1095,风语者的祝福,1358,弹球,0.466744,0.00002
1092,易损,1170,万用瞄准镜,0.481297,0.0005
1332,不祥契约,1413,和我一起困在这里,0.443044,0.000002
0,无符文,1028,侵蚀,0.586035,0.012117
1068,循环往复,1373,缩小引擎,0.509763,0.000622
1134,亮出你的剑,1373,缩小引擎,0.571705,0.000213
1056,由心及物,1133,魔法飞弹,0.522258,0.002037
1056,由心及物,1361,任务：艾卡西亚的陷落,0.540418,0.00009
1141,全心为你,1404,属性！,0.497542,0.000011
1187,闪光弹,12317,潘朵拉的盒子,0.606838,0
1080,会心防御,1081,踢踏舞,0.506732,0.000215
1009,霸符兄弟,1405,速度恶魔,0.515935,0.000116
1097,巫师式思考,1348,闪闪现现,0.459165,0.000055
1088,终极刷新,1195,巨人杀手,0.501357,0.000288
1069,退敌力场,1134,亮出你的剑,0.511372,0.000044
1320,升级：收集者,1331,至高天诺言,0.399772,0.000004
1080,会心防御,1335,夺金,0.49304,0.000044
1138,渴血,1317,升级：弯刀,0.443654,0.000016
1074,缩小射线,1301,神圣干预,0.442174,0.000142
1116,闪现向前,1421,舞会女王,0.498772,0.000019
1075,慢炖,1313,作弊：我能回城！,0.511375,0.000776
1070,无休回复,1237,质变：黄金阶,0.50995,0.000202
1095,风语者的祝福,1397,地狱三头犬,0.464966,0.000022
1414,卡皮巴拉空投,2009,狂热者,0.437512,0.000021
1361,任务：艾卡西亚的陷落,1403,属性叠属性！,0.556479,0.000047
1072,炽烈黎明,1384,捐赠,0.500728,0.000049
1044,冰寒,1330,活力再生,0.441213,0.000019
1048,珠光护手,1313,作弊：我能回城！,0.482889,0.001338
1034,防护面纱,12317,潘朵拉的盒子,0.501575,0
1027,大地苏醒,1098,急急小子,0.477081,0.000036
1036,火上浇油,1404,属性！,0.515183,0.000046
1151,面包和奶酪,1372,小猫咪找妈妈,0.495118,0.000047
1018,巨像的勇气,1056,由心及物,0.466792,0.000274
1085,折磨者,1087,台风,0.438885,0.000014
1020,黎明使者的坚决,1195,巨人杀手,0.52743,0.000255
1045,炼狱导管,2004,信念者的强化,0.470556,0.000012
1220,连拨击锤,1315,快中求稳,0.514489,0.000165
1054,物法皆修,1420,咏叹奏鸣,0.490109,0.00007
1045,炼狱导管,1313,作弊：我能回城！,0.51761,0.000934
1006,利刃华尔兹,1030,尤里卡,0.475294,0.000109
1243,质变：混沌,1424,???,0.458439,0.000005
1195,巨人杀手,1329,史上最大雪球,0.516149,0.000265
1194,精怪魔法,1328,暴击律动,0.461008,0.000113
1011,你摸不到,1116,闪现向前,0.445369,0.000026
1996,升级：耀光,2006,飞身踢,0.482998,0.000117
1379,未知符文_1379,2016,注魔,0.442228,0.000001
1424,???,2016,注魔,0.450263,0.000007
1301,神圣干预,1406,祖母的辣椒油,0.521039,0.000221
1138,渴血,1301,神圣干预,0.478888,0.000318
1198,圣火,1347,吵闹鬼,0.44316,0.000017
1082,残暴之力,1356,暴击飞弹,0.487302,0.00009
1087,台风,1334,升级：雪球,0.448217,0.000117
1103,面包和黄油,1327,坚若磐石,0.455454,0.000222
1341,帽上加帽,1404,属性！,0.548403,0.000057
1208,轨道镭射,1316,刃下生风,0.451708,0.000011
1023,魔鬼之舞,1136,扇巴掌,0.508045,0.000332
1071,更万用的瞄准镜,1397,地狱三头犬,0.485872,0.000866
1151,面包和奶酪,1319,升级：献祭,0.472575,0.000155
1071,更万用的瞄准镜,1336,升级：无尽之刃,0.531399,0.00219
1071,更万用的瞄准镜,2008,负重爆气,0.472852,0.000246
1044,冰寒,1195,巨人杀手,0.548524,0.001702
1026,唯快不破,1154,任务：海牛阿福的勇士,0.535459,0.000039
1004,回归基本功,1046,炼狱龙魂,0.525085,0.000369
1098,急急小子,2010,双发快射,0.45781,0.000029
1036,火上浇油,1107,接二连三,0.495896,0.001446
1006,利刃华尔兹,1133,魔法飞弹,0.451773,0.000224
1037,急救用具,1424,???,0.486255,0.00002
1060,海洋龙魂,1107,接二连三,0.480965,0.000208
1080,会心防御,1327,坚若磐石,0.44493,0.000032
1052,闪电打击,1187,闪光弹,0.470106,0.000062
1079,战争交响乐,1353,坦克引擎,0.478318,0.000589
1136,扇巴掌,1154,任务：海牛阿福的勇士,0.480683,0.000106
1414,卡皮巴拉空投,1421,舞会女王,0.459921,0.000008
1063,狂徒豪气,1070,无休回复,0.541224,0.000159
1029,虚幻武器,1095,风语者的祝福,0.457543,0.000103
1151,面包和奶酪,1415,双生火焰,0.479407,0.000153
1048,珠光护手,1077,灵魂虹吸,0.500345,0.003058
1136,扇巴掌,1237,质变：黄金阶,0.504371,0.000458
1013,星界躯体,1314,强力护盾,0.462845,0.000339
1022,灵巧,1030,尤里卡,0.470196,0.000179
1118,会心治疗,1334,升级：雪球,0.458795,0.000276
1095,风语者的祝福,1198,圣火,0.505078,0.000305
1047,关键暴击,1133,魔法飞弹,0.468408,0.000528
1129,神射法师,1416,海克斯科技龙魂,0.471036,0.000104
1025,俯冲轰炸,1328,暴击律动,0.480766,0.000122
1081,踢踏舞,1346,吸血习性,0.547564,0.002888
1013,星界躯体,1085,折磨者,0.469359,0.000519
1013,星界躯体,1205,物理转魔法,0.465107,0.000493
1023,魔鬼之舞,1375,吞噬灵魂,0.490161,0.000203
1050,基石法师,1332,不祥契约,0.483567,0.000188
1347,吵闹鬼,1358,弹球,1,0
1156,任务：沃格勒特的巫师帽,1319,升级：献祭,0.4576,0.000031
1067,古式佳酿,1073,暗影疾奔,0.534671,0.000433
1332,不祥契约,1390,超凡邪恶,0.483467,0.000584
1334,升级：雪球,1397,地狱三头犬,0.452139,0.000061
1082,残暴之力,1349,终极唤醒,0.461454,0.000211
1042,恶趣味,1047,关键暴击,0.442301,0.000034
1314,强力护盾,1347,吵闹鬼,0.428846,0.00001
1332,不祥契约,2008,负重爆气,0.469508,0.000159
1069,退敌力场,1301,神圣干预,0.439469,0.000061
1052,闪电打击,1375,吞噬灵魂,0.469415,0.000087
1220,连拨击锤,1330,活力再生,0.444617,0.000236
1038,有始有终,1220,连拨击锤,0.468877,0.000284
1116,闪现向前,1315,快中求稳,0.504329,0.000039
1002,尖端发明家,1250,一板一眼,0.437423,0.000236
1032,裁决使,1388,无限循环往复,0.480486,0.001283
1054,物法皆修,1098,急急小子,0.443707,0.00007
1152,任务：钢化你心,1310,小丑学院,0.486349,0.000439
1308,火狐,1361,任务：艾卡西亚的陷落,0.554517,0.000074
1029,虚幻武器,1052,闪电打击,0.49159,0.000618
1015,死亡之环,1347,吵闹鬼,0.446728,0.000018
1086,精准奇才,2008,负重爆气,0.462499,0.00014
1011,你摸不到,1082,残暴之力,0.452347,0.000138
1085,折磨者,1316,刃下生风,0.433288,0.000009
1095,风语者的祝福,1187,闪光弹,0.449174,0.000009
1391,红包,2004,信念者的强化,0.503861,0.000029
1028,侵蚀,1087,台风,0.491812,0.000128
0,无符文,1341,帽上加帽,0.569262,0.020954
1319,升级：献祭,1406,祖母的辣椒油,0.518855,0.000287
1170,万用瞄准镜,1403,属性叠属性！,0.531215,0.000096
1082,残暴之力,1353,坦克引擎,0.477667,0.000632
1154,任务：海牛阿福的勇士,1390,超凡邪恶,0.47789,0.000136
1194,精怪魔法,1243,质变：混沌,0.476834,0.000162
1187,闪光弹,2010,双发快射,0.494297,0
1180,超强大脑,1243,质变：混沌,0.492754,0.000251
1028,侵蚀,1391,红包,0.557166,0.000178
1092,易损,1384,捐赠,0.520756,0.000345
1134,亮出你的剑,1424,???,0.501203,0.000004
1075,慢炖,1421,舞会女王,0.507986,0.000058
1006,利刃华尔兹,1150,面包和果酱,0.443789,0.000166
1198,圣火,12317,潘朵拉的盒子,0.480263,0
1060,海洋龙魂,1339,激光治疗,0.476142,0.000038
1195,巨人杀手,1324,蛋白粉奶昔,0.501769,0.000094
1036,火上浇油,2024,由暴生急,0.447019,0.000059
1214,旋转至胜,1402,属性叠属性叠属性！,0.53899,0.000013
1015,死亡之环,1026,唯快不破,0.472606,0.000021
1006,利刃华尔兹,1170,万用瞄准镜,0.455163,0.000234
1022,灵巧,1424,???,0.46077,0.000025
1115,最万用的瞄准镜,1339,激光治疗,0.414425,0.000007
1044,冰寒,1187,闪光弹,0.460541,0.000017
1076,天音爆,1220,连拨击锤,0.449028,0.000013
1080,会心防御,1322,罪恶快感,0.502465,0.000389
1044,冰寒,1384,捐赠,0.524373,0.000469
1020,黎明使者的坚决,1353,坦克引擎,0.502948,0.001747
1133,魔法飞弹,1322,罪恶快感,0.471416,0.000702
1195,巨人杀手,1405,速度恶魔,0.532951,0.000941
1087,台风,2024,由暴生急,0.447169,0.000072
1076,天音爆,2003,魄罗之王的弹跳,0.467077,0.000007
1325,玻璃大炮,1424,???,0.431321,0.000003
1316,刃下生风,2024,由暴生急,0.454673,0.000024
0,无符文,1036,火上浇油,0.585732,0.019496
1388,无限循环往复,1421,舞会女王,0.519133,0.000032
1356,暴击飞弹,2001,当心小蛋糕！,0.521266,0.000083
1328,暴击律动,1334,升级：雪球,0.456184,0.000068
1092,易损,1237,质变：黄金阶,0.500316,0.000439
1019,全凭身法,1060,海洋龙魂,0.504618,0.0002
1181,重量级打击手,1406,祖母的辣椒油,0.505902,0.00028
1996,升级：耀光,2024,由暴生急,0.481959,0.000098
1023,魔鬼之舞,1141,全心为你,0.433083,0.000004
1095,风语者的祝福,1116,闪现向前,0.465599,0.000011
1141,全心为你,1400,最终都市列车,0.457927,0.000022
1405,速度恶魔,1416,海克斯科技龙魂,0.491574,0.000103
1151,面包和奶酪,1346,吸血习性,0.514751,0.001592
1413,和我一起困在这里,2024,由暴生急,0.437397,0.000004
1052,闪电打击,1349,终极唤醒,0.454264,0.000158
1104,仆从大师,1342,雪球扭蛋机,0.484203,0.000017
1088,终极刷新,1118,会心治疗,0.44202,0.000204
1170,万用瞄准镜,1347,吵闹鬼,0.466464,0.000066
1220,连拨击锤,1386,转得我眩晕了,0.406598,0.000003
1141,全心为你,1195,巨人杀手,0.489905,0.000081
1305,练腿日,1353,坦克引擎,0.504839,0.001098
1061,回力OK镖,1107,接二连三,0.457919,0.000118
1018,巨像的勇气,1022,灵巧,0.458543,0.000043
1068,循环往复,1088,终极刷新,0.469525,0.000396
1390,超凡邪恶,1413,和我一起困在这里,0.465813,0.000049
1150,面包和果酱,1392,神圣雪球,0.429797,0.000027
1013,星界躯体,1328,暴击律动,0.473691,0.000062
1138,渴血,1340,升级：米凯尔的祝福,0.466874,0.000007
0,无符文,1332,不祥契约,0.570975,0.008016
1313,作弊：我能回城！,1392,神圣雪球,0.444715,0.000044
1154,任务：海牛阿福的勇士,1322,罪恶快感,0.504389,0.000228
1346,吸血习性,1388,无限循环往复,0.51793,0.001545
1041,歌利亚巨人,2006,飞身踢,0.527665,0.000626
1320,升级：收集者,1321,砍伤,0.470019,0.000163
1316,刃下生风,1397,地狱三头犬,0.457989,0.00007
1032,裁决使,1036,火上浇油,0.467525,0.001032
1011,你摸不到,1136,扇巴掌,0.456914,0.000106
1104,仆从大师,1316,刃下生风,0.472364,0.000017
1045,炼狱导管,2007,你肩上的恶魔,0.455208,0.000033
1028,侵蚀,1356,暴击飞弹,0.516653,0.00004
1301,神圣干预,2009,狂热者,0.477706,0.000054
1045,炼狱导管,1141,全心为你,0.457566,0.000099
1092,易损,1403,属性叠属性！,0.536779,0.000121
1051,点亮他们！,1066,量子计算,0.459101,0.000051
1030,尤里卡,1108,自我毁灭,0.502409,0.000295
1038,有始有终,1045,炼狱导管,0.540402,0.001438
1082,残暴之力,2010,双发快射,0.473192,0.000128
1085,折磨者,1411,升级：荆棘之甲,0.517866,0.000045
1103,面包和黄油,1204,叠角龙,0.529997,0.000051
1036,火上浇油,1141,全心为你,0.443819,0.000026
1345,心灵净化,1404,属性！,0.501797,0.000094
1220,连拨击锤,1225,双刀流,0.505226,0.001091
1066,量子计算,1092,易损,0.465069,0.000133
1007,大力,1391,红包,0.588884,0.00023
12317,潘朵拉的盒子,1416,海克斯科技龙魂,0.49969,0
1069,退敌力场,1138,渴血,0.464631,0.000169
1330,活力再生,1418,砸开那颗蛋,0.391304,0
1335,夺金,1356,暴击飞弹,0.517186,0.000046
1084,穿针引线,1379,未知符文_1379,0.423988,0.000003
1054,物法皆修,1069,退敌力场,0.425757,0.000052
1011,你摸不到,1037,急救用具,0.434304,0.000043
1345,心灵净化,1397,地狱三头犬,0.447474,0.000203
1079,战争交响乐,1391,红包,0.543204,0.000248
1054,物法皆修,1225,双刀流,0.531686,0.000341
1092,易损,1194,精怪魔法,0.478154,0.000187
1180,超强大脑,1338,升级：狂妄,0.435371,0.000015
1095,风语者的祝福,1206,魔法转物理,0.473055,0.000029
1243,质变：混沌,1347,吵闹鬼,0.468861,0.000139
1317,升级：弯刀,1347,吵闹鬼,0.396226,0.000001
1052,闪电打击,1390,超凡邪恶,0.48083,0.000224
1079,战争交响乐,1335,夺金,0.473527,0.000035
1198,圣火,1214,旋转至胜,0.494721,0.000021
1092,易损,1326,夜狩,0.45633,0.00034
1092,易损,1392,神圣雪球,0.449219,0.000038
1026,唯快不破,1361,任务：艾卡西亚的陷落,0.520345,0.000007
1080,会心防御,1411,升级：荆棘之甲,0.516125,0.000013
1301,神圣干预,2008,负重爆气,0.486862,0.000149
1316,刃下生风,2001,当心小蛋糕！,0.534407,0.000083
1054,物法皆修,1061,回力OK镖,0.44475,0.000061
1047,关键暴击,1077,灵魂虹吸,0.488343,0.000741
1105,家园卫士,1328,暴击律动,0.527432,0.000341
1092,易损,1330,活力再生,0.475157,0.00012
1313,作弊：我能回城！,1379,未知符文_1379,0.451837,0.000003
1079,战争交响乐,1344,最终形态,0.491001,0.000242
1339,激光治疗,1353,坦克引擎,0.469256,0.00011
1321,砍伤,1409,魄罗爆破手,0.466414,0.000062
1047,关键暴击,2007,你肩上的恶魔,0.428791,0.000023
1035,感受燃烧,1118,会心治疗,0.482454,0.000213
1238,质变：棱彩阶,1392,神圣雪球,0.497255,0.00008
1151,面包和奶酪,1418,砸开那颗蛋,0.506994,0.000006
1152,任务：钢化你心,1328,暴击律动,0.444149,0.000127
1057,山脉龙魂,1060,海洋龙魂,0.489205,0.000157
1080,会心防御,1323,残忍,0.464481,0.000037
1311,溢流,1331,至高天诺言,0.470319,0.000085
1088,终极刷新,2010,双发快射,0.450977,0.000033
1015,死亡之环,1108,自我毁灭,0.490048,0.000141
1250,一板一眼,1413,和我一起困在这里,0.438471,0.000016
1004,回归基本功,1319,升级：献祭,0.502397,0.000081
1116,闪现向前,1314,强力护盾,0.452166,0.000018
1019,全凭身法,1138,渴血,0.497183,0.001013
1029,虚幻武器,1332,不祥契约,0.480616,0.000205
1075,慢炖,2005,扳机炼狱,0.468636,0.000017
1156,任务：沃格勒特的巫师帽,1384,捐赠,0.533652,0.000408
1330,活力再生,1331,至高天诺言,0.423739,0.000001
1149,不动如山,1389,男爵之手,0.494735,0.000007
1344,最终形态,1400,最终都市列车,0.528606,0.000258
1047,关键暴击,1087,台风,0.475671,0.000451
1346,吸血习性,2007,你肩上的恶魔,0.469882,0.000235
1080,会心防御,2003,魄罗之王的弹跳,0.475412,0.000015
1348,闪闪现现,1391,红包,0.522297,0
1086,精准奇才,1305,练腿日,0.482233,0.000075
1072,炽烈黎明,1088,终极刷新,0.459471,0.00006
1064,坚韧,1152,任务：钢化你心,0.495609,0.003773
1095,风语者的祝福,1339,激光治疗,0.528192,0.000046
1346,吸血习性,2006,飞身踢,0.483836,0.000939
1060,海洋龙魂,1081,踢踏舞,0.499323,0.000233
1045,炼狱导管,1329,史上最大雪球,0.479429,0.000167
1141,全心为你,1204,叠角龙,0.517423,0.000003
1092,易损,1134,亮出你的剑,0.599125,0.00033
1341,帽上加帽,2016,注魔,0.464261,0.000054
1074,缩小射线,1356,暴击飞弹,0.488984,0.000226
1112,终极不可阻挡,1243,质变：混沌,0.469725,0.000236
1023,魔鬼之舞,1250,一板一眼,0.480369,0.000209
1138,渴血,1342,雪球扭蛋机,0.492499,0.000409
1027,大地苏醒,1082,残暴之力,0.486581,0.000118
1061,回力OK镖,1211,杀戮时间到了,0.492716,0.000178
1087,台风,1116,闪现向前,0.464481,0.000046
1107,接二连三,1313,作弊：我能回城！,0.471959,0.000499
1088,终极刷新,1314,强力护盾,0.433228,0.000064
1030,尤里卡,1384,捐赠,0.541892,0.000851
1087,台风,2016,注魔,0.44426,0.000024
1002,尖端发明家,1045,炼狱导管,0.47634,0.000551
1402,属性叠属性叠属性！,1424,???,0.471623,0.000002
1007,大力,1071,更万用的瞄准镜,0.524492,0.000926
1095,风语者的祝福,1108,自我毁灭,0.481631,0.000101
1051,点亮他们！,1069,退敌力场,0.467018,0.000046
1069,退敌力场,1418,砸开那颗蛋,0.470731,0.000001
1071,更万用的瞄准镜,1170,万用瞄准镜,0.505149,0.004168
1079,战争交响乐,2006,飞身踢,0.470057,0.000072
1326,夜狩,1403,属性叠属性！,0.512347,0.000103
1156,任务：沃格勒特的巫师帽,1337,尊我为王,0.536798,0.000074
1007,大力,1349,终极唤醒,0.490065,0.000141
1004,回归基本功,1301,神圣干预,0.49459,0.000071
1015,死亡之环,2009,狂热者,0.463198,0.000034
1073,暗影疾奔,1330,活力再生,0.514455,0.000039
1075,慢炖,1156,任务：沃格勒特的巫师帽,0.442086,0.00003
1054,物法皆修,2026,杀意翻涌,0.438481,0.00004
1324,蛋白粉奶昔,1388,无限循环往复,0.482235,0.000062
1341,帽上加帽,1390,超凡邪恶,0.490761,0.001747
1345,心灵净化,1414,卡皮巴拉空投,0.433015,0.000063
1015,死亡之环,1301,神圣干预,0.479761,0.000113
1042,恶趣味,1397,地狱三头犬,0.452504,0.000018
1326,夜狩,1333,逃跑计划,0.513244,0.000455
1098,急急小子,2024,由暴生急,0.457662,0.000034
1064,坚韧,1208,轨道镭射,0.463639,0.00007
1045,炼狱导管,1358,弹球,0.478207,0.000132
1067,古式佳酿,1310,小丑学院,0.520184,0.000363
1019,全凭身法,1331,至高天诺言,0.427594,0.000002
1088,终极刷新,2016,注魔,0.456475,0.000024
1154,任务：海牛阿福的勇士,1379,未知符文_1379,0.473727,0
1075,慢炖,1418,砸开那颗蛋,0.470247,0.000003
1015,死亡之环,1156,任务：沃格勒特的巫师帽,0.468171,0.000055
1133,魔法飞弹,1411,升级：荆棘之甲,0.503655,0.000033
1006,利刃华尔兹,1056,由心及物,0.472071,0.000092
1406,祖母的辣椒油,1424,???,0.49838,0.000047
1195,巨人杀手,1311,溢流,0.550367,0.001919
1002,尖端发明家,1356,暴击飞弹,0.448859,0.000049
1030,尤里卡,1324,蛋白粉奶昔,0.457286,0.000086
1341,帽上加帽,1420,咏叹奏鸣,0.547865,0.000161
1030,尤里卡,2006,飞身踢,0.484367,0.000123
1009,霸符兄弟,1077,灵魂虹吸,0.509592,0.000196
1076,天音爆,1321,砍伤,0.445649,0.000009
1322,罪恶快感,1353,坦克引擎,0.489752,0.001195
1330,活力再生,2018,纯粹主义者 - 术师,0.412644,0.000007
1315,快中求稳,1328,暴击律动,0.531051,0.00018
1072,炽烈黎明,1105,家园卫士,0.523869,0.000072
1009,霸符兄弟,1194,精怪魔法,0.485559,0.000095
1069,退敌力场,1074,缩小射线,0.438809,0.000103
1138,渴血,1308,火狐,0.530267,0.000118
1154,任务：海牛阿福的勇士,2005,扳机炼狱,0.466735,0.000008
1080,会心防御,1340,升级：米凯尔的祝福,0.51072,0.000011
1195,巨人杀手,1424,???,0.497549,0.000024
1072,炽烈黎明,1187,闪光弹,0.453447,0.000013
1060,海洋龙魂,1313,作弊：我能回城！,0.500508,0.000439
1039,冰霜 幽灵,1337,尊我为王,0.500343,0.000061
1029,虚幻武器,1069,退敌力场,0.443766,0.000093
1308,火狐,1414,卡皮巴拉空投,0.474895,0.000041
1134,亮出你的剑,1308,火狐,0.538765,0.000015
1004,回归基本功,1415,双生火焰,0.502168,0.000083
1129,神射法师,1400,最终都市列车,0.50823,0.000213
1047,关键暴击,2026,杀意翻涌,0.468897,0.000071
1067,古式佳酿,1205,物理转魔法,0.517989,0.000977
1112,终极不可阻挡,1318,升级：中娅,0.456893,0.000112
1225,双刀流,1333,逃跑计划,0.599199,0.000774
1064,坚韧,1321,砍伤,0.474412,0.000535
1034,防护面纱,1331,至高天诺言,0.4643,0.000015
1250,一板一眼,1401,生机迸发,0.462927,0.000059
1054,物法皆修,1400,最终都市列车,0.461749,0.000053
1076,天音爆,1356,暴击飞弹,0.469155,0.000012
1329,史上最大雪球,1384,捐赠,0.503026,0.000148
1330,活力再生,2009,狂热者,0.460103,0.000046
1066,量子计算,1250,一板一眼,0.477168,0.000203
1211,杀戮时间到了,1335,夺金,0.487678,0.00016
1045,炼狱导管,1345,心灵净化,0.507332,0.001383
1074,缩小射线,1170,万用瞄准镜,0.460397,0.000738
1098,急急小子,1409,魄罗爆破手,0.501638,0.000112
1060,海洋龙魂,1413,和我一起困在这里,0.494,0.000011
1063,狂徒豪气,1342,雪球扭蛋机,0.500386,0.000107
1358,弹球,1379,未知符文_1379,0.39686,0.000001
1045,炼狱导管,2026,杀意翻涌,0.495112,0.000063
1042,恶趣味,1413,和我一起困在这里,0.473026,0.000014
0,无符文,1133,魔法飞弹,0.615807,0.066481
1035,感受燃烧,2010,双发快射,0.466272,0.000019
1205,物理转魔法,1342,雪球扭蛋机,0.476962,0.0004
1071,更万用的瞄准镜,1134,亮出你的剑,0.61526,0.001489
1311,溢流,1400,最终都市列车,0.518857,0.000256
1022,灵巧,1050,基石法师,0.465451,0.000081
1022,灵巧,1063,狂徒豪气,0.540838,0.000451
1066,量子计算,1118,会心治疗,0.472119,0.000302
1316,刃下生风,1413,和我一起困在这里,0.463244,0.000008
1181,重量级打击手,1414,卡皮巴拉空投,0.452683,0.00005
1095,风语者的祝福,1214,旋转至胜,0.485727,0.00002
1070,无休回复,1421,舞会女王,0.521816,0.000033
1150,面包和果酱,1373,缩小引擎,0.491745,0.000248
1141,全心为你,1337,尊我为王,0.501461,0.000013
1333,逃跑计划,1388,无限循环往复,0.535113,0.000303
1103,面包和黄油,1411,升级：荆棘之甲,0.503259,0.000051
1081,踢踏舞,2008,负重爆气,0.462809,0.000176
1084,穿针引线,1141,全心为你,0.432389,0.00005
1034,防护面纱,1054,物法皆修,0.458482,0.000086
1361,任务：艾卡西亚的陷落,2026,杀意翻涌,0.534533,0.000025
1061,回力OK镖,1097,巫师式思考,0.513346,0.000241
1039,冰霜 幽灵,1332,不祥契约,0.447298,0.000066
1041,歌利亚巨人,1105,家园卫士,0.504664,0.000341
1027,大地苏醒,1314,强力护盾,0.498174,0.000057
1034,防护面纱,1305,练腿日,0.498037,0.000114
1195,巨人杀手,1214,旋转至胜,0.55199,0.000307
2001,当心小蛋糕！,2002,虚空裂隙,0.505723,0.000069
1084,穿针引线,2005,扳机炼狱,0.441258,0.000154
1006,利刃华尔兹,1301,神圣干预,0.451305,0.000141
0,无符文,2008,负重爆气,0.594897,0.018482
1098,急急小子,1317,升级：弯刀,0.413131,0.000004
1204,叠角龙,1322,罪恶快感,0.521281,0.000028
1098,急急小子,1151,面包和奶酪,0.485317,0.000198
1042,恶趣味,1116,闪现向前,0.463359,0.000022
1187,闪光弹,1321,砍伤,0.482435,0.000048
1058,秘术冲拳,1338,升级：狂妄,0.467299,0.000858
1037,急救用具,1332,不祥契约,0.447382,0.000094
1316,刃下生风,2026,杀意翻涌,0.480457,0.00007
1048,珠光护手,1335,夺金,0.502952,0.000193
1069,退敌力场,1156,任务：沃格勒特的巫师帽,0.461149,0.000106
1018,巨像的勇气,1052,闪电打击,0.44078,0.000025
1039,冰霜 幽灵,1403,属性叠属性！,0.518304,0.000048
1039,冰霜 幽灵,1400,最终都市列车,0.526003,0.000227
1084,穿针引线,1181,重量级打击手,0.473334,0.000366
1048,珠光护手,1331,至高天诺言,0.43897,0.000015
1039,冰霜 幽灵,1211,杀戮时间到了,0.448689,0.000193
1028,侵蚀,12317,潘朵拉的盒子,0.494945,0.000001
1338,升级：狂妄,2016,注魔,0.46336,0.000045
1336,升级：无尽之刃,2026,杀意翻涌,0.493345,0.000142
1344,最终形态,1389,男爵之手,0.537331,0.000009
1022,灵巧,1066,量子计算,0.477157,0.000197
1339,激光治疗,1400,最终都市列车,0.463384,0.000009
1076,天音爆,1328,暴击律动,0.455852,0.000015
1386,转得我眩晕了,2001,当心小蛋糕！,0.490436,0.000003
1035,感受燃烧,1075,慢炖,0.49627,0.000144
1011,你摸不到,1097,巫师式思考,0.456907,0.00017
1038,有始有终,1316,刃下生风,0.517992,0.000276
1069,退敌力场,1154,任务：海牛阿福的勇士,0.451956,0.000034
1034,防护面纱,1057,山脉龙魂,0.464481,0.000056
1113,老练狙神,1316,刃下生风,0.456719,0.000214
1085,折磨者,1409,魄罗爆破手,0.512142,0.000084
1025,俯冲轰炸,1341,帽上加帽,0.487873,0.000241
1373,缩小引擎,2026,杀意翻涌,0.491142,0.000205
1392,神圣雪球,2026,杀意翻涌,0.448954,0.000043
1039,冰霜 幽灵,1057,山脉龙魂,0.470843,0.000194
1118,会心治疗,1373,缩小引擎,0.502162,0.000534
1154,任务：海牛阿福的勇士,1208,轨道镭射,0.461452,0.000008
1044,冰寒,1062,全能龙魂,0.521237,0.000244
1054,物法皆修,1390,超凡邪恶,0.463007,0.001237
1204,叠角龙,1318,升级：中娅,0.450142,0
1087,台风,1356,暴击飞弹,0.504392,0.0016
1050,基石法师,1346,吸血习性,0.52697,0.000728
1214,旋转至胜,1356,暴击飞弹,0.498028,0.000012
1009,霸符兄弟,1356,暴击飞弹,0.512757,0.000063
1022,灵巧,1211,杀戮时间到了,0.481774,0.000479
1064,坚韧,1074,缩小射线,0.449114,0.000246
1208,轨道镭射,1325,玻璃大炮,0.453538,0.000051
1042,恶趣味,1336,升级：无尽之刃,0.443494,0.000018
1084,穿针引线,1129,神射法师,0.467708,0.001184
1064,坚韧,1103,面包和黄油,0.465377,0.000572
1062,全能龙魂,1068,循环往复,0.521942,0.000305
1039,冰霜 幽灵,1315,快中求稳,0.489412,0.000074
1095,风语者的祝福,2003,魄罗之王的弹跳,0.476854,0.000006
1372,小猫咪找妈妈,1391,红包,0.511968,0.000022
1340,升级：米凯尔的祝福,1375,吞噬灵魂,0.497096,0.000014
1104,仆从大师,2005,扳机炼狱,0.436353,0.000004
1107,接二连三,1338,升级：狂妄,0.452108,0.000567
1375,吞噬灵魂,1418,砸开那颗蛋,0.482488,0.000008
1045,炼狱导管,1204,叠角龙,0.537248,0.000053
1079,战争交响乐,1996,升级：耀光,0.484935,0.000269
1095,风语者的祝福,1103,面包和黄油,0.475787,0.000125
1344,最终形态,1405,速度恶魔,0.499228,0.000297
1082,残暴之力,2007,你肩上的恶魔,0.433424,0.000034
1030,尤里卡,1069,退敌力场,0.481013,0.000237
1066,量子计算,1325,玻璃大炮,0.464829,0.000079
1243,质变：混沌,1358,弹球,0.497586,0.000078
1013,星界躯体,1332,不祥契约,0.448584,0.000169
1046,炼狱龙魂,1353,坦克引擎,0.483534,0.000924
12317,潘朵拉的盒子,1329,史上最大雪球,0.542887,0
1068,循环往复,1156,任务：沃格勒特的巫师帽,0.512274,0.000903
1062,全能龙魂,1347,吵闹鬼,0.483724,0.000032
1046,炼狱龙魂,1086,精准奇才,0.459418,0.000251
1036,火上浇油,1238,质变：棱彩阶,0.503611,0.000952
1105,家园卫士,1330,活力再生,0.513919,0.000057
1004,回归基本功,2006,飞身踢,0.512034,0.00005
1358,弹球,1373,缩小引擎,0.479591,0.000165
1097,巫师式思考,1346,吸血习性,0.522878,0.001972
1136,扇巴掌,2001,当心小蛋糕！,0.495324,0.000287
1007,大力,1403,属性叠属性！,0.56759,0.000061
1405,速度恶魔,2009,狂热者,0.486363,0.000166
1007,大力,1341,帽上加帽,0.446286,0.00001
1320,升级：收集者,1416,海克斯科技龙魂,0.476926,0.000128
1032,裁决使,1105,家园卫士,0.516744,0.001139
1406,祖母的辣椒油,1414,卡皮巴拉空投,0.479429,0.000074
1325,玻璃大炮,1330,活力再生,0.425991,0.000039
1194,精怪魔法,1334,升级：雪球,0.465525,0.000093
1079,战争交响乐,1113,老练狙神,0.421831,0.000192
1204,叠角龙,1205,物理转魔法,0.511504,0.000031
1032,裁决使,1075,慢炖,0.489759,0.000678
2002,虚空裂隙,2010,双发快射,0.450695,0.000019
1067,古式佳酿,2004,信念者的强化,0.487499,0.000026
1333,逃跑计划,2009,狂热者,0.543282,0.000119
1237,质变：黄金阶,1421,舞会女王,0.559163,0.000038
1081,踢踏舞,1388,无限循环往复,0.485353,0.000684
1047,关键暴击,1115,最万用的瞄准镜,0.48301,0.000581
1061,回力OK镖,1411,升级：荆棘之甲,0.543858,0.000025
1116,闪现向前,1187,闪光弹,0.480679,0.000075
1113,老练狙神,1413,和我一起困在这里,0.442528,0.000005
1063,狂徒豪气,1332,不祥契约,0.482493,0.000061
1103,面包和黄油,1326,夜狩,0.444239,0.000505
1086,精准奇才,2010,双发快射,0.436664,0.000036
1068,循环往复,1170,万用瞄准镜,0.47363,0.000406
1072,炽烈黎明,1358,弹球,0.451941,0.000019
1067,古式佳酿,1104,仆从大师,0.506796,0.000051
1136,扇巴掌,1181,重量级打击手,0.513157,0.001373
1134,亮出你的剑,1301,神圣干预,0.541369,0.000063
1373,缩小引擎,2009,狂热者,0.498805,0.000412
1250,一板一眼,1319,升级：献祭,0.474155,0.000089
1314,强力护盾,2001,当心小蛋糕！,0.485816,0.000042
1071,更万用的瞄准镜,1311,溢流,0.469066,0.000295
1064,坚韧,1400,最终都市列车,0.489652,0.000264
1074,缩小射线,1323,残忍,0.449864,0.000071
1064,坚韧,1113,老练狙神,0.479858,0.00011
1038,有始有终,1071,更万用的瞄准镜,0.512466,0.000691
1027,大地苏醒,1402,属性叠属性叠属性！,0.524558,0.000007
1088,终极刷新,1390,超凡邪恶,0.472406,0.000356
1045,炼狱导管,1079,战争交响乐,0.470849,0.000108
1181,重量级打击手,1194,精怪魔法,0.466114,0.000109
1002,尖端发明家,1328,暴击律动,0.443016,0.000116
1156,任务：沃格勒特的巫师帽,1340,升级：米凯尔的祝福,0.519479,0.000013
1063,狂徒豪气,1198,圣火,0.478798,0.000043
1400,最终都市列车,2005,扳机炼狱,0.496929,0.000088
1019,全凭身法,1079,战争交响乐,0.471891,0.000133
1030,尤里卡,1092,易损,0.506652,0.000992
1141,全心为你,1334,升级：雪球,0.455207,0.000042
1009,霸符兄弟,1415,双生火焰,0.500795,0.000079
1310,小丑学院,1345,心灵净化,0.510423,0.001051
1032,裁决使,1047,关键暴击,0.469635,0.001327
1046,炼狱龙魂,1060,海洋龙魂,0.493112,0.000337
1080,会心防御,1402,属性叠属性叠属性！,0.539764,0.000021
1344,最终形态,2024,由暴生急,0.468275,0.000049
1006,利刃华尔兹,1129,神射法师,0.461469,0.00013
1053,科学狂人,1424,???,0.48716,0.000004
1134,亮出你的剑,1156,任务：沃格勒特的巫师帽,0.488776,0.000007
1037,急救用具,1316,刃下生风,0.4629,0.000016
1023,魔鬼之舞,1034,防护面纱,0.477882,0.000064
1023,魔鬼之舞,1315,快中求稳,0.523397,0.000238
1002,尖端发明家,1402,属性叠属性叠属性！,0.474897,0.000074
1085,折磨者,1340,升级：米凯尔的祝福,0.484995,0.000011
1339,激光治疗,1349,终极唤醒,0.449736,0.000011
1026,唯快不破,1105,家园卫士,0.550107,0.000229
1029,虚幻武器,1133,魔法飞弹,0.4852,0.001496
1035,感受燃烧,1305,练腿日,0.503686,0.000089
1103,面包和黄油,2018,纯粹主义者 - 术师,0.457157,0.000089
1098,急急小子,1330,活力再生,0.438394,0.000028
1071,更万用的瞄准镜,1151,面包和奶酪,0.47645,0.000464
1373,缩小引擎,1414,卡皮巴拉空投,0.464457,0.00006
1068,循环往复,1424,???,0.465997,0.000029
1105,家园卫士,2003,魄罗之王的弹跳,0.500664,0.000019
1011,你摸不到,2002,虚空裂隙,0.478334,0.000018
1150,面包和果酱,1322,罪恶快感,0.464917,0.000352
1011,你摸不到,1085,折磨者,0.432167,0.000032
1002,尖端发明家,1318,升级：中娅,0.458338,0.00032
1045,炼狱导管,1348,闪闪现现,0.476412,0.000054
1340,升级：米凯尔的祝福,1347,吵闹鬼,0.507006,0.000008
1133,魔法飞弹,1204,叠角龙,0.539666,0.000075
1045,炼狱导管,1415,双生火焰,0.505764,0.000643
1206,魔法转物理,1301,神圣干预,0.472027,0.000119
1335,夺金,1404,属性！,0.538945,0.000034
1333,逃跑计划,2026,杀意翻涌,0.531197,0.000076
1002,尖端发明家,1335,夺金,0.462049,0.000073
1115,最万用的瞄准镜,1318,升级：中娅,0.444116,0.000026
1015,死亡之环,1340,升级：米凯尔的祝福,0.51068,0.000051
1062,全能龙魂,1401,生机迸发,0.497816,0.000031
1129,神射法师,1403,属性叠属性！,0.525875,0.000129
1327,坚若磐石,1411,升级：荆棘之甲,0.516977,0.000072
1026,唯快不破,1310,小丑学院,0.536028,0.000129
1020,黎明使者的坚决,1068,循环往复,0.50278,0.000264
1068,循环往复,2016,注魔,0.487998,0.000086
1047,关键暴击,1074,缩小射线,0.456466,0.000334
1072,炽烈黎明,2005,扳机炼狱,0.431305,0.000006
1198,圣火,1402,属性叠属性叠属性！,0.484111,0.000012
1075,慢炖,1341,帽上加帽,0.471414,0.000128
1077,灵魂虹吸,2009,狂热者,0.504406,0.000268
1238,质变：棱彩阶,1414,卡皮巴拉空投,0.472833,0.000034
1181,重量级打击手,1389,男爵之手,0.515299,0.000016
1020,黎明使者的坚决,1066,量子计算,0.476628,0.000123
1308,火狐,1403,属性叠属性！,0.555822,0.000094
1047,关键暴击,1080,会心防御,0.485615,0.000361
1070,无休回复,2026,杀意翻涌,0.507766,0.000044
1028,侵蚀,1047,关键暴击,0.477841,0.000137
1073,暗影疾奔,1108,自我毁灭,0.499459,0.00023
1039,冰霜 幽灵,1415,双生火焰,0.457012,0.000024
1060,海洋龙魂,1113,老练狙神,0.499135,0.000506
1138,渴血,1413,和我一起困在这里,0.474854,0.000047
1170,万用瞄准镜,1340,升级：米凯尔的祝福,0.450714,0.000007
1032,裁决使,1323,残忍,0.495236,0.000863
1044,冰寒,1050,基石法师,0.506172,0.000853
1002,尖端发明家,1134,亮出你的剑,0.521433,0.000083
1373,缩小引擎,1397,地狱三头犬,0.46988,0.000126
1379,未知符文_1379,2003,魄罗之王的弹跳,0.402383,0
1151,面包和奶酪,1336,升级：无尽之刃,0.482619,0.000211
1029,虚幻武器,1319,升级：献祭,0.484223,0.000369
1356,暴击飞弹,1384,捐赠,0.539721,0.000194
1036,火上浇油,1335,夺金,0.472466,0.000088
1023,魔鬼之舞,1077,灵魂虹吸,0.500121,0.000186
1007,大力,1154,任务：海牛阿福的勇士,0.530908,0.000109
1097,巫师式思考,1129,神射法师,0.484579,0.001441
1071,更万用的瞄准镜,1317,升级：弯刀,0.432916,0.000015
1050,基石法师,1301,神圣干预,0.476042,0.000127
1152,任务：钢化你心,1335,夺金,0.464134,0.000075
1054,物法皆修,1344,最终形态,0.48959,0.000083
1088,终极刷新,1347,吵闹鬼,0.435831,0.000035
1063,狂徒豪气,1386,转得我眩晕了,0.435608,0.000001
1051,点亮他们！,1118,会心治疗,0.496182,0.000331
1077,灵魂虹吸,1180,超强大脑,0.454876,0.000065
1013,星界躯体,1028,侵蚀,0.488614,0.000515
1386,转得我眩晕了,1996,升级：耀光,0.452991,0.000001
1250,一板一眼,1424,???,0.429831,0.000014
1052,闪电打击,1345,心灵净化,0.47267,0.000564
1006,利刃华尔兹,1151,面包和奶酪,0.45342,0.000213
1332,不祥契约,1379,未知符文_1379,0.429526,0
1082,残暴之力,1138,渴血,0.496743,0.00116
1032,裁决使,12317,潘朵拉的盒子,0.499026,0.000004
1041,歌利亚巨人,1050,基石法师,0.472563,0.00022
1062,全能龙魂,1211,杀戮时间到了,0.499112,0.000238
1015,死亡之环,1996,升级：耀光,0.475205,0.00002
1347,吵闹鬼,1384,捐赠,0.504956,0.000038
1050,基石法师,1401,生机迸发,0.476727,0.000034
1136,扇巴掌,1346,吸血习性,0.517525,0.001881
1237,质变：黄金阶,1323,残忍,0.49448,0.000221
1072,炽烈黎明,1397,地狱三头犬,0.430325,0.00002
0,无符文,1411,升级：荆棘之甲,0.667732,0.003788
1170,万用瞄准镜,1301,神圣干预,0.455401,0.000134
1054,物法皆修,12317,潘朵拉的盒子,0.527027,0
1002,尖端发明家,1331,至高天诺言,0.452552,0.000039
1081,踢踏舞,2018,纯粹主义者 - 术师,0.413376,0.00005
1062,全能龙魂,1389,男爵之手,0.543649,0.000005
1150,面包和果酱,1301,神圣干预,0.461925,0.000157
1075,慢炖,1318,升级：中娅,0.440628,0.000039
1156,任务：沃格勒特的巫师帽,1327,坚若磐石,0.457134,0.000092
1108,自我毁灭,1311,溢流,0.467936,0.000187
1150,面包和果酱,1214,旋转至胜,0.478826,0.000076
1074,缩小射线,1154,任务：海牛阿福的勇士,0.47242,0.000107
1082,残暴之力,1326,夜狩,0.453846,0.00077
1081,踢踏舞,1092,易损,0.488976,0.000397
1313,作弊：我能回城！,1375,吞噬灵魂,0.489202,0.000425
1112,终极不可阻挡,1214,旋转至胜,0.478769,0.000087
1321,砍伤,1386,转得我眩晕了,0.431357,0.000001
1075,慢炖,1104,仆从大师,0.473908,0.000022
1347,吵闹鬼,1414,卡皮巴拉空投,0.333333,0
1052,闪电打击,1403,属性叠属性！,0.555514,0.000158
1358,弹球,2001,当心小蛋糕！,0.456225,0.000067
1092,易损,1424,???,0.453305,0.000016
1336,升级：无尽之刃,1340,升级：米凯尔的祝福,0.442988,0.000005
1036,火上浇油,1305,练腿日,0.489017,0.00025
1061,回力OK镖,1328,暴击律动,0.480733,0.000148
1061,回力OK镖,1088,终极刷新,0.469999,0.000059
1048,珠光护手,1384,捐赠,0.520148,0.001214
1152,任务：钢化你心,2006,飞身踢,0.532989,0.001304
1414,卡皮巴拉空投,2018,纯粹主义者 - 术师,0.425547,0.000012
1085,折磨者,1330,活力再生,0.41427,0.000002
1022,灵巧,1320,升级：收集者,0.509476,0.001884
1070,无休回复,1338,升级：狂妄,0.529062,0.000252
1037,急救用具,1138,渴血,0.481908,0.000296
1080,会心防御,2024,由暴生急,0.483263,0.000081
1170,万用瞄准镜,1424,???,0.438912,0.000015
1340,升级：米凯尔的祝福,2016,注魔,0.51381,0.000005
1076,天音爆,1344,最终形态,0.442419,0.000012
1180,超强大脑,1403,属性叠属性！,0.538339,0.000062
1011,你摸不到,1141,全心为你,0.436232,0.000013
1116,闪现向前,1330,活力再生,0.462028,0.00001
1006,利刃华尔兹,1072,炽烈黎明,0.444038,0.000035
1062,全能龙魂,1329,史上最大雪球,0.486353,0.000098
1046,炼狱龙魂,1321,砍伤,0.470213,0.000198
1322,罪恶快感,1418,砸开那颗蛋,0.450656,0.000001
1238,质变：棱彩阶,2001,当心小蛋糕！,0.523098,0.000178
1330,活力再生,1996,升级：耀光,0.481712,0.000118
1080,会心防御,2004,信念者的强化,0.460359,0.000005
1066,量子计算,1329,史上最大雪球,0.463229,0.000128
1129,神射法师,1308,火狐,0.511715,0.000257
1061,回力OK镖,1353,坦克引擎,0.500856,0.000376
1075,慢炖,1079,战争交响乐,0.467911,0.000116
1420,咏叹奏鸣,2008,负重爆气,0.5354,0.00037
1071,更万用的瞄准镜,1386,转得我眩晕了,0.443952,0.000003
1022,灵巧,1204,叠角龙,0.529058,0.00002
1321,砍伤,2004,信念者的强化,0.45122,0
1336,升级：无尽之刃,1406,祖母的辣椒油,0.472328,0.000034
1305,练腿日,1339,激光治疗,0.473738,0.00002
1115,最万用的瞄准镜,1421,舞会女王,0.475536,0.000007
1011,你摸不到,1401,生机迸发,0.450302,0.000027
1077,灵魂虹吸,1313,作弊：我能回城！,0.482401,0.000393
1336,升级：无尽之刃,1420,咏叹奏鸣,0.516341,0.000133
1152,任务：钢化你心,1323,残忍,0.521325,0.000954
1076,天音爆,1388,无限循环往复,0.526609,0.000074
1002,尖端发明家,1324,蛋白粉奶昔,0.471873,0.000469
1154,任务：海牛阿福的勇士,1386,转得我眩晕了,0.410138,0
1057,山脉龙魂,1373,缩小引擎,0.49994,0.000096
1081,踢踏舞,1386,转得我眩晕了,0.423711,0.000003
1105,家园卫士,2009,狂热者,0.512786,0.000071
1088,终极刷新,1107,接二连三,0.43711,0.000135
1335,夺金,1403,属性叠属性！,0.543106,0.000046
1129,神射法师,1313,作弊：我能回城！,0.479938,0.000501
1115,最万用的瞄准镜,1181,重量级打击手,0.496439,0.000288
1071,更万用的瞄准镜,1085,折磨者,0.443574,0.00006
1034,防护面纱,1036,火上浇油,0.48651,0.000142
1313,作弊：我能回城！,1353,坦克引擎,0.512428,0.004374
1038,有始有终,2001,当心小蛋糕！,0.510521,0.003247
1047,关键暴击,1311,溢流,0.479263,0.000293
1050,基石法师,1348,闪闪现现,0.462931,0.000029
1154,任务：海牛阿福的勇士,1358,弹球,0.452393,0.000017
1020,黎明使者的坚决,1311,溢流,0.495447,0.000154
1042,恶趣味,2001,当心小蛋糕！,0.484794,0.000073
1250,一板一眼,1418,砸开那颗蛋,0.40503,0
1056,由心及物,1129,神射法师,0.508313,0.000628
1050,基石法师,1154,任务：海牛阿福的勇士,0.477442,0.000059
1057,山脉龙魂,1331,至高天诺言,0.445209,0.00001
2018,纯粹主义者 - 术师,2024,由暴生急,0.428217,0.000023
1066,量子计算,1113,老练狙神,0.440787,0.000074
1081,踢踏舞,1405,速度恶魔,0.476374,0.000263
1038,有始有终,1133,魔法飞弹,0.524096,0.00255
1076,天音爆,1414,卡皮巴拉空投,0.466393,0.00001
1238,质变：棱彩阶,1324,蛋白粉奶昔,0.483157,0.000595
1007,大力,1098,急急小子,0.488015,0.000091
1337,尊我为王,1403,属性叠属性！,0.562509,0.000026
1243,质变：混沌,1316,刃下生风,0.489578,0.000192
1046,炼狱龙魂,2008,负重爆气,0.469407,0.000321
1013,星界躯体,1416,海克斯科技龙魂,0.47849,0.000065
1141,全心为你,1321,砍伤,0.44661,0.000006
1034,防护面纱,1086,精准奇才,0.485204,0.000073
1315,快中求稳,1421,舞会女王,0.528828,0.000041
1211,杀戮时间到了,1392,神圣雪球,0.437057,0.000065
1088,终极刷新,1320,升级：收集者,0.44044,0.000224
1115,最万用的瞄准镜,1129,神射法师,0.479176,0.000266
1104,仆从大师,1206,魔法转物理,0.468201,0.000023
1225,双刀流,1424,???,0.485754,0.00001
1011,你摸不到,1400,最终都市列车,0.496868,0.000052
1141,全心为你,1237,质变：黄金阶,0.469941,0.000076
1029,虚幻武器,1322,罪恶快感,0.483921,0.000731
1082,残暴之力,1411,升级：荆棘之甲,0.501452,0.000014
1029,虚幻武器,1333,逃跑计划,0.529768,0.00053
1009,霸符兄弟,1050,基石法师,0.51119,0.000254
1424,???,1996,升级：耀光,0.455197,0.00001
1073,暗影疾奔,1105,家园卫士,0.536377,0.000186
1107,接二连三,1353,坦克引擎,0.476326,0.000546
1044,冰寒,1170,万用瞄准镜,0.461284,0.000129
1322,罪恶快感,1345,心灵净化,0.464011,0.00105
1154,任务：海牛阿福的勇士,1372,小猫咪找妈妈,0.46782,0.000003
1092,易损,1156,任务：沃格勒特的巫师帽,0.492566,0.000409
1333,逃跑计划,1402,属性叠属性叠属性！,0.560504,0.000044
1067,古式佳酿,1087,台风,0.46967,0.000122
1340,升级：米凯尔的祝福,1345,心灵净化,0.517997,0.000085
1044,冰寒,1332,不祥契约,0.490406,0.000422
1048,珠光护手,1414,卡皮巴拉空投,0.441165,0.000051
1320,升级：收集者,1400,最终都市列车,0.526453,0.000292
1054,物法皆修,1372,小猫咪找妈妈,0.44204,0.000003
1082,残暴之力,1225,双刀流,0.507625,0.000526
1002,尖端发明家,1029,虚幻武器,0.464276,0.000807
1323,残忍,1339,激光治疗,0.468753,0.00002
1250,一板一眼,2005,扳机炼狱,0.441645,0.000113
1133,魔法飞弹,1328,暴击律动,0.46652,0.000561
1011,你摸不到,1328,暴击律动,0.456623,0.000109
1152,任务：钢化你心,1400,最终都市列车,0.492973,0.000369
1141,全心为你,1418,砸开那颗蛋,0.491241,0.000023
1301,神圣干预,1319,升级：献祭,0.478432,0.000184
1022,灵巧,1238,质变：棱彩阶,0.526312,0.001891
1151,面包和奶酪,1347,吵闹鬼,0.462669,0.000058
1034,防护面纱,1118,会心治疗,0.469186,0.000171
1026,唯快不破,1379,未知符文_1379,0.445793,0
1013,星界躯体,1086,精准奇才,0.442193,0.000024
1085,折磨者,1129,神射法师,0.444303,0.000088
1105,家园卫士,12317,潘朵拉的盒子,0.477231,0.000001
1103,面包和黄油,1208,轨道镭射,0.458235,0.000061
1149,不动如山,1372,小猫咪找妈妈,0.47646,0.00002
1152,任务：钢化你心,1331,至高天诺言,0.430377,0.000035
1211,杀戮时间到了,1391,红包,0.532531,0.000411
1053,科学狂人,1310,小丑学院,0.551601,0.000202
1345,心灵净化,1386,转得我眩晕了,0.416667,0.000003
1321,砍伤,2006,飞身踢,0.495041,0.000112
1044,冰寒,1402,属性叠属性叠属性！,0.509887,0.000061
1006,利刃华尔兹,1009,霸符兄弟,0.490254,0.000116
1007,大力,1388,无限循环往复,0.505896,0.000175
1097,巫师式思考,1243,质变：混沌,0.48774,0.000528
1035,感受燃烧,1336,升级：无尽之刃,0.469286,0.000067
1315,快中求稳,2002,虚空裂隙,0.525266,0.000035
1336,升级：无尽之刃,2016,注魔,0.477324,0.000033
1084,穿针引线,1154,任务：海牛阿福的勇士,0.486113,0.000268
1225,双刀流,1334,升级：雪球,0.485654,0.000135
1038,有始有终,1156,任务：沃格勒特的巫师帽,0.525256,0.000683
1418,砸开那颗蛋,2016,注魔,0.493716,0.000001
1028,侵蚀,1041,歌利亚巨人,0.500624,0.000698
1180,超强大脑,1327,坚若磐石,0.452949,0.000101
1013,星界躯体,1025,俯冲轰炸,0.488411,0.000729
1084,穿针引线,1187,闪光弹,0.465974,0.000198
1080,会心防御,1154,任务：海牛阿福的勇士,0.520447,0.000054
1032,裁决使,1424,???,0.45087,0.000073
1025,俯冲轰炸,1187,闪光弹,0.484183,0.000124
1004,回归基本功,1356,暴击飞弹,0.500603,0.000069
1058,秘术冲拳,1397,地狱三头犬,0.456364,0.00017
1053,科学狂人,1080,会心防御,0.530176,0.00009
1002,尖端发明家,1313,作弊：我能回城！,0.478279,0.000684
1074,缩小射线,1316,刃下生风,0.437875,0.00008
1028,侵蚀,1103,面包和黄油,0.487874,0.000293
1334,升级：雪球,1414,卡皮巴拉空投,0.652174,0
1347,吵闹鬼,1356,暴击飞弹,0.492565,0.000017
1048,珠光护手,1198,圣火,0.447279,0.000129
1156,任务：沃格勒特的巫师帽,1331,至高天诺言,0.472188,0.000009
1211,杀戮时间到了,1415,双生火焰,0.472309,0.000286
1315,快中求稳,1403,属性叠属性！,0.567039,0.000059
1011,你摸不到,1327,坚若磐石,0.421137,0.000041
1141,全心为你,1331,至高天诺言,0.47185,0.000212
1068,循环往复,1072,炽烈黎明,0.503046,0.000221
1062,全能龙魂,1152,任务：钢化你心,0.520259,0.000326
1358,弹球,2004,信念者的强化,0.456803,0.00001
1324,蛋白粉奶昔,1413,和我一起困在这里,0.453106,0.000004
1108,自我毁灭,12317,潘朵拉的盒子,0.49493,0.000001
1320,升级：收集者,1388,无限循环往复,0.468544,0.000448
1107,接二连三,1406,祖母的辣椒油,0.461195,0.000053
1129,神射法师,1344,最终形态,0.505558,0.000387
1025,俯冲轰炸,1208,轨道镭射,0.464879,0.000048
1056,由心及物,1208,轨道镭射,0.478556,0.000053
1214,旋转至胜,2016,注魔,0.51662,0.000004
1047,关键暴击,1305,练腿日,0.484287,0.000234
1060,海洋龙魂,1418,砸开那颗蛋,0.523431,0.000003
1045,炼狱导管,1996,升级：耀光,0.494373,0.000093
1063,狂徒豪气,1086,精准奇才,0.439383,0.000006
1048,珠光护手,1421,舞会女王,0.487087,0.000037
1053,科学狂人,1136,扇巴掌,0.523648,0.000363
1150,面包和果酱,1250,一板一眼,0.453907,0.000212
1198,圣火,1237,质变：黄金阶,0.465568,0.000111
1022,灵巧,1301,神圣干预,0.476701,0.000213
1037,急救用具,1333,逃跑计划,0.510442,0.000196
1095,风语者的祝福,1421,舞会女王,0.480835,0.000008
1032,裁决使,1238,质变：棱彩阶,0.506649,0.004983
1152,任务：钢化你心,1415,双生火焰,0.437376,0.000091
1311,溢流,1418,砸开那颗蛋,0.509631,0.000007
1108,自我毁灭,1313,作弊：我能回城！,0.462749,0.000353
1050,基石法师,1250,一板一眼,0.449577,0.000038
1322,罪恶快感,2003,魄罗之王的弹跳,0.470802,0.000062
1013,星界躯体,1323,残忍,0.496211,0.000786
1052,闪电打击,1238,质变：棱彩阶,0.519899,0.00147
1053,科学狂人,1180,超强大脑,0.527278,0.000111
1051,点亮他们！,1337,尊我为王,0.51233,0.000053
1027,大地苏醒,1397,地狱三头犬,0.463058,0.000041
1243,质变：混沌,1409,魄罗爆破手,0.516571,0.000148
1085,折磨者,1181,重量级打击手,0.497549,0.000327
1009,霸符兄弟,2003,魄罗之王的弹跳,0.495436,0.000025
1358,弹球,1375,吞噬灵魂,0.451017,0.000147
1088,终极刷新,2003,魄罗之王的弹跳,0.458803,0.000011
1341,帽上加帽,1342,雪球扭蛋机,0.476111,0.000194
1134,亮出你的剑,1420,咏叹奏鸣,0.571848,0.000063
1037,急救用具,1141,全心为你,0.491131,0.001221
1047,关键暴击,1332,不祥契约,0.452835,0.000063
1036,火上浇油,12317,潘朵拉的盒子,0.515317,0.000001
1054,物法皆修,1075,慢炖,0.446416,0.00005
1041,歌利亚巨人,1319,升级：献祭,0.52446,0.001668
1066,量子计算,1418,砸开那颗蛋,0.495781,0.000002
1077,灵魂虹吸,1414,卡皮巴拉空投,0.430371,0.000018
1063,狂徒豪气,1115,最万用的瞄准镜,0.514097,0.00017
1170,万用瞄准镜,1322,罪恶快感,0.478875,0.001579
1044,冰寒,1375,吞噬灵魂,0.478151,0.000306
1006,利刃华尔兹,1113,老练狙神,0.427626,0.000107
1150,面包和果酱,1346,吸血习性,0.498929,0.001302
1066,量子计算,1389,男爵之手,0.531117,0.000006
1072,炽烈黎明,1112,终极不可阻挡,0.448391,0.000039
1074,缩小射线,1205,物理转魔法,0.444417,0.000252
1305,练腿日,1340,升级：米凯尔的祝福,0.525681,0.000023
1194,精怪魔法,1308,火狐,0.493817,0.00006
1074,缩小射线,1085,折磨者,0.439579,0.000054
1072,炽烈黎明,1406,祖母的辣椒油,0.530216,0.000123
1305,练腿日,1310,小丑学院,0.524866,0.000283
1134,亮出你的剑,1311,溢流,0.56568,0.000151
1330,活力再生,1405,速度恶魔,0.463872,0.000025
1325,玻璃大炮,2018,纯粹主义者 - 术师,0.443413,0.000037
1316,刃下生风,1318,升级：中娅,0.467251,0.000022
1151,面包和奶酪,1356,暴击飞弹,0.477236,0.000068
1076,天音爆,1322,罪恶快感,0.455503,0.000018
1087,台风,1996,升级：耀光,0.482773,0.000347
1181,重量级打击手,1392,神圣雪球,0.451871,0.000086
1324,蛋白粉奶昔,1326,夜狩,0.427598,0.000041
1340,升级：米凯尔的祝福,2008,负重爆气,0.531066,0.000032
1036,火上浇油,1056,由心及物,0.475524,0.000166
1238,质变：棱彩阶,1420,咏叹奏鸣,0.559932,0.000367
1077,灵魂虹吸,1327,坚若磐石,0.421634,0.000036
1136,扇巴掌,1420,咏叹奏鸣,0.536629,0.000437
1134,亮出你的剑,1136,扇巴掌,0.539714,0.000058
1325,玻璃大炮,1392,神圣雪球,0.42987,0.000009
1108,自我毁灭,1194,精怪魔法,0.455164,0.000083
1052,闪电打击,1305,练腿日,0.503671,0.000419
1088,终极刷新,1418,砸开那颗蛋,0.465848,0.000002
1028,侵蚀,2010,双发快射,0.4958,0.000037
1353,坦克引擎,1386,转得我眩晕了,0.428754,0.000008
1098,急急小子,1388,无限循环往复,0.551295,0.000313
1020,黎明使者的坚决,1041,歌利亚巨人,0.499408,0.000851
1045,炼狱导管,1414,卡皮巴拉空投,0.461717,0.000031
1004,回归基本功,1416,海克斯科技龙魂,0.512196,0.000038
0,无符文,1152,任务：钢化你心,0.642014,0.05247
1037,急救用具,1361,任务：艾卡西亚的陷落,0.511814,0.000075
1069,退敌力场,2016,注魔,0.436974,0.000006
1058,秘术冲拳,1062,全能龙魂,0.478869,0.000132
1039,冰霜 幽灵,1150,面包和果酱,0.461732,0.000167
1032,裁决使,1403,属性叠属性！,0.521326,0.000465
1116,闪现向前,1335,夺金,0.490279,0.000019
1079,战争交响乐,1341,帽上加帽,0.456849,0.00005
1384,捐赠,2010,双发快射,0.538372,0.000208
1149,不动如山,1321,砍伤,0.473109,0.00022
1330,活力再生,1403,属性叠属性！,0.519117,0.000017
1018,巨像的勇气,1337,尊我为王,0.571051,0.000129
1308,火狐,1405,速度恶魔,0.542124,0.000223
1149,不动如山,1397,地狱三头犬,0.443023,0.00003
1077,灵魂虹吸,1424,???,0.449633,0.000012
1044,冰寒,1331,至高天诺言,0.456827,0.000049
1098,急急小子,1134,亮出你的剑,0.532146,0.000051
1068,循环往复,1329,史上最大雪球,0.480145,0.000273
1036,火上浇油,1372,小猫咪找妈妈,0.452078,0.000008
1107,接二连三,1115,最万用的瞄准镜,0.486457,0.001487
1069,退敌力场,1097,巫师式思考,0.460102,0.000139
1029,虚幻武器,1068,循环往复,0.496412,0.000855
1009,霸符兄弟,1152,任务：钢化你心,0.527288,0.00041
1063,狂徒豪气,1080,会心防御,0.541488,0.000114
1062,全能龙魂,1108,自我毁灭,0.487573,0.000101
1030,尤里卡,1141,全心为你,0.492251,0.000191
1211,杀戮时间到了,1356,暴击飞弹,0.47263,0.000129
1068,循环往复,1187,闪光弹,0.490968,0.000157
1349,终极唤醒,2024,由暴生急,0.433148,0.000026
1047,关键暴击,1051,点亮他们！,0.493088,0.000248
1025,俯冲轰炸,1313,作弊：我能回城！,0.464523,0.000379
1053,科学狂人,1072,炽烈黎明,0.50632,0.000046
1030,尤里卡,1308,火狐,0.555593,0.000731
1356,暴击飞弹,1420,咏叹奏鸣,0.52649,0.000082
1105,家园卫士,1326,夜狩,0.479488,0.000197
1082,残暴之力,1115,最万用的瞄准镜,0.470146,0.00047
1028,侵蚀,1069,退敌力场,0.463994,0.000051
1386,转得我眩晕了,1404,属性！,0.493872,0.000003
1042,恶趣味,1076,天音爆,0.476766,0.000036
1037,急救用具,1336,升级：无尽之刃,0.479468,0.000056
1107,接二连三,2002,虚空裂隙,0.448056,0.000023
1011,你摸不到,1404,属性！,0.51698,0.000017
1063,狂徒豪气,1344,最终形态,0.523463,0.000588
1009,霸符兄弟,1038,有始有终,0.529731,0.000509
1023,魔鬼之舞,1317,升级：弯刀,0.419981,0.000006
1313,作弊：我能回城！,1349,终极唤醒,0.467623,0.000256
1066,量子计算,1141,全心为你,0.480508,0.000031
1052,闪电打击,1054,物法皆修,0.481631,0.000603
1019,全凭身法,1020,黎明使者的坚决,0.482668,0.000096
1141,全心为你,1198,圣火,0.460441,0.000497
1313,作弊：我能回城！,1390,超凡邪恶,0.505458,0.000923
1063,狂徒豪气,1339,激光治疗,0.448663,0.000004
1057,山脉龙魂,1356,暴击飞弹,0.477658,0.000007
1053,科学狂人,1187,闪光弹,0.517669,0.000054
1051,点亮他们！,1075,慢炖,0.464034,0.000049
1243,质变：混沌,1313,作弊：我能回城！,0.483202,0.000597
1047,关键暴击,1194,精怪魔法,0.45203,0.00009
1181,重量级打击手,1413,和我一起困在这里,0.48555,0.000035
1330,活力再生,1334,升级：雪球,0.436697,0.00002
1134,亮出你的剑,1403,属性叠属性！,0.63499,0.000064
1077,灵魂虹吸,1136,扇巴掌,0.478762,0.00019
1314,强力护盾,1386,转得我眩晕了,0.422544,0
1034,防护面纱,1315,快中求稳,0.50279,0.000085
1019,全凭身法,1086,精准奇才,0.433572,0.000021
1238,质变：棱彩阶,2004,信念者的强化,0.495129,0.000032
1009,霸符兄弟,1105,家园卫士,0.54274,0.000157
1098,急急小子,1138,渴血,0.487648,0.000303
1004,回归基本功,1097,巫师式思考,0.541795,0.00027
1039,冰霜 幽灵,1112,终极不可阻挡,0.445733,0.000076
1028,侵蚀,1204,叠角龙,0.519116,0.000012
1046,炼狱龙魂,1152,任务：钢化你心,0.48331,0.000584
1013,星界躯体,1050,基石法师,0.461521,0.000179
1060,海洋龙魂,1204,叠角龙,0.526536,0.000019
1386,转得我眩晕了,1402,属性叠属性叠属性！,0.470186,0.000003
1034,防护面纱,1064,坚韧,0.459707,0.000178
1318,升级：中娅,2018,纯粹主义者 - 术师,0.466572,0.000056
1022,灵巧,1098,急急小子,0.465213,0.000207
1004,回归基本功,1379,未知符文_1379,0.445805,0.000001
1050,基石法师,2018,纯粹主义者 - 术师,0.470945,0.000061
1046,炼狱龙魂,1149,不动如山,0.457005,0.000118
1315,快中求稳,1413,和我一起困在这里,0.484713,0.000016
1082,残暴之力,1316,刃下生风,0.481879,0.000362
1113,老练狙神,1334,升级：雪球,0.474521,0.000196
1311,溢流,1401,生机迸发,0.488464,0.000091
1057,山脉龙魂,1086,精准奇才,0.462081,0.000017
1136,扇巴掌,1225,双刀流,0.515355,0.000201
1322,罪恶快感,1337,尊我为王,0.50085,0.000214
1390,超凡邪恶,2026,杀意翻涌,0.485403,0.000196
1305,练腿日,1996,升级：耀光,0.509039,0.00015
1112,终极不可阻挡,1356,暴击飞弹,0.469187,0.000032
1112,终极不可阻挡,1154,任务：海牛阿福的勇士,0.468764,0.000057
1072,炽烈黎明,1098,急急小子,0.484656,0.000051
1027,大地苏醒,1328,暴击律动,0.469675,0.000032
1108,自我毁灭,1332,不祥契约,0.452528,0.000083
1034,防护面纱,1421,舞会女王,0.486251,0.000014
1066,量子计算,2004,信念者的强化,0.501638,0.000004
1220,连拨击锤,2016,注魔,0.419609,0.000029
0,无符文,1009,霸符兄弟,0.623398,0.013945
1095,风语者的祝福,1318,升级：中娅,0.474477,0.000027
1098,急急小子,1250,一板一眼,0.453012,0.000142
1332,不祥契约,1361,任务：艾卡西亚的陷落,0.504483,0.000009
1156,任务：沃格勒特的巫师帽,2008,负重爆气,0.492158,0.000439
1074,缩小射线,1076,天音爆,0.457285,0.00004
1402,属性叠属性叠属性！,1421,舞会女王,0.503638,0.000007
1243,质变：混沌,1421,舞会女王,0.584291,0.000018
1068,循环往复,1996,升级：耀光,0.518072,0.00034
1067,古式佳酿,1088,终极刷新,0.455753,0.000202
1013,星界躯体,2009,狂热者,0.472887,0.000061
1002,尖端发明家,1087,台风,0.442459,0.000189
1335,夺金,2002,虚空裂隙,0.520507,0.000037
1018,巨像的勇气,1392,神圣雪球,0.438771,0.000012
1424,???,2005,扳机炼狱,0.414613,0.000004
1095,风语者的祝福,1332,不祥契约,0.469614,0.000027
1107,接二连三,2005,扳机炼狱,0.426624,0.000065
1085,折磨者,1310,小丑学院,0.482319,0.000061
1066,量子计算,1347,吵闹鬼,0.442764,0.000022
1339,激光治疗,1416,海克斯科技龙魂,0.47571,0.000006
1325,玻璃大炮,1358,弹球,0.429331,0.000034
1051,点亮他们！,1079,战争交响乐,0.501752,0.000521
1134,亮出你的剑,1338,升级：狂妄,0.622996,0.000605
1194,精怪魔法,2016,注魔,0.463745,0.000018
1051,点亮他们！,1220,连拨击锤,0.460627,0.002037
1335,夺金,1415,双生火焰,0.502295,0.000082
1397,地狱三头犬,1415,双生火焰,0.450509,0.000055
1029,虚幻武器,1072,炽烈黎明,0.470445,0.000127
1006,利刃华尔兹,1044,冰寒,0.460261,0.000094
1136,扇巴掌,2005,扳机炼狱,0.46485,0.000117
1149,不动如山,1405,速度恶魔,0.46488,0.000074
1085,折磨者,1134,亮出你的剑,0.507399,0.000005
1006,利刃华尔兹,1384,捐赠,0.495474,0.00022
1027,大地苏醒,1340,升级：米凯尔的祝福,0.440043,0.000002
1002,尖端发明家,1035,感受燃烧,0.479967,0.000151
2002,虚空裂隙,2005,扳机炼狱,0.481901,0.00001
1195,巨人杀手,1415,双生火焰,0.526085,0.000632
1115,最万用的瞄准镜,2009,狂热者,0.5013,0.000371
1063,狂徒豪气,1118,会心治疗,0.52992,0.000364
1037,急救用具,1345,心灵净化,0.467311,0.000352
1058,秘术冲拳,1072,炽烈黎明,0.436789,0.000056
1105,家园卫士,1386,转得我眩晕了,0.458779,0.000001
1151,面包和奶酪,1406,祖母的辣椒油,0.530267,0.000359
1038,有始有终,1375,吞噬灵魂,0.489295,0.000211
12317,潘朵拉的盒子,1340,升级：米凯尔的祝福,0.54,0
1035,感受燃烧,1418,砸开那颗蛋,0.503639,0.000006
1052,闪电打击,1208,轨道镭射,0.454003,0.000024
1048,珠光护手,1080,会心防御,0.496212,0.002297
1025,俯冲轰炸,1079,战争交响乐,0.475999,0.000202
1084,穿针引线,1151,面包和奶酪,0.470793,0.000776
1075,慢炖,1205,物理转魔法,0.465695,0.00028
1028,侵蚀,1116,闪现向前,0.471664,0.000029
1054,物法皆修,1084,穿针引线,0.441209,0.000498
1007,大力,1073,暗影疾奔,0.53579,0.000319
1082,残暴之力,1314,强力护盾,0.464964,0.000078
1238,质变：棱彩阶,1356,暴击飞弹,0.535535,0.000418
1225,双刀流,1389,男爵之手,0.570118,0.000013
1152,任务：钢化你心,1337,尊我为王,0.537501,0.000299
1035,感受燃烧,1068,循环往复,0.503268,0.000238
1195,巨人杀手,1301,神圣干预,0.512097,0.000411
1384,捐赠,2026,杀意翻涌,0.523525,0.000166
1206,魔法转物理,1334,升级：雪球,0.486165,0.000242
1180,超强大脑,1238,质变：棱彩阶,0.521475,0.0007
1154,任务：海牛阿福的勇士,1413,和我一起困在这里,0.476926,0.000002
1052,闪电打击,1373,缩小引擎,0.502681,0.000497
1039,冰霜 幽灵,1050,基石法师,0.459716,0.00009
1026,唯快不破,1392,神圣雪球,0.465258,0.000015
1062,全能龙魂,1421,舞会女王,0.512238,0.000008
1108,自我毁灭,1339,激光治疗,0.475833,0.000018
1041,歌利亚巨人,1194,精怪魔法,0.465757,0.000156
1069,退敌力场,1996,升级：耀光,0.466056,0.000047
2008,负重爆气,2018,纯粹主义者 - 术师,0.46951,0.000142
1061,回力OK镖,1062,全能龙魂,0.515998,0.000065
1058,秘术冲拳,1063,狂徒豪气,0.511619,0.000384
1064,坚韧,2010,双发快射,0.460165,0.000026
1070,无休回复,1308,火狐,0.538103,0.000079
12317,潘朵拉的盒子,1356,暴击飞弹,0.493169,0.000001
1321,砍伤,1333,逃跑计划,0.53325,0.000226
1015,死亡之环,2004,信念者的强化,0.468894,0.000027
1085,折磨者,1225,双刀流,0.451,0.000019
1002,尖端发明家,1424,???,0.436382,0.000023
1029,虚幻武器,1243,质变：混沌,0.486521,0.000545
1039,冰霜 幽灵,2010,双发快射,0.454551,0.000015
1039,冰霜 幽灵,1046,炼狱龙魂,0.461223,0.000117
1097,巫师式思考,1390,超凡邪恶,0.49284,0.002614
1211,杀戮时间到了,12317,潘朵拉的盒子,0.490461,0.000001
1035,感受燃烧,1405,速度恶魔,0.489604,0.000064
1214,旋转至胜,1401,生机迸发,0.488234,0.00002
1250,一板一眼,2008,负重爆气,0.467455,0.00019
1027,大地苏醒,1066,量子计算,0.47782,0.000069
1116,闪现向前,1129,神射法师,0.47076,0.000059
1194,精怪魔法,1386,转得我眩晕了,0.423045,0.000001
1347,吵闹鬼,1411,升级：荆棘之甲,0.49839,0.000004
1181,重量级打击手,1310,小丑学院,0.515083,0.000284
1103,面包和黄油,1401,生机迸发,0.471528,0.000082
1308,火狐,2008,负重爆气,0.522537,0.000278
1026,唯快不破,1243,质变：混沌,0.496589,0.000201
1211,杀戮时间到了,1320,升级：收集者,0.460923,0.000652
1018,巨像的勇气,1104,仆从大师,0.4691,0.000006
1044,冰寒,1208,轨道镭射,0.479281,0.000079
1310,小丑学院,1322,罪恶快感,0.520175,0.001197
1086,精准奇才,1414,卡皮巴拉空投,0.429712,0.000007
1007,大力,1333,逃跑计划,0.568047,0.000286
1072,炽烈黎明,1204,叠角龙,0.509274,0.000007
1069,退敌力场,1149,不动如山,0.42971,0.000061
1009,霸符兄弟,1345,心灵净化,0.49575,0.000437
1342,雪球扭蛋机,1390,超凡邪恶,0.483799,0.00033
1027,大地苏醒,1052,闪电打击,0.478125,0.000095
1113,老练狙神,1211,杀戮时间到了,0.47277,0.000635
1076,天音爆,1319,升级：献祭,0.46833,0.000018
0,无符文,1238,质变：棱彩阶,0.615501,0.058567
1086,精准奇才,2026,杀意翻涌,0.445207,0.000009
1058,秘术冲拳,1301,神圣干预,0.452129,0.000147
1316,刃下生风,1323,残忍,0.448881,0.000011
1391,红包,1418,砸开那颗蛋,0.528659,0.000009
1301,神圣干预,1348,闪闪现现,0.434233,0.000018
1011,你摸不到,1036,火上浇油,0.444447,0.000098
1063,狂徒豪气,1346,吸血习性,0.557528,0.002055
1138,渴血,1211,杀戮时间到了,0.487577,0.00108
1085,折磨者,1346,吸血习性,0.475813,0.000231
1042,恶趣味,1250,一板一眼,0.430084,0.000032
1187,闪光弹,1403,属性叠属性！,0.52888,0.000001
1156,任务：沃格勒特的巫师帽,1315,快中求稳,0.554017,0.00014
1095,风语者的祝福,1237,质变：黄金阶,0.486611,0.000092
1066,量子计算,1345,心灵净化,0.465782,0.000376
1327,坚若磐石,1330,活力再生,0.419919,0.000002
1018,巨像的勇气,1088,终极刷新,0.444712,0.000069
1310,小丑学院,1421,舞会女王,0.556453,0.000073
1080,会心防御,1092,易损,0.511159,0.000567
1075,慢炖,1082,残暴之力,0.476755,0.000123
1022,灵巧,1331,至高天诺言,0.440726,0.000009
1032,裁决使,2002,虚空裂隙,0.499291,0.000643
1038,有始有终,1134,亮出你的剑,0.589495,0.000264
1079,战争交响乐,1411,升级：荆棘之甲,0.48834,0.000014
1076,天音爆,1397,地狱三头犬,0.42544,0.000006
1316,刃下生风,2006,飞身踢,0.46982,0.000065
1073,暗影疾奔,1076,天音爆,0.460801,0.000007
1250,一板一眼,1345,心灵净化,0.458152,0.000567
1044,冰寒,1112,终极不可阻挡,0.464847,0.000174
1079,战争交响乐,2001,当心小蛋糕！,0.497262,0.000052
1348,闪闪现现,1356,暴击飞弹,0.550209,0
1330,活力再生,1358,弹球,0.42245,0.000011
1041,歌利亚巨人,2026,杀意翻涌,0.487912,0.000169
1006,利刃华尔兹,1418,砸开那颗蛋,0.445856,0.000001
1035,感受燃烧,1406,祖母的辣椒油,0.532697,0.000135
1086,精准奇才,1129,神射法师,0.46595,0.000141
1087,台风,1138,渴血,0.505494,0.001197
1405,速度恶魔,2005,扳机炼狱,0.454749,0.000121
1195,巨人杀手,1321,砍伤,0.524861,0.000183
1038,有始有终,1066,量子计算,0.495602,0.000166
1018,巨像的勇气,1358,弹球,0.450105,0.000042
1045,炼狱导管,1081,踢踏舞,0.460328,0.000145
1041,歌利亚巨人,1414,卡皮巴拉空投,0.447327,0.000049
1112,终极不可阻挡,1339,激光治疗,0.439892,0.000008
1204,叠角龙,1329,史上最大雪球,0.463749,0.000006
1064,坚韧,2008,负重爆气,0.469782,0.00024
1095,风语者的祝福,1384,捐赠,0.510886,0.000055
1028,侵蚀,1327,坚若磐石,0.472736,0.000105
1023,魔鬼之舞,2026,杀意翻涌,0.483831,0.000062
1250,一板一眼,1389,男爵之手,0.522074,0.000019
1025,俯冲轰炸,1310,小丑学院,0.579259,0.00369
1372,小猫咪找妈妈,1397,地狱三头犬,0.439066,0.000005
1086,精准奇才,1403,属性叠属性！,0.505115,0.000031
1071,更万用的瞄准镜,1996,升级：耀光,0.507563,0.000709
1138,渴血,1386,转得我眩晕了,0.451364,0.000003
1138,渴血,1204,叠角龙,0.534997,0.000035
1389,男爵之手,1392,神圣雪球,0.497742,0.000005
1181,重量级打击手,1372,小猫咪找妈妈,0.45784,0.000007
1326,夜狩,1372,小猫咪找妈妈,0.401604,0.000001
1105,家园卫士,1397,地狱三头犬,0.487754,0.000097
1029,虚幻武器,1384,捐赠,0.509995,0.000316
1013,星界躯体,1112,终极不可阻挡,0.448905,0.000203
1074,缩小射线,1327,坚若磐石,0.434914,0.000068
1103,面包和黄油,1996,升级：耀光,0.497771,0.000305
1057,山脉龙魂,1088,终极刷新,0.441436,0.000085
1006,利刃华尔兹,1403,属性叠属性！,0.510299,0.000068
1022,灵巧,1154,任务：海牛阿福的勇士,0.525239,0.000247
1316,刃下生风,1320,升级：收集者,0.48827,0.000404
1211,杀戮时间到了,1319,升级：献祭,0.462472,0.00013
1057,山脉龙魂,1310,小丑学院,0.495828,0.000095
1077,灵魂虹吸,1339,激光治疗,0.399934,0.000007
1180,超强大脑,1386,转得我眩晕了,0.436819,0.000001
1305,练腿日,2016,注魔,0.476127,0.000013
1038,有始有终,1327,坚若磐石,0.46666,0.000129
1205,物理转魔法,2016,注魔,0.492072,0.00014
1044,冰寒,1409,魄罗爆破手,0.507148,0.000587
1097,巫师式思考,1353,坦克引擎,0.474711,0.000865
1238,质变：棱彩阶,2024,由暴生急,0.500449,0.000064
1180,超强大脑,1356,暴击飞弹,0.476931,0.000045
1032,裁决使,1211,杀戮时间到了,0.479117,0.003719
1348,闪闪现现,1424,???,0.471795,0
1064,坚韧,1066,量子计算,0.464479,0.000376
1056,由心及物,2008,负重爆气,0.509213,0.000352
1075,慢炖,1402,属性叠属性叠属性！,0.511154,0.000028
1112,终极不可阻挡,1996,升级：耀光,0.479147,0.000074
1039,冰霜 幽灵,1341,帽上加帽,0.452277,0.000088
1327,坚若磐石,1409,魄罗爆破手,0.488979,0.000089
1170,万用瞄准镜,1237,质变：黄金阶,0.488232,0.000334
1064,坚韧,1082,残暴之力,0.47012,0.000242
1026,唯快不破,1198,圣火,0.461528,0.000016
1156,任务：沃格勒特的巫师帽,1180,超强大脑,0.544741,0.000971
1052,闪电打击,1129,神射法师,0.485748,0.000455
1134,亮出你的剑,1180,超强大脑,0.464066,0.000006
1042,恶趣味,1194,精怪魔法,0.445769,0.000057
1170,万用瞄准镜,1335,夺金,0.47929,0.000119
1073,暗影疾奔,1415,双生火焰,0.49355,0.000049
1013,星界躯体,1333,逃跑计划,0.512748,0.000681
1051,点亮他们！,1084,穿针引线,0.479348,0.000484
1152,任务：钢化你心,1330,活力再生,0.420185,0.000029
1220,连拨击锤,1345,心灵净化,0.440251,0.000376
1054,物法皆修,1328,暴击律动,0.466777,0.00039
1006,利刃华尔兹,1077,灵魂虹吸,0.464755,0.000299
1115,最万用的瞄准镜,1372,小猫咪找妈妈,0.441308,0.000007
1067,古式佳酿,1402,属性叠属性叠属性！,0.512125,0.000056
1054,物法皆修,1305,练腿日,0.462545,0.000145
1009,霸符兄弟,2007,你肩上的恶魔,0.456874,0.000026
1044,冰寒,1314,强力护盾,0.452212,0.000089
1095,风语者的祝福,1391,红包,0.531531,0.000063
1039,冰霜 幽灵,2008,负重爆气,0.483658,0.000099
1098,急急小子,1379,未知符文_1379,0.455948,0.000001
1082,残暴之力,1372,小猫咪找妈妈,0.43447,0.000002
1342,雪球扭蛋机,1346,吸血习性,0.509279,0.000716
1006,利刃华尔兹,1097,巫师式思考,0.464646,0.000121
1074,缩小射线,1331,至高天诺言,0.430091,0.000013
1325,玻璃大炮,1403,属性叠属性！,0.501164,0.00004
1391,红包,2016,注魔,0.538685,0.000093
1054,物法皆修,1386,转得我眩晕了,0.406929,0.000001
1315,快中求稳,1330,活力再生,0.494541,0.000015
1103,面包和黄油,1211,杀戮时间到了,0.466222,0.000715
1238,质变：棱彩阶,1415,双生火焰,0.510175,0.000198
1069,退敌力场,1336,升级：无尽之刃,0.472808,0.000107
1372,小猫咪找妈妈,2010,双发快射,0.493901,0.000004
1088,终极刷新,1149,不动如山,0.444236,0.000111
1029,虚幻武器,1317,升级：弯刀,0.415673,0.000008
1025,俯冲轰炸,1129,神射法师,0.491692,0.000346
1411,升级：荆棘之甲,1421,舞会女王,0.537417,0.000043
1141,全心为你,2009,狂热者,0.471815,0.000012
1198,圣火,1319,升级：献祭,0.47825,0.000107
1313,作弊：我能回城！,1342,雪球扭蛋机,0.480643,0.000204
1409,魄罗爆破手,1415,双生火焰,0.4983,0.00045
1023,魔鬼之舞,1057,山脉龙魂,0.485568,0.000139
1316,刃下生风,1392,神圣雪球,0.460556,0.000033
1112,终极不可阻挡,1409,魄罗爆破手,0.462481,0.000093
1060,海洋龙魂,1084,穿针引线,0.49038,0.000529
1035,感受燃烧,1311,溢流,0.487326,0.000161
1336,升级：无尽之刃,1337,尊我为王,0.522936,0.000126
1076,天音爆,1085,折磨者,0.473004,0.000027
1107,接二连三,1327,坚若磐石,0.425702,0.000032
1054,物法皆修,2007,你肩上的恶魔,0.413464,0.000009
1411,升级：荆棘之甲,2010,双发快射,0.484244,0.000004
1115,最万用的瞄准镜,1348,闪闪现现,0.447116,0.000029
1187,闪光弹,1205,物理转魔法,0.466064,0.000068
1115,最万用的瞄准镜,1205,物理转魔法,0.449114,0.000145
1009,霸符兄弟,1181,重量级打击手,0.538878,0.000209
1015,死亡之环,1027,大地苏醒,0.46805,0.00001
1023,魔鬼之舞,1053,科学狂人,0.533265,0.000145
1036,火上浇油,2009,狂热者,0.485414,0.000257
1077,灵魂虹吸,1181,重量级打击手,0.475872,0.000189
1046,炼狱龙魂,1129,神射法师,0.469521,0.000486
1047,关键暴击,2016,注魔,0.455151,0.000028
1020,黎明使者的坚决,1250,一板一眼,0.476447,0.000105
1070,无休回复,1332,不祥契约,0.514201,0.000127
1047,关键暴击,2005,扳机炼狱,0.442417,0.000047
1006,利刃华尔兹,1149,不动如山,0.445619,0.000083
1025,俯冲轰炸,1088,终极刷新,0.478047,0.000223
1019,全凭身法,1400,最终都市列车,0.522999,0.000194
1063,狂徒豪气,1129,神射法师,0.526046,0.000274
1107,接二连三,1319,升级：献祭,0.458528,0.000054
1373,缩小引擎,1420,咏叹奏鸣,0.579085,0.000527
1088,终极刷新,1404,属性！,0.498358,0.000027
1187,闪光弹,1373,缩小引擎,0.476528,0.000001
1020,黎明使者的坚决,1375,吞噬灵魂,0.483489,0.000202
1034,防护面纱,1328,暴击律动,0.509476,0.000205
1195,巨人杀手,1334,升级：雪球,0.527172,0.000581
1108,自我毁灭,1388,无限循环往复,0.494742,0.000256
1347,吵闹鬼,1402,属性叠属性叠属性！,0.507787,0.000007
1038,有始有终,1336,升级：无尽之刃,0.526969,0.000401
1180,超强大脑,1211,杀戮时间到了,0.502039,0.000672
1068,循环往复,1238,质变：棱彩阶,0.517419,0.002123
1319,升级：献祭,1415,双生火焰,0.464689,0.000023
1308,火狐,2007,你肩上的恶魔,0.45993,0.000035
1310,小丑学院,1319,升级：献祭,0.503174,0.00015
1342,雪球扭蛋机,1402,属性叠属性叠属性！,0.503431,0.000032
1027,大地苏醒,1243,质变：混沌,0.494869,0.000099
1238,质变：棱彩阶,1319,升级：献祭,0.513641,0.000592
1361,任务：艾卡西亚的陷落,1402,属性叠属性叠属性！,0.538383,0.000013
1180,超强大脑,1401,生机迸发,0.477146,0.000036
1081,踢踏舞,1318,升级：中娅,0.44535,0.000044
1036,火上浇油,1341,帽上加帽,0.463396,0.00027
1007,大力,1113,老练狙神,0.468941,0.000292
1052,闪电打击,1331,至高天诺言,0.433889,0.000006
1326,夜狩,1414,卡皮巴拉空投,0.411974,0.000022
1103,面包和黄油,1345,心灵净化,0.463917,0.000816
1038,有始有终,1314,强力护盾,0.487434,0.000111
1070,无休回复,1358,弹球,0.483152,0.00004
1238,质变：棱彩阶,1348,闪闪现现,0.464908,0.000113
1401,生机迸发,1411,升级：荆棘之甲,0.541678,0.000057
1054,物法皆修,2001,当心小蛋糕！,0.46097,0.000031
1019,全凭身法,1308,火狐,0.511851,0.000091
1072,炽烈黎明,1081,踢踏舞,0.448862,0.000047
1004,回归基本功,1069,退敌力场,0.474792,0.000049
1341,帽上加帽,1379,未知符文_1379,0.443754,0.000002
1342,雪球扭蛋机,1404,属性！,0.515271,0.000064
1050,基石法师,1051,点亮他们！,0.468695,0.000093
1044,冰寒,1113,老练狙神,0.496793,0.001301
1323,残忍,1404,属性！,0.519345,0.000035
1311,溢流,2002,虚空裂隙,0.511138,0.000449
1104,仆从大师,1337,尊我为王,0.529614,0.000011
1035,感受燃烧,1154,任务：海牛阿福的勇士,0.485725,0.000018
1054,物法皆修,1356,暴击飞弹,0.476687,0.000119
1046,炼狱龙魂,1315,快中求稳,0.505989,0.000275
1373,缩小引擎,1413,和我一起困在这里,0.481816,0.000039
12317,潘朵拉的盒子,1323,残忍,0.578611,0
1129,神射法师,1413,和我一起困在这里,0.455726,0.000016
1002,尖端发明家,2024,由暴生急,0.418555,0.000035
1063,狂徒豪气,1348,闪闪现现,0.465919,0.000017
0,无符文,1020,黎明使者的坚决,0.592455,0.009438
1180,超强大脑,1321,砍伤,0.433495,0.00002
1029,虚幻武器,1041,歌利亚巨人,0.492382,0.001007
1025,俯冲轰炸,1406,祖母的辣椒油,0.537024,0.000284
1035,感受燃烧,12317,潘朵拉的盒子,0.48503,0
1020,黎明使者的坚决,2009,狂热者,0.484151,0.000028
1206,魔法转物理,1379,未知符文_1379,0.436803,0.000003
1116,闪现向前,1170,万用瞄准镜,0.467246,0.000063
1028,侵蚀,1154,任务：海牛阿福的勇士,0.493404,0.000069
1053,科学狂人,1326,夜狩,0.499271,0.000179
1325,玻璃大炮,1346,吸血习性,0.483062,0.000621
1037,急救用具,1103,面包和黄油,0.466736,0.000281
1022,灵巧,2006,飞身踢,0.491426,0.000293
1205,物理转魔法,1344,最终形态,0.494537,0.000394
1002,尖端发明家,2006,飞身踢,0.482188,0.000559
1211,杀戮时间到了,1327,坚若磐石,0.444554,0.00016
1066,量子计算,1416,海克斯科技龙魂,0.480322,0.000033
1073,暗影疾奔,1389,男爵之手,0.549857,0.000013
1070,无休回复,1361,任务：艾卡西亚的陷落,0.539575,0.000061
1323,残忍,1391,红包,0.530563,0.000173
1206,魔法转物理,2024,由暴生急,0.488056,0.000089
1009,霸符兄弟,1098,急急小子,0.514983,0.000122
1074,缩小射线,1320,升级：收集者,0.453306,0.00077
1112,终极不可阻挡,1379,未知符文_1379,0.405858,0
2005,扳机炼狱,2024,由暴生急,0.430117,0.000025
1098,急急小子,1411,升级：荆棘之甲,0.503112,0.00001
1348,闪闪现现,2006,飞身踢,0.461233,0.000001
1150,面包和果酱,1348,闪闪现现,0.44028,0.000033
1004,回归基本功,1112,终极不可阻挡,0.625,0
1136,扇巴掌,1156,任务：沃格勒特的巫师帽,0.499196,0.000436
1151,面包和奶酪,1313,作弊：我能回城！,0.48895,0.000531
1084,穿针引线,1323,残忍,0.465772,0.000277
1066,量子计算,1105,家园卫士,0.500819,0.000092
1225,双刀流,1416,海克斯科技龙魂,0.509881,0.00009
1327,坚若磐石,2016,注魔,0.442222,0.000007
1390,超凡邪恶,1414,卡皮巴拉空投,0.451217,0.000128
1002,尖端发明家,1323,残忍,0.486019,0.000408
1020,黎明使者的坚决,1335,夺金,0.474644,0.000034
1379,未知符文_1379,2009,狂热者,0.475257,0.000007
1092,易损,1418,砸开那颗蛋,0.482257,0.000002
1047,关键暴击,1225,双刀流,0.539146,0.000784
1046,炼狱龙魂,1388,无限循环往复,0.486444,0.000413
1082,残暴之力,1208,轨道镭射,0.447742,0.000027
1331,至高天诺言,1389,男爵之手,0.546974,0.000001
1205,物理转魔法,1206,魔法转物理,0.552,0
1112,终极不可阻挡,1141,全心为你,0.446504,0.000019
1064,坚韧,1353,坦克引擎,0.486489,0.007087
1338,升级：狂妄,2004,信念者的强化,0.43347,0.000003
1305,练腿日,1342,雪球扭蛋机,0.493839,0.000143
1420,咏叹奏鸣,2005,扳机炼狱,0.471999,0.000069
1045,炼狱导管,1386,转得我眩晕了,0.464174,0.000003
1075,慢炖,1353,坦克引擎,0.550155,0.005599
1071,更万用的瞄准镜,1237,质变：黄金阶,0.507316,0.000716
1009,霸符兄弟,1220,连拨击锤,0.478985,0.000146
1088,终极刷新,1136,扇巴掌,0.457989,0.000226
1061,回力OK镖,1313,作弊：我能回城！,0.500632,0.000168
1134,亮出你的剑,2001,当心小蛋糕！,0.59202,0.000049
1023,魔鬼之舞,1314,强力护盾,0.481887,0.00011
1397,地狱三头犬,2016,注魔,0.442703,0.000012
1108,自我毁灭,1320,升级：收集者,0.461261,0.000172
1077,灵魂虹吸,1420,咏叹奏鸣,0.514328,0.000096
1026,唯快不破,1035,感受燃烧,0.495028,0.000027
1345,心灵净化,1409,魄罗爆破手,0.48012,0.0005
1103,面包和黄油,1391,红包,0.522648,0.000311
1088,终极刷新,2001,当心小蛋糕！,0.474817,0.000027
1098,急急小子,1336,升级：无尽之刃,0.469507,0.000113
1204,叠角龙,1313,作弊：我能回城！,0.524573,0.000049
1389,男爵之手,1391,红包,0.592128,0.000045
1036,火上浇油,1388,无限循环往复,0.469436,0.000165
1076,天音爆,1405,速度恶魔,0.489826,0.000035
1400,最终都市列车,1406,祖母的辣椒油,0.535524,0.000338
1067,古式佳酿,1154,任务：海牛阿福的勇士,0.481275,0.000109
1098,急急小子,1349,终极唤醒,0.465149,0.000104
1311,溢流,2006,飞身踢,0.490513,0.000195
1027,大地苏醒,1062,全能龙魂,0.49566,0.000048
1238,质变：棱彩阶,1330,活力再生,0.484944,0.000188
1032,裁决使,1195,巨人杀手,0.525147,0.005798
1045,炼狱导管,1418,砸开那颗蛋,0.498955,0.000006
1326,夜狩,1413,和我一起困在这里,0.435698,0.000022
1331,至高天诺言,1397,地狱三头犬,0.414717,0.000005
1180,超强大脑,2002,虚空裂隙,0.508738,0.000185
1318,升级：中娅,2007,你肩上的恶魔,0.425548,0.000024
1044,冰寒,1095,风语者的祝福,0.481439,0.000132
1027,大地苏醒,1036,火上浇油,0.461495,0.000053
1007,大力,1138,渴血,0.534341,0.000914
1103,面包和黄油,1170,万用瞄准镜,0.456466,0.000417
1138,渴血,1353,坦克引擎,0.487077,0.001893
1022,灵巧,1404,属性！,0.545255,0.00008
1092,易损,2024,由暴生急,0.480952,0.000185
1007,大力,1237,质变：黄金阶,0.518856,0.000227
0,无符文,1401,生机迸发,0.629569,0.005353
1205,物理转魔法,1301,神圣干预,0.469616,0.000259
1384,捐赠,1420,咏叹奏鸣,0.557773,0.000319
1081,踢踏舞,1113,老练狙神,0.439731,0.000346
1072,炽烈黎明,1340,升级：米凯尔的祝福,0.510238,0.000024
1326,夜狩,1411,升级：荆棘之甲,0.48187,0.000008
1315,快中求稳,1316,刃下生风,0.516096,0.000153
1068,循环往复,1076,天音爆,0.507699,0.000186
1141,全心为你,1151,面包和奶酪,0.480085,0.000155
1042,恶趣味,1358,弹球,0.458645,0.000072
1324,蛋白粉奶昔,1390,超凡邪恶,0.462493,0.000238
1104,仆从大师,1149,不动如山,0.465644,0.000008
1022,灵巧,1057,山脉龙魂,0.484887,0.000087
1041,歌利亚巨人,1401,生机迸发,0.508952,0.000316
1085,折磨者,1327,坚若磐石,0.466112,0.000214
1036,火上浇油,1356,暴击飞弹,0.506326,0.000257
1076,天音爆,2001,当心小蛋糕！,0.48734,0.000047
1027,大地苏醒,1141,全心为你,0.41129,0.000005
1026,唯快不破,1041,歌利亚巨人,0.49037,0.000143
1041,歌利亚巨人,1044,冰寒,0.473007,0.000629
1067,古式佳酿,1195,巨人杀手,0.548991,0.000944
1243,质变：混沌,2001,当心小蛋糕！,0.524298,0.000052
1087,台风,1095,风语者的祝福,0.492716,0.000015
1026,唯快不破,1129,神射法师,0.489136,0.000104
1028,侵蚀,1037,急救用具,0.477176,0.00011
1066,量子计算,1087,台风,0.447584,0.000074
1007,大力,1206,魔法转物理,0.521951,0.000671
1344,最终形态,1347,吵闹鬼,0.465385,0.00006
1339,激光治疗,1390,超凡邪恶,0.481635,0.000065
1019,全凭身法,1103,面包和黄油,0.464329,0.000495
1325,玻璃大炮,1340,升级：米凯尔的祝福,0.454533,0.000006
1104,仆从大师,1243,质变：混沌,0.494852,0.000045
1349,终极唤醒,1358,弹球,0.442139,0.000042
1015,死亡之环,1107,接二连三,0.44745,0.000031
1063,狂徒豪气,1331,至高天诺言,0.433764,0.000006
1150,面包和果酱,1361,任务：艾卡西亚的陷落,0.511513,0.000053
1050,基石法师,1074,缩小射线,0.453665,0.000116
1327,坚若磐石,1335,夺金,0.455224,0.00004
1103,面包和黄油,2006,飞身踢,0.467037,0.000211
1025,俯冲轰炸,1076,天音爆,0.45735,0.000035
1064,坚韧,1391,红包,0.517992,0.000287
1080,会心防御,1317,升级：弯刀,0.436818,0.000004
1353,坦克引擎,2003,魄罗之王的弹跳,0.485483,0.000183
1095,风语者的祝福,1152,任务：钢化你心,0.476623,0.000451
1002,尖端发明家,1136,扇巴掌,0.482078,0.00112
1076,天音爆,1327,坚若磐石,0.457356,0.000036
1116,闪现向前,1334,升级：雪球,0.478722,0.000008
1195,巨人杀手,1409,魄罗爆破手,0.540257,0.001008
1025,俯冲轰炸,1315,快中求稳,0.524735,0.000224
1076,天音爆,12317,潘朵拉的盒子,0.491607,0
1342,雪球扭蛋机,1424,???,0.45459,0.000014
1097,巫师式思考,1349,终极唤醒,0.467522,0.000347
1388,无限循环往复,1424,???,0.467151,0.000015
1086,精准奇才,1151,面包和奶酪,0.476212,0.000119
1019,全凭身法,1152,任务：钢化你心,0.485285,0.000392
1338,升级：狂妄,1391,红包,0.542905,0.000581
1321,砍伤,1421,舞会女王,0.497208,0.000017
1315,快中求稳,1349,终极唤醒,0.505308,0.000166
1074,缩小射线,1379,未知符文_1379,0.441894,0.000003
1066,量子计算,1088,终极刷新,0.453897,0.00011
1045,炼狱导管,1346,吸血习性,0.559461,0.002832
1068,循环往复,1081,踢踏舞,0.469079,0.000293
1028,侵蚀,1424,???,0.468949,0.000009
1036,火上浇油,1150,面包和果酱,0.460085,0.0002
1389,男爵之手,2010,双发快射,0.54007,0.00001
1015,死亡之环,1375,吞噬灵魂,0.499789,0.000261
1009,霸符兄弟,1115,最万用的瞄准镜,0.506093,0.000213
1080,会心防御,1324,蛋白粉奶昔,0.458221,0.000096
1308,火狐,1389,男爵之手,0.563398,0.000018
1205,物理转魔法,1319,升级：献祭,0.488886,0.000158
1348,闪闪现现,1389,男爵之手,0.539474,0
1339,激光治疗,1356,暴击飞弹,0.451354,0.000006
1204,叠角龙,1372,小猫咪找妈妈,0.531626,0.000001
1151,面包和奶酪,1323,残忍,0.488472,0.000258
1023,魔鬼之舞,1112,终极不可阻挡,0.468617,0.000113
1002,尖端发明家,2002,虚空裂隙,0.470362,0.000143
1330,活力再生,2007,你肩上的恶魔,0.418793,0.000006
1022,灵巧,1052,闪电打击,0.527161,0.004088
1076,天音爆,1105,家园卫士,0.510366,0.000054
1138,渴血,1397,地狱三头犬,0.49033,0.000638
1071,更万用的瞄准镜,1084,穿针引线,0.489092,0.00188
1060,海洋龙魂,1104,仆从大师,0.518101,0.000049
1034,防护面纱,1392,神圣雪球,0.4484,0.000029
1020,黎明使者的坚决,1314,强力护盾,0.467467,0.000095
1315,快中求稳,2007,你肩上的恶魔,0.459417,0.000025
1028,侵蚀,1170,万用瞄准镜,0.480789,0.000145
1187,闪光弹,2002,虚空裂隙,0.516327,0
1372,小猫咪找妈妈,1409,魄罗爆破手,0.50482,0.000039
1095,风语者的祝福,1141,全心为你,0.554427,0.000424
1058,秘术冲拳,2002,虚空裂隙,0.470151,0.000026
1030,尤里卡,1113,老练狙神,0.498127,0.001808
1011,你摸不到,1414,卡皮巴拉空投,0.426517,0.000006
1027,大地苏醒,1116,闪现向前,0.464324,0.00002
1095,风语者的祝福,1413,和我一起困在这里,0.459247,0.000002
1317,升级：弯刀,1320,升级：收集者,0.408558,0
12317,潘朵拉的盒子,1384,捐赠,0.522415,0.000002
1004,回归基本功,1023,魔鬼之舞,0.536549,0.0001
1084,穿针引线,1416,海克斯科技龙魂,0.464857,0.000184
1071,更万用的瞄准镜,1310,小丑学院,0.537193,0.00072
1034,防护面纱,2003,魄罗之王的弹跳,0.467393,0.000015
1022,灵巧,1042,恶趣味,0.476057,0.000042
1138,渴血,1332,不祥契约,0.479825,0.000277
1027,大地苏醒,1086,精准奇才,0.445128,0.000016
1027,大地苏醒,1107,接二连三,0.456969,0.00008
1225,双刀流,2003,魄罗之王的弹跳,0.478373,0.000022
1067,古式佳酿,1403,属性叠属性！,0.534308,0.000113
1038,有始有终,2010,双发快射,0.516173,0.000134
1225,双刀流,1305,练腿日,0.545213,0.000442
1081,踢踏舞,1141,全心为你,0.453723,0.000019
1020,黎明使者的坚决,2008,负重爆气,0.481554,0.000077
1113,老练狙神,1328,暴击律动,0.441709,0.000481
1316,刃下生风,1401,生机迸发,0.468398,0.000019
1056,由心及物,1308,火狐,0.543498,0.000204
1097,巫师式思考,1310,小丑学院,0.513976,0.000379
1046,炼狱龙魂,1405,速度恶魔,0.478238,0.000247
1030,尤里卡,1134,亮出你的剑,0.505386,0.000023
1042,恶趣味,1389,男爵之手,0.498542,0.000005
1004,回归基本功,1401,生机迸发,0.500636,0.000034
1058,秘术冲拳,1075,慢炖,0.460912,0.000144
1076,天音爆,1170,万用瞄准镜,0.446811,0.000017
1103,面包和黄油,1341,帽上加帽,0.47371,0.000692
1030,尤里卡,1237,质变：黄金阶,0.512715,0.000791
1112,终极不可阻挡,1313,作弊：我能回城！,0.457796,0.000245
1323,残忍,1358,弹球,0.465753,0.000071
1316,刃下生风,1996,升级：耀光,0.476927,0.000053
1341,帽上加帽,2018,纯粹主义者 - 术师,0.472025,0.000073
1095,风语者的祝福,1330,活力再生,0.493873,0.000002
1071,更万用的瞄准镜,2003,魄罗之王的弹跳,0.458566,0.00006
1032,裁决使,1097,巫师式思考,0.489103,0.003223
1060,海洋龙魂,1205,物理转魔法,0.509631,0.000541
1035,感受燃烧,1208,轨道镭射,0.333333,0
1326,夜狩,1335,夺金,0.470983,0.000088
1015,死亡之环,1062,全能龙魂,0.510312,0.000037
1136,扇巴掌,1238,质变：棱彩阶,0.513116,0.001131
1152,任务：钢化你心,1333,逃跑计划,0.539154,0.001021
1133,魔法飞弹,1375,吞噬灵魂,0.481955,0.000478
1170,万用瞄准镜,1180,超强大脑,0.455333,0.000042
1084,穿针引线,1118,会心治疗,0.471623,0.000745
1063,狂徒豪气,1211,杀戮时间到了,0.501453,0.000398
1113,老练狙神,1305,练腿日,0.486368,0.000329
1225,双刀流,2002,虚空裂隙,0.476273,0.000014
1035,感受燃烧,1250,一板一眼,0.468341,0.000072
1104,仆从大师,1136,扇巴掌,0.524047,0.000042
1028,侵蚀,1328,暴击律动,0.499172,0.000169
1134,亮出你的剑,1319,升级：献祭,0.627373,0.000002
1015,死亡之环,1314,强力护盾,0.459418,0.00013
1080,会心防御,2007,你肩上的恶魔,0.454656,0.000015
1053,科学狂人,12317,潘朵拉的盒子,0.491686,0
1050,基石法师,1088,终极刷新,0.467113,0.000176
1030,尤里卡,1330,活力再生,0.457534,0.000024
1050,基石法师,1129,神射法师,0.473266,0.000463
1116,闪现向前,1356,暴击飞弹,0.503823,0.000032
1149,不动如山,1391,红包,0.508753,0.000118
1327,坚若磐石,2010,双发快射,0.419673,0.000006
1019,全凭身法,1411,升级：荆棘之甲,0.502125,0.000016
1028,侵蚀,1061,回力OK镖,0.510488,0.000072
0,无符文,1392,神圣雪球,0.566129,0.004158
1238,质变：棱彩阶,2018,纯粹主义者 - 术师,0.499908,0.000072
1138,渴血,1392,神圣雪球,0.458793,0.000153
1353,坦克引擎,1406,祖母的辣椒油,0.506483,0.001118
1026,唯快不破,1301,神圣干预,0.478055,0.000039
1085,折磨者,2006,飞身踢,0.476858,0.000116
1198,圣火,2002,虚空裂隙,0.469214,0.000036
1204,叠角龙,1327,坚若磐石,0.473546,0.00001
1092,易损,1104,仆从大师,0.50188,0.000078
1045,炼狱导管,2016,注魔,0.498012,0.000167
1092,易损,1420,咏叹奏鸣,0.527094,0.000143
1041,歌利亚巨人,1054,物法皆修,0.464247,0.000138
1187,闪光弹,1250,一板一眼,0.466441,0.000106
1092,易损,1341,帽上加帽,0.489011,0.000504
1129,神射法师,1326,夜狩,0.46314,0.000322
1095,风语者的祝福,1149,不动如山,0.452645,0.000122
1034,防护面纱,1060,海洋龙魂,0.501007,0.000114
1074,缩小射线,1198,圣火,0.438665,0.000056
1081,踢踏舞,1243,质变：混沌,0.495293,0.000276
1044,冰寒,1356,暴击飞弹,0.483632,0.00014
1073,暗影疾奔,1372,小猫咪找妈妈,0.446114,0.000003
1051,点亮他们！,1335,夺金,0.494601,0.000071
1018,巨像的勇气,1116,闪现向前,0.455777,0.000022
1006,利刃华尔兹,1313,作弊：我能回城！,0.45606,0.000294
1133,魔法飞弹,1308,火狐,0.526538,0.000709
1028,侵蚀,1405,速度恶魔,0.510567,0.000113
1225,双刀流,1316,刃下生风,0.50276,0.000124
1030,尤里卡,1388,无限循环往复,0.499225,0.000483
1327,坚若磐石,1358,弹球,0.442569,0.000062
1134,亮出你的剑,1402,属性叠属性叠属性！,0.620653,0.000019
1009,霸符兄弟,1071,更万用的瞄准镜,0.524907,0.000431
1037,急救用具,1341,帽上加帽,0.466551,0.00014
1062,全能龙魂,1088,终极刷新,0.477079,0.000104
1214,旋转至胜,2006,飞身踢,0.495443,0.000075
1019,全凭身法,1067,古式佳酿,0.52115,0.000474
1384,捐赠,2003,魄罗之王的弹跳,0.497536,0.000092
1048,珠光护手,1353,坦克引擎,0.468614,0.001343
1068,循环往复,1138,渴血,0.510522,0.001337
1141,全心为你,1180,超强大脑,0.450214,0.000061
0,无符文,1074,缩小射线,0.556654,0.017695
1041,歌利亚巨人,1311,溢流,0.496744,0.000766
1097,巫师式思考,1138,渴血,0.502509,0.000459
1108,自我毁灭,1342,雪球扭蛋机,0.47129,0.000239
1063,狂徒豪气,1088,终极刷新,0.457121,0.00008
1358,弹球,1361,任务：艾卡西亚的陷落,0.498087,0.000057
1044,冰寒,2006,飞身踢,0.473094,0.000183
1409,魄罗爆破手,1424,???,0.471973,0.000043
1050,基石法师,1237,质变：黄金阶,0.494206,0.000265
1032,裁决使,1057,山脉龙魂,0.472626,0.000404
1069,退敌力场,1116,闪现向前,0.434411,0.000014
1006,利刃华尔兹,1052,闪电打击,0.463297,0.000299
1198,圣火,1348,闪闪现现,0.436619,0.000009
1328,暴击律动,2002,虚空裂隙,0.447332,0.000019
1020,黎明使者的坚决,1392,神圣雪球,0.446688,0.000017
1051,点亮他们！,1340,升级：米凯尔的祝福,0.482141,0.000006
1036,火上浇油,1138,渴血,0.509754,0.001134
1074,缩小射线,1211,杀戮时间到了,0.44605,0.000352
1414,卡皮巴拉空投,1424,???,0.436268,0.000003
1206,魔法转物理,1384,捐赠,0.546391,0.000443
1310,小丑学院,2009,狂热者,0.546746,0.000125
1035,感受燃烧,1214,旋转至胜,0.507389,0.000025
0,无符文,1358,弹球,0.600482,0.008907
1015,死亡之环,1208,轨道镭射,0.464472,0.000015
1036,火上浇油,2016,注魔,0.45362,0.000041
1138,渴血,1404,属性！,0.55128,0.000126
1037,急救用具,1068,循环往复,0.495275,0.000416
1081,踢踏舞,1348,闪闪现现,0.447632,0.000027
1037,急救用具,1170,万用瞄准镜,0.468585,0.000075
1104,仆从大师,1347,吵闹鬼,0.494284,0.000006
1048,珠光护手,1205,物理转魔法,0.484599,0.003886
1311,溢流,2005,扳机炼狱,0.474182,0.000059
1048,珠光护手,1356,暴击飞弹,0.531474,0.000655
1092,易损,1149,不动如山,0.455996,0.000075
1346,吸血习性,1420,咏叹奏鸣,0.540837,0.000786
1086,精准奇才,1237,质变：黄金阶,0.474724,0.000102
1085,折磨者,1311,溢流,0.462376,0.000116
1340,升级：米凯尔的祝福,1388,无限循环往复,0.564706,0.000013
1062,全能龙魂,1317,升级：弯刀,0.438106,0.000004
1338,升级：狂妄,1390,超凡邪恶,0.480032,0.000867
1062,全能龙魂,1097,巫师式思考,0.509676,0.000261
1353,坦克引擎,2026,杀意翻涌,0.479723,0.000185
1104,仆从大师,1326,夜狩,0.444379,0.000038
1211,杀戮时间到了,1373,缩小引擎,0.492529,0.000494
1104,仆从大师,2008,负重爆气,0.498354,0.000054
1007,大力,1103,面包和黄油,0.490265,0.000322
1113,老练狙神,1205,物理转魔法,0.476095,0.001549
1134,亮出你的剑,2018,纯粹主义者 - 术师,0.531397,0.000026
1324,蛋白粉奶昔,1405,速度恶魔,0.455598,0.000102
1042,恶趣味,1064,坚韧,0.472945,0.000871
1085,折磨者,1405,速度恶魔,0.482642,0.000047
1035,感受燃烧,1112,终极不可阻挡,0.474794,0.000054
1308,火狐,1347,吵闹鬼,0.502769,0.000015
1064,坚韧,1418,砸开那颗蛋,0.467717,0.000006
1002,尖端发明家,1346,吸血习性,0.473313,0.001341
1023,魔鬼之舞,1037,急救用具,0.491759,0.00012
1029,虚幻武器,1034,防护面纱,0.483605,0.000177
1007,大力,2006,飞身踢,0.493946,0.000167
1384,捐赠,1424,???,0.481814,0.00004
1053,科学狂人,1386,转得我眩晕了,0.455758,0.000001
1327,坚若磐石,1379,未知符文_1379,0.401368,0.000001
1037,急救用具,1340,升级：米凯尔的祝福,0.551022,0.00046
1088,终极刷新,12317,潘朵拉的盒子,0.534856,0
1073,暗影疾奔,1318,升级：中娅,0.506141,0.00011
2003,魄罗之王的弹跳,2007,你肩上的恶魔,0.437656,0.000007
1030,尤里卡,1195,巨人杀手,0.559914,0.001566
1027,大地苏醒,1322,罪恶快感,0.481178,0.000199
1406,祖母的辣椒油,2024,由暴生急,0.478988,0.000032
1029,虚幻武器,1112,终极不可阻挡,0.47004,0.000208
1068,循环往复,1321,砍伤,0.487256,0.000238
1325,玻璃大炮,1328,暴击律动,0.443928,0.000171
1198,圣火,1325,玻璃大炮,0.430423,0.000019
1071,更万用的瞄准镜,2004,信念者的强化,0.439879,0.000007
1050,基石法师,1057,山脉龙魂,0.473196,0.00007
1006,利刃华尔兹,1220,连拨击锤,0.452394,0.000141
1035,感受燃烧,1375,吞噬灵魂,0.487332,0.000089
1336,升级：无尽之刃,1390,超凡邪恶,0.467859,0.000114
2001,当心小蛋糕！,2016,注魔,0.492488,0.000056
1006,利刃华尔兹,1054,物法皆修,0.444845,0.000048
1060,海洋龙魂,2006,飞身踢,0.499304,0.000157
1007,大力,1064,坚韧,0.487383,0.000178
1015,死亡之环,1195,巨人杀手,0.508237,0.000082
1048,珠光护手,1316,刃下生风,0.485775,0.000648
1336,升级：无尽之刃,2006,飞身踢,0.480838,0.00019
1025,俯冲轰炸,1326,夜狩,0.484532,0.000473
1097,巫师式思考,1397,地狱三头犬,0.45098,0.000051
1041,歌利亚巨人,1325,玻璃大炮,0.472617,0.000129
1023,魔鬼之舞,1156,任务：沃格勒特的巫师帽,0.496868,0.000022
1073,暗影疾奔,1345,心灵净化,0.487696,0.000615
1331,至高天诺言,1384,捐赠,0.498218,0.000016
1060,海洋龙魂,2016,注魔,0.509949,0.000321
1063,狂徒豪气,1238,质变：棱彩阶,0.539176,0.00074
1062,全能龙魂,1330,活力再生,0.48352,0.000036
1058,秘术冲拳,1391,红包,0.541679,0.000345
1104,仆从大师,1336,升级：无尽之刃,0.427459,0.000007
1056,由心及物,1344,最终形态,0.537988,0.000321
1020,黎明使者的坚决,1402,属性叠属性叠属性！,0.508491,0.000017
1009,霸符兄弟,1045,炼狱导管,0.532629,0.000638
1041,歌利亚巨人,1181,重量级打击手,0.551886,0.004191
1064,坚韧,1081,踢踏舞,0.468323,0.000263
1353,坦克引擎,2009,狂热者,0.483395,0.000194
1037,急救用具,1204,叠角龙,0.475871,0.000008
1097,巫师式思考,1311,溢流,0.50057,0.001329
1007,大力,1019,全凭身法,0.497538,0.000268
1058,秘术冲拳,1330,活力再生,0.429507,0.000114
1237,质变：黄金阶,1301,神圣干预,0.489717,0.000184
1022,灵巧,1170,万用瞄准镜,0.504626,0.002135
1011,你摸不到,1317,升级：弯刀,0.405845,0.000004
1420,咏叹奏鸣,2026,杀意翻涌,0.51752,0.000061
1069,退敌力场,1075,慢炖,0.461284,0.000104
1214,旋转至胜,1404,属性！,0.553464,0.000013
1034,防护面纱,1397,地狱三头犬,0.468427,0.000078
1405,速度恶魔,2016,注魔,0.479889,0.000043
1046,炼狱龙魂,1397,地狱三头犬,0.449967,0.000261
1136,扇巴掌,1328,暴击律动,0.4777,0.000115
1019,全凭身法,1039,冰霜 幽灵,0.4651,0.000084
1070,无休回复,1344,最终形态,0.500943,0.000263
1150,面包和果酱,1330,活力再生,0.443221,0.000036
1080,会心防御,1339,激光治疗,0.436784,0.000008
1066,量子计算,1067,古式佳酿,0.476101,0.000248
1030,尤里卡,1052,闪电打击,0.458146,0.00008
1321,砍伤,1389,男爵之手,0.514841,0.000004
1057,山脉龙魂,1392,神圣雪球,0.437822,0.000031
1018,巨像的勇气,1061,回力OK镖,0.486098,0.000054
1056,由心及物,1397,地狱三头犬,0.456235,0.000036
1420,咏叹奏鸣,1421,舞会女王,0.575584,0.000323
1038,有始有终,1098,急急小子,0.519652,0.000247
1013,星界躯体,1320,升级：收集者,0.452694,0.000114
1023,魔鬼之舞,1402,属性叠属性叠属性！,0.528328,0.000029
1019,全凭身法,1420,咏叹奏鸣,0.513925,0.000105
1237,质变：黄金阶,1349,终极唤醒,0.475036,0.000186
1205,物理转魔法,1347,吵闹鬼,0.474154,0.00009
1170,万用瞄准镜,1326,夜狩,0.459185,0.000342
1341,帽上加帽,1418,砸开那颗蛋,0.489609,0.000003
1092,易损,1152,任务：钢化你心,0.476507,0.000379
1022,灵巧,1023,魔鬼之舞,0.513799,0.000379
1194,精怪魔法,1402,属性叠属性叠属性！,0.503466,0.00001
1205,物理转魔法,2026,杀意翻涌,0.479092,0.000073
1220,连拨击锤,1320,升级：收集者,0.447384,0.000926
1353,坦克引擎,2004,信念者的强化,0.458703,0.000036
1011,你摸不到,2006,飞身踢,0.453748,0.000024
1076,天音爆,1214,旋转至胜,0.519084,0
1198,圣火,1211,杀戮时间到了,0.452406,0.000136
1133,魔法飞弹,1379,未知符文_1379,0.441841,0.000007
1103,面包和黄油,1195,巨人杀手,0.519531,0.001481
1388,无限循环往复,1996,升级：耀光,0.50029,0.000161
1238,质变：棱彩阶,1331,至高天诺言,0.471251,0.000063
1039,冰霜 幽灵,1416,海克斯科技龙魂,0.477431,0.000026
1187,闪光弹,1331,至高天诺言,0.411804,0.000001
1025,俯冲轰炸,1420,咏叹奏鸣,0.550533,0.000263
1006,利刃华尔兹,1238,质变：棱彩阶,0.493424,0.000639
0,无符文,1326,夜狩,0.559004,0.020944
1047,关键暴击,1069,退敌力场,0.443484,0.000074
1068,循环往复,1084,穿针引线,0.487854,0.001616
1214,旋转至胜,1329,史上最大雪球,0.489443,0.00006
1051,点亮他们！,1322,罪恶快感,0.498124,0.000818
1061,回力OK镖,1311,溢流,0.498938,0.000177
1379,未知符文_1379,2018,纯粹主义者 - 术师,0.458529,0.000001
1030,尤里卡,2008,负重爆气,0.500214,0.001109
1019,全凭身法,1030,尤里卡,0.490429,0.000282
1103,面包和黄油,1313,作弊：我能回城！,0.47981,0.000722
1319,升级：献祭,1322,罪恶快感,0.48562,0.000163
1029,虚幻武器,1340,升级：米凯尔的祝福,0.476017,0.000018
1018,巨像的勇气,2010,双发快射,0.42331,0.000005
1115,最万用的瞄准镜,1118,会心治疗,0.492016,0.000544
1392,神圣雪球,2024,由暴生急,0.424621,0.000015
1113,老练狙神,1149,不动如山,0.48292,0.000065
1050,基石法师,1313,作弊：我能回城！,0.499566,0.000385
1194,精怪魔法,1250,一板一眼,0.454314,0.000134
1386,转得我眩晕了,2018,纯粹主义者 - 术师,0.416459,0.000001
1074,缩小射线,1347,吵闹鬼,0.450156,0.000059
1087,台风,1134,亮出你的剑,0.532965,0.000437
1064,坚韧,1079,战争交响乐,0.459717,0.000208
1310,小丑学院,1379,未知符文_1379,0.434696,0.000001
1087,台风,1314,强力护盾,0.457296,0.000017
1070,无休回复,1390,超凡邪恶,0.527412,0.000331
1079,战争交响乐,1081,踢踏舞,0.494183,0.000485
1029,虚幻武器,1411,升级：荆棘之甲,0.505159,0.000079
1051,点亮他们！,2026,杀意翻涌,0.497658,0.000036
1356,暴击飞弹,1388,无限循环往复,0.482375,0.000139
1007,大力,1095,风语者的祝福,0.483281,0.000023
1060,海洋龙魂,1080,会心防御,0.498958,0.000091
1400,最终都市列车,2018,纯粹主义者 - 术师,0.48997,0.000049
1066,量子计算,1318,升级：中娅,0.471929,0.000068
1019,全凭身法,1318,升级：中娅,0.485924,0.000151
1392,神圣雪球,2005,扳机炼狱,0.428051,0.000011
1151,面包和奶酪,1391,红包,0.529636,0.000215
1118,会心治疗,1330,活力再生,0.470559,0.000079
1025,俯冲轰炸,1330,活力再生,0.45799,0.000015
1353,坦克引擎,1420,咏叹奏鸣,0.520336,0.000907
1048,珠光护手,1319,升级：献祭,0.46429,0.000179
1311,溢流,1397,地狱三头犬,0.441206,0.000074
0,无符文,1042,恶趣味,0.572741,0.010506
1074,缩小射线,1095,风语者的祝福,0.462314,0.000039
1073,暗影疾奔,1347,吵闹鬼,0.497243,0.000036
1214,旋转至胜,1314,强力护盾,0.49915,0.000019
1050,基石法师,1113,老练狙神,0.494083,0.00076
1069,退敌力场,1424,???,0.432403,0.000005
1034,防护面纱,1149,不动如山,0.455785,0.000073
1062,全能龙魂,2026,杀意翻涌,0.496239,0.000028
1007,大力,1050,基石法师,0.473914,0.00002
1320,升级：收集者,1389,男爵之手,0.538183,0.000045
1087,台风,1154,任务：海牛阿福的勇士,0.506113,0.000117
1053,科学狂人,1152,任务：钢化你心,0.536484,0.00067
0,无符文,1054,物法皆修,0.553778,0.011641
1022,灵巧,1077,灵魂虹吸,0.534079,0.00155
1316,刃下生风,1331,至高天诺言,0.370651,0.000001
1038,有始有终,1205,物理转魔法,0.511529,0.002455
1115,最万用的瞄准镜,1150,面包和果酱,0.455054,0.000185
1045,炼狱导管,1133,魔法飞弹,0.531634,0.005267
1334,升级：雪球,2007,你肩上的恶魔,0.431219,0.000027
1151,面包和奶酪,1156,任务：沃格勒特的巫师帽,0.497269,0.000465
1013,星界躯体,1069,退敌力场,0.436915,0.000159
1250,一板一眼,2002,虚空裂隙,0.46122,0.000024
1074,缩小射线,1317,升级：弯刀,0.397407,0.000006
1084,穿针引线,1243,质变：混沌,0.48212,0.000817
1392,神圣雪球,2018,纯粹主义者 - 术师,0.428808,0.000023
1076,天音爆,1238,质变：棱彩阶,0.486896,0.000218
1027,大地苏醒,1325,玻璃大炮,0.455108,0.000033
1029,虚幻武器,1356,暴击飞弹,0.479283,0.000133
1019,全凭身法,1250,一板一眼,0.447807,0.000283
1045,炼狱导管,1392,神圣雪球,0.467798,0.000031
1067,古式佳酿,1416,海克斯科技龙魂,0.485321,0.000071
0,无符文,1205,物理转魔法,0.582643,0.040235
1061,回力OK镖,1391,红包,0.566137,0.000124
1058,秘术冲拳,1414,卡皮巴拉空投,0.430174,0.000012
1007,大力,1348,闪闪现现,0.464328,0.000019
1018,巨像的勇气,1105,家园卫士,0.477112,0.000054
1107,接二连三,2004,信念者的强化,0.432697,0.000003
1406,祖母的辣椒油,2007,你肩上的恶魔,0.462264,0.000078
1064,坚韧,1405,速度恶魔,0.479264,0.000247
1041,歌利亚巨人,1092,易损,0.490021,0.00046
1104,仆从大师,1180,超强大脑,0.519461,0.000045
1339,激光治疗,1346,吸血习性,0.438773,0.00002
1050,基石法师,2024,由暴生急,0.443256,0.000012
1037,急救用具,2005,扳机炼狱,0.450272,0.000028
1028,侵蚀,1220,连拨击锤,0.469946,0.00012
1056,由心及物,1156,任务：沃格勒特的巫师帽,0.534242,0.000924
1321,砍伤,1384,捐赠,0.516319,0.000134
1250,一板一眼,1397,地狱三头犬,0.437043,0.000296
1030,尤里卡,1373,缩小引擎,0.53049,0.001207
1070,无休回复,1071,更万用的瞄准镜,0.518494,0.000384
1042,恶趣味,1310,小丑学院,0.487238,0.000087
1056,由心及物,1346,吸血习性,0.549706,0.001928
1330,活力再生,1337,尊我为王,0.472078,0.000018
1152,任务：钢化你心,1214,旋转至胜,0.472958,0.000212
1315,快中求稳,1318,升级：中娅,0.509662,0.000069
1336,升级：无尽之刃,1349,终极唤醒,0.45847,0.000138
1068,循环往复,1116,闪现向前,0.481379,0.000098
1108,自我毁灭,1136,扇巴掌,0.473565,0.000407
1225,双刀流,1325,玻璃大炮,0.477062,0.000123
1313,作弊：我能回城！,1348,闪闪现现,0.457172,0.00006
1194,精怪魔法,1361,任务：艾卡西亚的陷落,0.48927,0.000008
1046,炼狱龙魂,1062,全能龙魂,0.505331,0.000273
1311,溢流,1320,升级：收集者,0.47033,0.000322
1205,物理转魔法,1243,质变：混沌,0.490284,0.000706
1077,灵魂虹吸,1375,吞噬灵魂,0.464647,0.000069
0,无符文,1156,任务：沃格勒特的巫师帽,0.646214,0.018813
1034,防护面纱,1243,质变：混沌,0.487306,0.000245
1045,炼狱导管,1085,折磨者,0.506814,0.000411
1323,残忍,1347,吵闹鬼,0.463033,0.000024
1092,易损,1402,属性叠属性叠属性！,0.517361,0.000058
1092,易损,1187,闪光弹,0.471708,0.000077
1037,急救用具,1156,任务：沃格勒特的巫师帽,0.480086,0.000108
1104,仆从大师,1334,升级：雪球,0.49146,0.000028
1214,旋转至胜,2003,魄罗之王的弹跳,0.49322,0.000011
1041,歌利亚巨人,1331,至高天诺言,0.439884,0.00002
1238,质变：棱彩阶,1326,夜狩,0.485503,0.001087
1022,灵巧,1034,防护面纱,0.511458,0.000252
1027,大地苏醒,1194,精怪魔法,0.462394,0.000036
1108,自我毁灭,1411,升级：荆棘之甲,0.524049,0.000091
1406,祖母的辣椒油,2003,魄罗之王的弹跳,0.50904,0.000076
1095,风语者的祝福,1150,面包和果酱,0.491297,0.000118
1039,冰霜 幽灵,1402,属性叠属性叠属性！,0.500157,0.000026
1027,大地苏醒,1372,小猫咪找妈妈,0.417663,0.000002
1080,会心防御,1386,转得我眩晕了,0.444384,0.000001
1087,台风,1206,魔法转物理,0.481795,0.000367
1353,坦克引擎,1418,砸开那颗蛋,0.469548,0.000013
1356,暴击飞弹,1358,弹球,0.444585,0.000025
1134,亮出你的剑,2010,双发快射,0.566666,0.000177
1070,无休回复,1301,神圣干预,0.487296,0.000142
1062,全能龙魂,2007,你肩上的恶魔,0.448149,0.000008
1046,炼狱龙魂,1314,强力护盾,0.460809,0.000099
12317,潘朵拉的盒子,1334,升级：雪球,0.497997,0.000001
1062,全能龙魂,1208,轨道镭射,0.490876,0.000064
1009,霸符兄弟,1325,玻璃大炮,0.464916,0.000112
1340,升级：米凯尔的祝福,2004,信念者的强化,0.558449,0.000031
1053,科学狂人,1181,重量级打击手,0.542224,0.000462
1068,循环往复,1103,面包和黄油,0.488257,0.001209
1022,灵巧,2026,杀意翻涌,0.509587,0.00014
1141,全心为你,1238,质变：棱彩阶,0.471996,0.000247
1053,科学狂人,1056,由心及物,0.54726,0.000316
1317,升级：弯刀,1323,残忍,0.366284,0
1107,接二连三,1112,终极不可阻挡,0.455683,0.000194
1361,任务：艾卡西亚的陷落,1421,舞会女王,0.547031,0.000035
1064,坚韧,1250,一板一眼,0.477281,0.000242
1082,残暴之力,1341,帽上加帽,0.440127,0.000015
1151,面包和奶酪,1379,未知符文_1379,0.441347,0.000002
1027,大地苏醒,1085,折磨者,0.436357,0.000016
1074,缩小射线,1075,慢炖,0.469604,0.000159
1045,炼狱导管,1421,舞会女王,0.515884,0.000014
1150,面包和果酱,1194,精怪魔法,0.446698,0.000093
12317,潘朵拉的盒子,2018,纯粹主义者 - 术师,0.46367,0
1314,强力护盾,1375,吞噬灵魂,0.460889,0.000134
1149,不动如山,1348,闪闪现现,0.439767,0.000021
1025,俯冲轰炸,1133,魔法飞弹,0.492705,0.000691
1314,强力护盾,1418,砸开那颗蛋,0.463258,0.000004
1046,炼狱龙魂,1098,急急小子,0.472504,0.000211
1069,退敌力场,1115,最万用的瞄准镜,0.452936,0.000112
1151,面包和奶酪,1420,咏叹奏鸣,0.536537,0.000159
1053,科学狂人,1205,物理转魔法,0.541632,0.000397
1206,魔法转物理,1326,夜狩,0.470854,0.00059
1056,由心及物,1337,尊我为王,0.529734,0.000124
1029,虚幻武器,1334,升级：雪球,0.489021,0.000297
1046,炼狱龙魂,1150,面包和果酱,0.468353,0.000439
1097,巫师式思考,1404,属性！,0.517837,0.000073
1084,穿针引线,1418,砸开那颗蛋,0.446803,0.000003
1051,点亮他们！,1067,古式佳酿,0.48124,0.000106
1334,升级：雪球,1413,和我一起困在这里,0.455837,0.000021
1067,古式佳酿,1108,自我毁灭,0.474073,0.000383
1195,巨人杀手,1308,火狐,0.567201,0.000472
1341,帽上加帽,1373,缩小引擎,0.512901,0.000411
1373,缩小引擎,2005,扳机炼狱,0.465416,0.000149
1054,物法皆修,1238,质变：棱彩阶,0.483558,0.000483
1332,不祥契约,1401,生机迸发,0.462313,0.000028
1418,砸开那颗蛋,1420,咏叹奏鸣,0.55516,0.000026
1323,残忍,2005,扳机炼狱,0.458489,0.000004
1036,火上浇油,1097,巫师式思考,0.4686,0.000364
1085,折磨者,1112,终极不可阻挡,0.440658,0.000039
1150,面包和果酱,1389,男爵之手,0.502873,0.000012
1022,灵巧,1333,逃跑计划,0.564597,0.000763
1317,升级：弯刀,1336,升级：无尽之刃,0.415533,0.00001
1044,冰寒,1324,蛋白粉奶昔,0.44389,0.000239
1375,吞噬灵魂,2003,魄罗之王的弹跳,0.483891,0.000104
1133,魔法飞弹,1237,质变：黄金阶,0.501017,0.000962
1411,升级：荆棘之甲,1418,砸开那颗蛋,0.50551,0.000002
1051,点亮他们！,1414,卡皮巴拉空投,0.437077,0.000021
1042,恶趣味,1409,魄罗爆破手,0.509542,0.00009
1108,自我毁灭,1316,刃下生风,0.482342,0.000084
1042,恶趣味,1062,全能龙魂,0.495967,0.000083
1061,回力OK镖,1403,属性叠属性！,0.551702,0.00005
1028,侵蚀,1305,练腿日,0.508408,0.000143
1103,面包和黄油,1388,无限循环往复,0.477211,0.00038
1006,利刃华尔兹,1421,舞会女王,0.497717,0.000023
1333,逃跑计划,2003,魄罗之王的弹跳,0.522517,0.000046
1098,急急小子,2006,飞身踢,0.473054,0.000053
1088,终极刷新,1344,最终形态,0.468035,0.000288
1034,防护面纱,1311,溢流,0.492236,0.000187
1325,玻璃大炮,1336,升级：无尽之刃,0.45647,0.000163
1028,侵蚀,1071,更万用的瞄准镜,0.49854,0.000325
1086,精准奇才,1150,面包和果酱,0.468287,0.000096
1074,缩小射线,1358,弹球,0.42447,0.000047
1058,秘术冲拳,1337,尊我为王,0.583187,0.000247
1036,火上浇油,1311,溢流,0.458678,0.000229
1051,点亮他们！,1317,升级：弯刀,0.431015,0.000002
1087,台风,1336,升级：无尽之刃,0.49922,0.000916
1035,感受燃烧,1384,捐赠,0.511453,0.000087
1011,你摸不到,1225,双刀流,0.487492,0.000136
1046,炼狱龙魂,1050,基石法师,0.49101,0.000357
1338,升级：狂妄,1406,祖母的辣椒油,0.465367,0.000057
1107,接二连三,1141,全心为你,0.453061,0.000018
1077,灵魂虹吸,1330,活力再生,0.480817,0.000167
1047,关键暴击,1389,男爵之手,0.522243,0.000011
1141,全心为你,2024,由暴生急,0.453245,0.000005
1095,风语者的祝福,1333,逃跑计划,0.511239,0.0001
1046,炼狱龙魂,1220,连拨击锤,0.441488,0.000402
1073,暗影疾奔,1151,面包和奶酪,0.500267,0.000394
1208,轨道镭射,1353,坦克引擎,0.475616,0.000161
1129,神射法师,1206,魔法转物理,0.491228,0
1074,缩小射线,1214,旋转至胜,0.453508,0.000067
1311,溢流,1358,弹球,0.464546,0.000122
1035,感受燃烧,1415,双生火焰,0.463661,0.000042
1180,超强大脑,1305,练腿日,0.510156,0.000141
1319,升级：献祭,1325,玻璃大炮,0.471019,0.000017
1036,火上浇油,1079,战争交响乐,0.487676,0.000603
1006,利刃华尔兹,2001,当心小蛋糕！,0.476869,0.000047
1301,神圣干预,1353,坦克引擎,0.479681,0.001042
1079,战争交响乐,2004,信念者的强化,0.424901,0.000001
1060,海洋龙魂,1341,帽上加帽,0.502314,0.00027
1056,由心及物,1389,男爵之手,0.551983,0.000026
1116,闪现向前,1346,吸血习性,0.50406,0.000313
1180,超强大脑,1372,小猫咪找妈妈,0.454502,0.000018
1138,渴血,1327,坚若磐石,0.458645,0.000093
1058,秘术冲拳,1151,面包和奶酪,0.449656,0.000296
1015,死亡之环,1098,急急小子,0.46537,0.000045
1225,双刀流,1324,蛋白粉奶昔,0.478688,0.000048
1104,仆从大师,1996,升级：耀光,0.471753,0.000004
1336,升级：无尽之刃,1411,升级：荆棘之甲,0.482295,0.000007
1311,溢流,2008,负重爆气,0.495549,0.000499
1052,闪电打击,1077,灵魂虹吸,0.521895,0.001171
1022,灵巧,1340,升级：米凯尔的祝福,0.480166,0.00001
1030,尤里卡,1046,炼狱龙魂,0.507131,0.000906
1113,老练狙神,1415,双生火焰,0.472423,0.000416
1018,巨像的勇气,1310,小丑学院,0.481867,0.000078
1138,渴血,1325,玻璃大炮,0.460181,0.000306
1039,冰霜 幽灵,1321,砍伤,0.473646,0.000205
1056,由心及物,2010,双发快射,0.467139,0.000019
1141,全心为你,1326,夜狩,0.391738,0.000005
1329,史上最大雪球,1349,终极唤醒,0.451151,0.000098
1020,黎明使者的坚决,1316,刃下生风,0.468383,0.000035
1032,裁决使,1074,缩小射线,0.447053,0.001064
1002,尖端发明家,1238,质变：棱彩阶,0.488794,0.001126
1136,扇巴掌,1205,物理转魔法,0.495408,0.000934
1060,海洋龙魂,1409,魄罗爆破手,0.519651,0.000246
1333,逃跑计划,1335,夺金,0.532781,0.000126
1198,圣火,2018,纯粹主义者 - 术师,0.458545,0.000017
1085,折磨者,2010,双发快射,0.425159,0.000005
1015,死亡之环,1336,升级：无尽之刃,0.43568,0.000014
1060,海洋龙魂,1243,质变：混沌,0.501922,0.000383
1030,尤里卡,2018,纯粹主义者 - 术师,0.507831,0.000241
1095,风语者的祝福,2026,杀意翻涌,0.4638,0.00001
1318,升级：中娅,1411,升级：荆棘之甲,0.490286,0.000003
1036,火上浇油,1154,任务：海牛阿福的勇士,0.488621,0.0001
1220,连拨击锤,2006,飞身踢,0.438302,0.000056
1071,更万用的瞄准镜,1405,速度恶魔,0.483001,0.000361
1036,火上浇油,1092,易损,0.494861,0.000448
1070,无休回复,1329,史上最大雪球,0.490847,0.00009
1039,冰霜 幽灵,1073,暗影疾奔,0.497474,0.000074
1092,易损,1328,暴击律动,0.498925,0.000735
1053,科学狂人,1316,刃下生风,0.52386,0.00009
1072,炽烈黎明,1390,超凡邪恶,0.488349,0.000215
1327,坚若磐石,1333,逃跑计划,0.495637,0.000124
1150,面包和果酱,1310,小丑学院,0.497158,0.000331
1310,小丑学院,2004,信念者的强化,0.463182,0.000002
1022,灵巧,1405,速度恶魔,0.486756,0.000227
1079,战争交响乐,1338,升级：狂妄,0.471876,0.000673
1330,活力再生,1420,咏叹奏鸣,0.488724,0.000021
1194,精怪魔法,1405,速度恶魔,0.470197,0.000074
1034,防护面纱,1062,全能龙魂,0.504853,0.00009
1025,俯冲轰炸,1107,接二连三,0.477607,0.000223
1051,点亮他们！,2010,双发快射,0.519686,0.000315
1053,科学狂人,1416,海克斯科技龙魂,0.511455,0.000034
1187,闪光弹,2005,扳机炼狱,0.44086,0.000001
1060,海洋龙魂,2007,你肩上的恶魔,0.444444,0.00003
2006,飞身踢,2007,你肩上的恶魔,0.434398,0.000018
1036,火上浇油,1134,亮出你的剑,0.529796,0.000274
1405,速度恶魔,1411,升级：荆棘之甲,0.525462,0.000059
1034,防护面纱,1052,闪电打击,0.505373,0.000198
1011,你摸不到,1243,质变：混沌,0.481148,0.000176
1060,海洋龙魂,1388,无限循环往复,0.533295,0.000293
1996,升级：耀光,2004,信念者的强化,0.444567,0.000003
1204,叠角龙,1342,雪球扭蛋机,0.490548,0.000006
1331,至高天诺言,1404,属性！,0.494874,0.000004
1322,罪恶快感,1336,升级：无尽之刃,0.512663,0.001498
1036,火上浇油,1068,循环往复,0.480086,0.000414
1337,尊我为王,1414,卡皮巴拉空投,0.480208,0.000006
1345,心灵净化,1400,最终都市列车,0.51277,0.000539
1346,吸血习性,1415,双生火焰,0.507414,0.000744
1026,唯快不破,1030,尤里卡,0.535876,0.000208
1015,死亡之环,1018,巨像的勇气,0.496926,0.000071
1073,暗影疾奔,1206,魔法转物理,0.52898,0.000417
1071,更万用的瞄准镜,1332,不祥契约,0.481742,0.000118
1023,魔鬼之舞,1150,面包和果酱,0.48154,0.000139
1390,超凡邪恶,2003,魄罗之王的弹跳,0.474345,0.000132
1011,你摸不到,1129,神射法师,0.457644,0.000119
1029,虚幻武器,1347,吵闹鬼,0.461154,0.000062
1112,终极不可阻挡,1397,地狱三头犬,0.451306,0.000068
1041,歌利亚巨人,2002,虚空裂隙,0.478892,0.000074
1015,死亡之环,1318,升级：中娅,0.44469,0.000098
1195,巨人杀手,1337,尊我为王,0.638752,0.000455
1044,冰寒,1149,不动如山,0.468556,0.000274
1057,山脉龙魂,1067,古式佳酿,0.463238,0.000323
1243,质变：混沌,1391,红包,0.576554,0.000198
1066,量子计算,1337,尊我为王,0.468472,0.000108
1375,吞噬灵魂,2009,狂热者,0.472506,0.000074
1020,黎明使者的坚决,1067,古式佳酿,0.481835,0.000356
1060,海洋龙魂,1996,升级：耀光,0.517621,0.000145
12317,潘朵拉的盒子,1311,溢流,0.497416,0.000001
1322,罪恶快感,1342,雪球扭蛋机,0.478229,0.000222
1068,循环往复,1327,坚若磐石,0.480701,0.000271
1237,质变：黄金阶,2002,虚空裂隙,0.547573,0.00018
1046,炼狱龙魂,1334,升级：雪球,0.479224,0.000385
1037,急救用具,1414,卡皮巴拉空投,0.44872,0.000022
1026,唯快不破,1056,由心及物,0.518089,0.000063
1105,家园卫士,1149,不动如山,0.489097,0.000084
1154,任务：海牛阿福的勇士,1400,最终都市列车,0.517108,0.00004
1072,炽烈黎明,1316,刃下生风,0.443364,0.000019
1329,史上最大雪球,2005,扳机炼狱,0.452594,0.000018
1151,面包和奶酪,1386,转得我眩晕了,0.41455,0.000001
1335,夺金,2008,负重爆气,0.50558,0.000177
1076,天音爆,1403,属性叠属性！,0.510285,0.000014
1061,回力OK镖,2006,飞身踢,0.497655,0.000093
1392,神圣雪球,1397,地狱三头犬,0.439395,0.000008
1086,精准奇才,1379,未知符文_1379,0.41231,0
1113,老练狙神,1404,属性！,0.495204,0.000068
1108,自我毁灭,1205,物理转魔法,0.45884,0.000216
1025,俯冲轰炸,1073,暗影疾奔,0.53049,0.000392
1112,终极不可阻挡,1152,任务：钢化你心,0.460697,0.000359
1181,重量级打击手,1340,升级：米凯尔的祝福,0.473147,0.000011
1067,古式佳酿,1372,小猫咪找妈妈,0.48637,0.000055
1039,冰霜 幽灵,1108,自我毁灭,0.505997,0.001017
1002,尖端发明家,1009,霸符兄弟,0.492712,0.000249
1032,裁决使,1401,生机迸发,0.479353,0.000292
1170,万用瞄准镜,1181,重量级打击手,0.506482,0.000358
1028,侵蚀,1180,超强大脑,0.50889,0.000139
1036,火上浇油,1336,升级：无尽之刃,0.501445,0.000504
1384,捐赠,1401,生机迸发,0.516349,0.000158
1134,亮出你的剑,1310,小丑学院,0.661587,0.000219
1095,风语者的祝福,1211,杀戮时间到了,0.459142,0.000072
1206,魔法转物理,1208,轨道镭射,0.45321,0.000023
1019,全凭身法,1424,???,0.440726,0.000005
1080,会心防御,1353,坦克引擎,0.484526,0.000413
1026,唯快不破,1107,接二连三,0.495671,0.000171
1060,海洋龙魂,1353,坦克引擎,0.515293,0.00147
1324,蛋白粉奶昔,1421,舞会女王,0.474655,0.000017
1004,回归基本功,1328,暴击律动,0.500474,0.000266
1322,罪恶快感,1405,速度恶魔,0.475134,0.000442
1403,属性叠属性！,1409,魄罗爆破手,0.531576,0.00022
1116,闪现向前,1386,转得我眩晕了,0.433102,0
1044,冰寒,1069,退敌力场,0.472069,0.000163
1237,质变：黄金阶,1317,升级：弯刀,0.422934,0.000007
1035,感受燃烧,1420,咏叹奏鸣,0.548808,0.000133
1105,家园卫士,1107,接二连三,0.504209,0.000269
1053,科学狂人,1064,坚韧,0.499082,0.000412
1022,灵巧,1346,吸血习性,0.557857,0.005875
1015,死亡之环,1356,暴击飞弹,0.437921,0.000013
1060,海洋龙魂,2002,虚空裂隙,0.525168,0.000182
1104,仆从大师,1386,转得我眩晕了,0.456418,0
1036,火上浇油,1411,升级：荆棘之甲,0.500128,0.000017
1004,回归基本功,1045,炼狱导管,0.534071,0.000212
1025,俯冲轰炸,1345,心灵净化,0.494707,0.000902
1036,火上浇油,1070,无休回复,0.49637,0.000187
1075,慢炖,2016,注魔,0.468016,0.000017
1136,扇巴掌,2026,杀意翻涌,0.495301,0.00011
1030,尤里卡,1037,急救用具,0.488934,0.000321
1154,任务：海牛阿福的勇士,1403,属性叠属性！,0.530947,0.00003
1044,冰寒,1418,砸开那颗蛋,0.4887,0.000006
1025,俯冲轰炸,1086,精准奇才,0.455105,0.000044
1068,循环往复,1198,圣火,0.485482,0.000233
1006,利刃华尔兹,1013,星界躯体,0.456835,0.000252
1084,穿针引线,1389,男爵之手,0.516573,0.000036
1029,虚幻武器,1035,感受燃烧,0.47881,0.000119
1308,火狐,1318,升级：中娅,0.516856,0.000195
1080,会心防御,1390,超凡邪恶,0.480255,0.000119
1170,万用瞄准镜,1328,暴击律动,0.494786,0.001722
1152,任务：钢化你心,1388,无限循环往复,0.497295,0.002665
1025,俯冲轰炸,1996,升级：耀光,0.50429,0.000143
1358,弹球,1405,速度恶魔,0.469248,0.000233
1007,大力,1069,退敌力场,0.461,0.000044
1347,吵闹鬼,2010,双发快射,0.483667,0.000016
1004,回归基本功,1066,量子计算,0.484758,0.000101
1250,一板一眼,1996,升级：耀光,0.47374,0.000386
1326,夜狩,1389,男爵之手,0.503135,0.000014
1045,炼狱导管,1152,任务：钢化你心,0.476025,0.000668
1053,科学狂人,1069,退敌力场,0.474624,0.000056
1375,吞噬灵魂,1424,???,0.449437,0.000033
1028,侵蚀,1334,升级：雪球,0.498629,0.000176
1006,利刃华尔兹,1134,亮出你的剑,0.587402,0.000123
1073,暗影疾奔,1384,捐赠,0.556067,0.000347
1198,圣火,1344,最终形态,0.466209,0.000095
1301,神圣干预,1375,吞噬灵魂,0.475025,0.000205
1042,恶趣味,1416,海克斯科技龙魂,0.476584,0.000017
1187,闪光弹,1337,尊我为王,0.491401,0.000027
1333,逃跑计划,1361,任务：艾卡西亚的陷落,0.564906,0.000088
1048,珠光护手,2006,飞身踢,0.467873,0.000247
2005,扳机炼狱,2006,飞身踢,0.457534,0.000062
1071,更万用的瞄准镜,1150,面包和果酱,0.471516,0.0004
1238,质变：棱彩阶,2002,虚空裂隙,0.55187,0.000299
1070,无休回复,1084,穿针引线,0.497162,0.000342
1039,冰霜 幽灵,1071,更万用的瞄准镜,0.460567,0.000174
1345,心灵净化,1413,和我一起困在这里,0.452278,0.000033
1069,退敌力场,1384,捐赠,0.483081,0.000062
1308,火狐,1340,升级：米凯尔的祝福,0.596357,0.000046
1334,升级：雪球,2002,虚空裂隙,0.511079,0.000146
1080,会心防御,2002,虚空裂隙,0.479947,0.000023
1046,炼狱龙魂,1372,小猫咪找妈妈,0.460022,0.00001
1112,终极不可阻挡,1392,神圣雪球,0.432697,0.000035
1071,更万用的瞄准镜,1334,升级：雪球,0.476787,0.000256
1053,科学狂人,1063,狂徒豪气,0.541554,0.000131
1118,会心治疗,1384,捐赠,0.514959,0.000464
1134,亮出你的剑,1150,面包和果酱,0.519296,0.000067
1042,恶趣味,1318,升级：中娅,0.461723,0.000039
1150,面包和果酱,1311,溢流,0.477658,0.000453
1079,战争交响乐,1134,亮出你的剑,0.560479,0.000198
1018,巨像的勇气,1317,升级：弯刀,0.393307,0.000001
1063,狂徒豪气,1330,活力再生,0.493257,0.000017
1405,速度恶魔,2004,信念者的强化,0.468744,0.000022
1086,精准奇才,1341,帽上加帽,0.481791,0.000214
1068,循环往复,1402,属性叠属性叠属性！,0.509673,0.000076
1225,双刀流,1310,小丑学院,0.552706,0.000299
1331,至高天诺言,2002,虚空裂隙,0.461575,0.000004
1406,祖母的辣椒油,1420,咏叹奏鸣,0.583021,0.000588
1030,尤里卡,1074,缩小射线,0.467197,0.000292
1319,升级：献祭,1424,???,0.450566,0.000015
1325,玻璃大炮,1416,海克斯科技龙魂,0.448203,0.000043
1060,海洋龙魂,1404,属性！,0.541214,0.000025
1322,罪恶快感,1403,属性叠属性！,0.536737,0.000185
1415,双生火焰,2002,虚空裂隙,0.494316,0.000313
1384,捐赠,1391,红包,0.577548,0.00655
1007,大力,1361,任务：艾卡西亚的陷落,0.518632,0.000026
1320,升级：收集者,2002,虚空裂隙,0.463896,0.000044
1211,杀戮时间到了,1237,质变：黄金阶,0.489646,0.000615
1070,无休回复,1112,终极不可阻挡,0.474442,0.000095
1039,冰霜 幽灵,1075,慢炖,0.508211,0.000858
1238,质变：棱彩阶,1358,弹球,0.492153,0.000202
1057,山脉龙魂,1156,任务：沃格勒特的巫师帽,0.483636,0.000066
1036,火上浇油,1044,冰寒,0.480755,0.000406
1056,由心及物,1250,一板一眼,0.474514,0.000098
1097,巫师式思考,1340,升级：米凯尔的祝福,0.521062,0.000078
1067,古式佳酿,1344,最终形态,0.491827,0.000639
1313,作弊：我能回城！,1403,属性叠属性！,0.515782,0.000128
1092,易损,1107,接二连三,0.4827,0.000561
1042,恶趣味,1311,溢流,0.469905,0.000145
1336,升级：无尽之刃,1996,升级：耀光,0.508455,0.000349
1039,冰霜 幽灵,1115,最万用的瞄准镜,0.440679,0.000074
1038,有始有终,1372,小猫咪找妈妈,0.482075,0.000024
1115,最万用的瞄准镜,1413,和我一起困在这里,0.464395,0.000004
1071,更万用的瞄准镜,1339,激光治疗,0.406942,0.000012
1087,台风,1344,最终形态,0.489129,0.000168
1085,折磨者,1388,无限循环往复,0.496591,0.000131
1011,你摸不到,1134,亮出你的剑,0.578074,0.000056
1032,裁决使,1220,连拨击锤,0.450669,0.000887
1086,精准奇才,1105,家园卫士,0.519074,0.00012
0,无符文,1413,和我一起困在这里,0.581686,0.001024
1020,黎明使者的坚决,1150,面包和果酱,0.477617,0.000141
1129,神射法师,1327,坚若磐石,0.437866,0.000099
1069,退敌力场,1105,家园卫士,0.491486,0.000072
1067,古式佳酿,1187,闪光弹,0.493513,0.000085
1152,任务：钢化你心,1420,咏叹奏鸣,0.500662,0.000472
1039,冰霜 幽灵,1104,仆从大师,0.468135,0.000016
1056,由心及物,1386,转得我眩晕了,0.456614,0.000001
1044,冰寒,1373,缩小引擎,0.53395,0.000725
1075,慢炖,1238,质变：棱彩阶,0.525563,0.000981
1067,古式佳酿,1204,叠角龙,0.514344,0.000034
1047,关键暴击,1092,易损,0.489346,0.000824
1045,炼狱导管,1409,魄罗爆破手,0.520076,0.00071
1198,圣火,1316,刃下生风,0.438685,0.000007
1067,古式佳酿,1068,循环往复,0.523538,0.000962
1052,闪电打击,1334,升级：雪球,0.462667,0.00013
1187,闪光弹,1310,小丑学院,0.511209,0.000276
1045,炼狱导管,1319,升级：献祭,0.500506,0.000187
1105,家园卫士,1424,???,0.479353,0.000012
1108,自我毁灭,1325,玻璃大炮,0.445341,0.000091
1327,坚若磐石,1337,尊我为王,0.485303,0.000046
1035,感受燃烧,1328,暴击律动,0.461787,0.000062
1002,尖端发明家,1018,巨像的勇气,0.470728,0.000415
1063,狂徒豪气,1335,夺金,0.499393,0.000042
1013,星界躯体,1037,急救用具,0.469338,0.000676
1015,死亡之环,1349,终极唤醒,0.461088,0.000038
1081,踢踏舞,1390,超凡邪恶,0.49081,0.001526
1081,踢踏舞,1152,任务：钢化你心,0.486461,0.001493
1023,魔鬼之舞,1194,精怪魔法,0.462047,0.000043
1097,巫师式思考,1400,最终都市列车,0.509805,0.000214
1318,升级：中娅,2026,杀意翻涌,0.479215,0.000031
1338,升级：狂妄,1372,小猫咪找妈妈,0.455662,0.000003
1079,战争交响乐,1404,属性！,0.524574,0.000055
1015,死亡之环,1319,升级：献祭,0.521845,0.000182
1349,终极唤醒,2007,你肩上的恶魔,0.42928,0.00001
1009,霸符兄弟,1015,死亡之环,0.494696,0.000108
1156,任务：沃格勒特的巫师帽,1324,蛋白粉奶昔,0.450676,0.000027
1187,闪光弹,1317,升级：弯刀,0.420692,0.000006
1341,帽上加帽,1397,地狱三头犬,0.442788,0.000031
1133,魔法飞弹,1250,一板一眼,0.438931,0.000292
1103,面包和黄油,1317,升级：弯刀,0.398734,0.000013
1035,感受燃烧,1037,急救用具,0.499054,0.000177
1009,霸符兄弟,1036,火上浇油,0.499771,0.000221
12317,潘朵拉的盒子,1388,无限循环往复,0.476017,0
1340,升级：米凯尔的祝福,1342,雪球扭蛋机,0.503151,0.000015
1333,逃跑计划,2007,你肩上的恶魔,0.479595,0.000034
1170,万用瞄准镜,2006,飞身踢,0.469987,0.00019
1348,闪闪现现,1406,祖母的辣椒油,0.516221,0
1138,渴血,1346,吸血习性,0.531081,0.008653
1019,全凭身法,1348,闪闪现现,0.438232,0.000025
1050,基石法师,1198,圣火,0.476361,0.00013
1064,坚韧,1107,接二连三,0.455585,0.000169
1061,回力OK镖,2009,狂热者,0.491485,0.000056
1051,点亮他们！,1071,更万用的瞄准镜,0.521859,0.001308
1046,炼狱龙魂,1328,暴击律动,0.469198,0.000553
1044,冰寒,1372,小猫咪找妈妈,0.474944,0.000058
1058,秘术冲拳,1149,不动如山,0.448346,0.000082
1204,叠角龙,1335,夺金,0.51001,0.000004
1061,回力OK镖,1154,任务：海牛阿福的勇士,0.496638,0.000034
1384,捐赠,1388,无限循环往复,0.517527,0.000455
1007,大力,1335,夺金,0.512095,0.00008
1070,无休回复,1341,帽上加帽,0.503747,0.000195
1022,灵巧,1384,捐赠,0.548157,0.00058
1032,裁决使,1420,咏叹奏鸣,0.532977,0.000686
1208,轨道镭射,1327,坚若磐石,0.452455,0.000025
1220,连拨击锤,1329,史上最大雪球,0.442598,0.000092
1061,回力OK镖,1349,终极唤醒,0.480249,0.000056
1243,质变：混沌,1379,未知符文_1379,0.465177,0.000002
1030,尤里卡,1305,练腿日,0.519411,0.000538
1064,坚韧,1335,夺金,0.464356,0.000092
1019,全凭身法,1305,练腿日,0.475706,0.000203
1320,升级：收集者,1415,双生火焰,0.477529,0.000196
1019,全凭身法,1181,重量级打击手,0.490886,0.00019
1050,基石法师,1069,退敌力场,0.467762,0.00008
1225,双刀流,1330,活力再生,0.510378,0.0003
1061,回力OK镖,1068,循环往复,0.523908,0.000243
1036,火上浇油,1361,任务：艾卡西亚的陷落,0.511713,0.000032
1007,大力,1342,雪球扭蛋机,0.498781,0.00012
1301,神圣干预,2007,你肩上的恶魔,0.422812,0.000021
1104,仆从大师,1349,终极唤醒,0.482732,0.000029
1013,星界躯体,1077,灵魂虹吸,0.454353,0.00014
1041,歌利亚巨人,1420,咏叹奏鸣,0.508443,0.000425
1329,史上最大雪球,2003,魄罗之王的弹跳,0.5,0
1045,炼狱导管,1318,升级：中娅,0.505803,0.000942
1088,终极刷新,1384,捐赠,0.490453,0.000136
1322,罪恶快感,1344,最终形态,0.496308,0.001166
1057,山脉龙魂,1372,小猫咪找妈妈,0.466801,0.000007
1013,星界躯体,1048,珠光护手,0.451473,0.000357
1358,弹球,1391,红包,0.504625,0.000142
1310,小丑学院,1314,强力护盾,0.506721,0.000155
1053,科学狂人,2024,由暴生急,0.495676,0.000025
1092,易损,1406,祖母的辣椒油,0.548197,0.000551
1039,冰霜 幽灵,1052,闪电打击,0.450035,0.00008
1103,面包和黄油,1113,老练狙神,0.466777,0.000924
1071,更万用的瞄准镜,1075,慢炖,0.481417,0.000262
1081,踢踏舞,1136,扇巴掌,0.50312,0.001595
1136,扇巴掌,2010,双发快射,0.504787,0.000078
1103,面包和黄油,1356,暴击飞弹,0.46471,0.000098
1079,战争交响乐,1409,魄罗爆破手,0.458881,0.000129
1315,快中求稳,1400,最终都市列车,0.553498,0.000133
1220,连拨击锤,1331,至高天诺言,0.424795,0.000006
1318,升级：中娅,1421,舞会女王,0.490469,0.000012
1082,残暴之力,1336,升级：无尽之刃,0.49106,0.000702
1138,渴血,1208,轨道镭射,0.473146,0.000055
1037,急救用具,1346,吸血习性,0.484663,0.000805
1098,急急小子,1344,最终形态,0.48872,0.000164
1113,老练狙神,2009,狂热者,0.451858,0.000206
1023,魔鬼之舞,1108,自我毁灭,0.485138,0.00021
1386,转得我眩晕了,2010,双发快射,0.450694,0.000001
1314,强力护盾,1358,弹球,0.440615,0.000049
1015,死亡之环,1405,速度恶魔,0.476031,0.000097
1032,裁决使,1243,质变：混沌,0.4894,0.001543
1243,质变：混沌,1342,雪球扭蛋机,0.489304,0.000263
1058,秘术冲拳,2018,纯粹主义者 - 术师,0.434825,0.000068
1056,由心及物,1084,穿针引线,0.500641,0.000752
1062,全能龙魂,1375,吞噬灵魂,0.500541,0.000088
1038,有始有终,2002,虚空裂隙,0.536268,0.00045
1015,死亡之环,1401,生机迸发,0.485693,0.000051
1068,循环往复,1340,升级：米凯尔的祝福,0.536204,0.000086
1138,渴血,1305,练腿日,0.513596,0.000582
2005,扳机炼狱,2016,注魔,0.454351,0.000011
1301,神圣干预,1402,属性叠属性叠属性！,0.51618,0.000028
1133,魔法飞弹,1413,和我一起困在这里,0.451012,0.000026
1403,属性叠属性！,1405,速度恶魔,0.53571,0.000128
1066,量子计算,1205,物理转魔法,0.464389,0.000187
1069,退敌力场,2006,飞身踢,0.44013,0.000042
1023,魔鬼之舞,1214,旋转至胜,0.495877,0.000098
1026,唯快不破,1205,物理转魔法,0.504164,0.000158
1066,量子计算,1076,天音爆,0.473328,0.000029
1356,暴击飞弹,1411,升级：荆棘之甲,0.351955,0
1026,唯快不破,1356,暴击飞弹,0.520554,0.000027
1315,快中求稳,1320,升级：收集者,0.510034,0.000323
1138,渴血,1415,双生火焰,0.494347,0.00022
1062,全能龙魂,2001,当心小蛋糕！,0.512454,0.000028
1023,魔鬼之舞,1330,活力再生,0.509079,0.000004
1074,缩小射线,1150,面包和果酱,0.442286,0.000181
1081,踢踏舞,1336,升级：无尽之刃,0.519868,0.000878
1038,有始有终,1064,坚韧,0.486301,0.000211
1204,叠角龙,1301,神圣干预,0.476459,0.000012
1320,升级：收集者,1347,吵闹鬼,0.467141,0.000071
1327,坚若磐石,2007,你肩上的恶魔,0.369651,0.00001
1204,叠角龙,1311,溢流,0.524479,0.000038
1403,属性叠属性！,1406,祖母的辣椒油,0.561491,0.000225
2006,飞身踢,2018,纯粹主义者 - 术师,0.448658,0.000054
1211,杀戮时间到了,1346,吸血习性,0.515908,0.003034
1068,循环往复,1388,无限循环往复,0.491474,0.000574
1237,质变：黄金阶,1331,至高天诺言,0.460646,0.000024
1334,升级：雪球,1373,缩小引擎,0.498056,0.000272
1076,天音爆,1331,至高天诺言,0.481105,0.000167
1180,超强大脑,1415,双生火焰,0.493781,0.000153
1330,活力再生,1424,???,0.436543,0.000003
0,无符文,1030,尤里卡,0.61662,0.042384
1072,炽烈黎明,1326,夜狩,0.431651,0.000042
1052,闪电打击,1053,科学狂人,0.519792,0.00018
1390,超凡邪恶,1403,属性叠属性！,0.527747,0.000445
1048,珠光护手,1404,属性！,0.524817,0.000212
1337,尊我为王,2008,负重爆气,0.509066,0.000061
1069,退敌力场,1187,闪光弹,0.418254,0.000009
1045,炼狱导管,2005,扳机炼狱,0.482146,0.000016
1058,秘术冲拳,1134,亮出你的剑,0.521091,0.000153
1034,防护面纱,1037,急救用具,0.47302,0.00007
1413,和我一起困在这里,2003,魄罗之王的弹跳,0.477417,0.000004
1067,古式佳酿,1375,吞噬灵魂,0.485605,0.000634
1375,吞噬灵魂,2002,虚空裂隙,0.48961,0.000211
1057,山脉龙魂,1107,接二连三,0.452992,0.000065
1064,坚韧,1406,祖母的辣椒油,0.492985,0.000383
1075,慢炖,1108,自我毁灭,0.502587,0.000665
1009,霸符兄弟,1026,唯快不破,0.526989,0.000051
1340,升级：米凯尔的祝福,1409,魄罗爆破手,0.544613,0.000041
1002,尖端发明家,1339,激光治疗,0.448768,0.000047
1327,坚若磐石,1402,属性叠属性叠属性！,0.4759,0.000019
1342,雪球扭蛋机,1413,和我一起困在这里,0.461625,0.000016
1072,炽烈黎明,1305,练腿日,0.49196,0.000066
1324,蛋白粉奶昔,2018,纯粹主义者 - 术师,0.440592,0.000022
1047,关键暴击,1391,红包,0.537864,0.000173
1063,狂徒豪气,1205,物理转魔法,0.500645,0.00021
1011,你摸不到,1342,雪球扭蛋机,0.457006,0.000063
1103,面包和黄油,1152,任务：钢化你心,0.475873,0.000822
1118,会心治疗,1353,坦克引擎,0.473676,0.003194
1057,山脉龙魂,1358,弹球,0.45019,0.000058
1039,冰霜 幽灵,1318,升级：中娅,0.4519,0.000046
1305,练腿日,1345,心灵净化,0.481934,0.000445
1037,急救用具,1105,家园卫士,0.50422,0.000097
1076,天音爆,1390,超凡邪恶,0.489968,0.000163
1104,仆从大师,1421,舞会女王,0.484445,0.000003
1326,夜狩,1384,捐赠,0.493391,0.000319
1039,冰霜 幽灵,1238,质变：棱彩阶,0.495227,0.000511
1009,霸符兄弟,1340,升级：米凯尔的祝福,0.538253,0.000034
1397,地狱三头犬,1406,祖母的辣椒油,0.466306,0.000023
1320,升级：收集者,1322,罪恶快感,0.478525,0.002036
1046,炼狱龙魂,1071,更万用的瞄准镜,0.478999,0.001
1079,战争交响乐,1424,???,0.439561,0.000005
1038,有始有终,2018,纯粹主义者 - 术师,0.501401,0.000184
1332,不祥契约,2009,狂热者,0.484558,0.000074
1034,防护面纱,1085,折磨者,0.46433,0.000037
1074,缩小射线,1098,急急小子,0.442991,0.000117
1180,超强大脑,1340,升级：米凯尔的祝福,0.485589,0.000022
1361,任务：艾卡西亚的陷落,1375,吞噬灵魂,0.533618,0.000585
1129,神射法师,1415,双生火焰,0.466349,0.000256
1063,狂徒豪气,1072,炽烈黎明,0.47571,0.00003
1041,歌利亚巨人,1238,质变：棱彩阶,0.516712,0.002061
1338,升级：狂妄,1416,海克斯科技龙魂,0.476403,0.000147
1346,吸血习性,1404,属性！,0.563086,0.000361
2001,当心小蛋糕！,2024,由暴生急,0.488105,0.000059
1073,暗影疾奔,1079,战争交响乐,0.511535,0.000435
1105,家园卫士,1347,吵闹鬼,0.506549,0.00004
1002,尖端发明家,1080,会心防御,0.463277,0.000129
0,无符文,1035,感受燃烧,0.598053,0.00591
1060,海洋龙魂,1402,属性叠属性叠属性！,0.528607,0.000036
1323,残忍,1416,海克斯科技龙魂,0.482544,0.000047
1028,侵蚀,1052,闪电打击,0.498059,0.000224
1018,巨像的勇气,2016,注魔,0.465045,0.000009
1243,质变：混沌,2024,由暴生急,0.503936,0.00003
1062,全能龙魂,2008,负重爆气,0.501943,0.000102
1337,尊我为王,1409,魄罗爆破手,0.524847,0.000062
1035,感受燃烧,1198,圣火,0.481685,0.000102
1154,任务：海牛阿福的勇士,2009,狂热者,0.527381,0.000058
1375,吞噬灵魂,1996,升级：耀光,0.469523,0.000059
1356,暴击飞弹,2026,杀意翻涌,0.504964,0.000035
1066,量子计算,2007,你肩上的恶魔,0.443937,0.000011
1019,全凭身法,1344,最终形态,0.504936,0.00036
1020,黎明使者的坚决,1047,关键暴击,0.472814,0.000077
1023,魔鬼之舞,2007,你肩上的恶魔,0.42385,0.000019
1388,无限循环往复,1389,男爵之手,0.531601,0.000024
1205,物理转魔法,2008,负重爆气,0.485678,0.000762
1080,会心防御,1313,作弊：我能回城！,0.483619,0.000192
1411,升级：荆棘之甲,2002,虚空裂隙,0.524323,0.000016
1050,基石法师,1406,祖母的辣椒油,0.532606,0.000432
1138,渴血,2002,虚空裂隙,0.518332,0.000138
1042,恶趣味,1044,冰寒,0.471844,0.000181
1349,终极唤醒,2008,负重爆气,0.471057,0.000156
1318,升级：中娅,1326,夜狩,0.454209,0.000116
1067,古式佳酿,1315,快中求稳,0.533263,0.000421
1187,闪光弹,1372,小猫咪找妈妈,0.427513,0.000001
1044,冰寒,1046,炼狱龙魂,0.49255,0.00049
1401,生机迸发,1404,属性！,0.52328,0.000034
1358,弹球,1421,舞会女王,0.472889,0.000037
1308,火狐,2003,魄罗之王的弹跳,0.50641,0.000044
1187,闪光弹,1330,活力再生,0.439622,0.000003
1039,冰霜 幽灵,1330,活力再生,0.407002,0.000005
1050,基石法师,1334,升级：雪球,0.495661,0.000161
1066,量子计算,2018,纯粹主义者 - 术师,0.474235,0.000025
1339,激光治疗,2026,杀意翻涌,0.465364,0.000001
1152,任务：钢化你心,1211,杀戮时间到了,0.448576,0.000494
1331,至高天诺言,1341,帽上加帽,0.450536,0.000027
1034,防护面纱,1314,强力护盾,0.451812,0.000035
1310,小丑学院,1402,属性叠属性叠属性！,0.563375,0.000048
1118,会心治疗,1415,双生火焰,0.472337,0.000233
1338,升级：狂妄,1411,升级：荆棘之甲,0.493475,0.00004
1039,冰霜 幽灵,1411,升级：荆棘之甲,0.529558,0.000096
1070,无休回复,1080,会心防御,0.508346,0.000074
1037,急救用具,1416,海克斯科技龙魂,0.475893,0.000029
1081,踢踏舞,2005,扳机炼狱,0.44668,0.000024
1062,全能龙魂,1103,面包和黄油,0.494933,0.000232
1011,你摸不到,1070,无休回复,0.463899,0.000067
1067,古式佳酿,1373,缩小引擎,0.548212,0.000475
1338,升级：狂妄,1404,属性！,0.522155,0.000143
1007,大力,1080,会心防御,0.530194,0.000166
1180,超强大脑,1323,残忍,0.488178,0.000207
1042,恶趣味,1057,山脉龙魂,0.467738,0.000176
1195,巨人杀手,1225,双刀流,0.58378,0.00144
1050,基石法师,1170,万用瞄准镜,0.447923,0.00006
1057,山脉龙魂,1338,升级：狂妄,0.463843,0.000122
1092,易损,1388,无限循环往复,0.49549,0.000284
1046,炼狱龙魂,1070,无休回复,0.500951,0.00023
1319,升级：献祭,1348,闪闪现现,0.462182,0.000011
1026,唯快不破,1344,最终形态,0.51826,0.000132
1042,恶趣味,1072,炽烈黎明,0.473035,0.000051
1053,科学狂人,1151,面包和奶酪,0.511795,0.00018
1066,量子计算,2026,杀意翻涌,0.487905,0.000048
1006,利刃华尔兹,1095,风语者的祝福,0.463195,0.000029
1095,风语者的祝福,1996,升级：耀光,0.479094,0.000014
1060,海洋龙魂,1181,重量级打击手,0.537193,0.000454
1077,灵魂虹吸,1195,巨人杀手,0.544769,0.00149
1358,弹球,1409,魄罗爆破手,0.475306,0.000216
1321,砍伤,1414,卡皮巴拉空投,0.439067,0.000008
1074,缩小射线,1392,神圣雪球,0.417844,0.000026
12317,潘朵拉的盒子,2003,魄罗之王的弹跳,0.465438,0
1027,大地苏醒,1149,不动如山,0.437899,0.000032
1025,俯冲轰炸,1026,唯快不破,0.506682,0.000068
1103,面包和黄油,2009,狂热者,0.465514,0.000163
1042,恶趣味,1080,会心防御,0.46266,0.000039
1077,灵魂虹吸,1409,魄罗爆破手,0.48328,0.000155
1023,魔鬼之舞,2018,纯粹主义者 - 术师,0.443199,0.000018
1238,质变：棱彩阶,1345,心灵净化,0.491416,0.001956
1082,残暴之力,1409,魄罗爆破手,0.469578,0.000185
1019,全凭身法,1105,家园卫士,0.48982,0.000144
1113,老练狙神,1424,???,0.443639,0.000026
1044,冰寒,1388,无限循环往复,0.515404,0.000648
0,无符文,1305,练腿日,0.585473,0.014777
1051,点亮他们！,1104,仆从大师,0.47963,0.000017
1152,任务：钢化你心,1406,祖母的辣椒油,0.486168,0.000568
12317,潘朵拉的盒子,1318,升级：中娅,0.478067,0.000001
1053,科学狂人,1401,生机迸发,0.51623,0.000053
1072,炽烈黎明,1108,自我毁灭,0.460731,0.000056
1013,星界躯体,1327,坚若磐石,0.467721,0.000883
1386,转得我眩晕了,1389,男爵之手,0.519878,0
1087,台风,1088,终极刷新,0.43985,0.000103
1088,终极刷新,1308,火狐,0.493417,0.000077
1080,会心防御,1356,暴击飞弹,0.552299,0.000094
1152,任务：钢化你心,1373,缩小引擎,0.512904,0.002419
1349,终极唤醒,2005,扳机炼狱,0.464464,0.000016
1053,科学狂人,1405,速度恶魔,0.526632,0.00013
1358,弹球,1402,属性叠属性叠属性！,0.487945,0.000033
1138,渴血,1225,双刀流,0.567636,0.002855
1047,关键暴击,1329,史上最大雪球,0.452726,0.000082
1035,感受燃烧,1138,渴血,0.498522,0.000178
1047,关键暴击,1403,属性叠属性！,0.521765,0.00007
1324,蛋白粉奶昔,2001,当心小蛋糕！,0.4636,0.000031
1061,回力OK镖,1323,残忍,0.508938,0.000095
1018,巨像的勇气,1389,男爵之手,0.491119,0.000003
1046,炼狱龙魂,1345,心灵净化,0.465256,0.001049
1062,全能龙魂,1403,属性叠属性！,0.552818,0.000041
1046,炼狱龙魂,1389,男爵之手,0.521285,0.000022
1028,侵蚀,2018,纯粹主义者 - 术师,0.480461,0.000024
1181,重量级打击手,1320,升级：收集者,0.465498,0.000134
1048,珠光护手,1342,雪球扭蛋机,0.470122,0.000445
1107,接二连三,1334,升级：雪球,0.444588,0.000114
1112,终极不可阻挡,1349,终极唤醒,0.45495,0.000312
1042,恶趣味,1060,海洋龙魂,0.498644,0.000172
1151,面包和奶酪,1358,弹球,0.452663,0.000065
1404,属性！,1415,双生火焰,0.51561,0.000043
1045,炼狱导管,2008,负重爆气,0.511332,0.000969
1154,任务：海牛阿福的勇士,1243,质变：混沌,0.51053,0.000108
1076,天音爆,1181,重量级打击手,0.474084,0.000033
1321,砍伤,1424,???,0.453948,0.000003
1401,生机迸发,1403,属性叠属性！,0.526886,0.000061
1338,升级：狂妄,2026,杀意翻涌,0.477784,0.000379
1325,玻璃大炮,1405,速度恶魔,0.451183,0.000093
1150,面包和果酱,1154,任务：海牛阿福的勇士,0.467826,0.000076
1020,黎明使者的坚决,1318,升级：中娅,0.474149,0.000054
1007,大力,1346,吸血习性,0.557408,0.001967
1026,唯快不破,1406,祖母的辣椒油,0.563306,0.00007
1066,量子计算,1358,弹球,0.463577,0.000061
1011,你摸不到,1310,小丑学院,0.500107,0.000157
1056,由心及物,1225,双刀流,0.486469,0.000073
1208,轨道镭射,1324,蛋白粉奶昔,0.460416,0.000027
1187,闪光弹,1356,暴击飞弹,0.494172,0
1066,量子计算,1072,炽烈黎明,0.456839,0.000039
1086,精准奇才,1334,升级：雪球,0.469029,0.000045
1320,升级：收集者,1339,激光治疗,0.38773,0.000004
1071,更万用的瞄准镜,1149,不动如山,0.45635,0.000131
1138,渴血,1391,红包,0.586965,0.000963
1036,火上浇油,1250,一板一眼,0.440804,0.000355
1050,基石法师,1416,海克斯科技龙魂,0.486387,0.000083
1002,尖端发明家,1420,咏叹奏鸣,0.498094,0.000294
1129,神射法师,1311,溢流,0.487307,0.000874
1074,缩小射线,1361,任务：艾卡西亚的陷落,0.489563,0.00003
1067,古式佳酿,1321,砍伤,0.482814,0.000265
1187,闪光弹,1325,玻璃大炮,0.425013,0.000026
1013,星界躯体,1030,尤里卡,0.470188,0.000315
1013,星界躯体,1206,魔法转物理,0.480511,0.000234
1067,古式佳酿,1340,升级：米凯尔的祝福,0.519699,0.000062
1011,你摸不到,1050,基石法师,0.456513,0.000072
1035,感受燃烧,1238,质变：棱彩阶,0.505039,0.000307
1034,防护面纱,1211,杀戮时间到了,0.488359,0.000328
1069,退敌力场,1220,连拨击锤,0.435655,0.000088
1020,黎明使者的坚决,1022,灵巧,0.502822,0.00017
1037,急救用具,1409,魄罗爆破手,0.497079,0.000166
1044,冰寒,1080,会心防御,0.479146,0.000106
1138,渴血,1401,生机迸发,0.4993,0.000187
1156,任务：沃格勒特的巫师帽,1310,小丑学院,0.537342,0.000141
1325,玻璃大炮,1402,属性叠属性叠属性！,0.495331,0.000011
1334,升级：雪球,1358,弹球,0.489431,0.002805
1103,面包和黄油,1225,双刀流,0.506425,0.000424
1225,双刀流,2005,扳机炼狱,0.476851,0.000039
1315,快中求稳,1340,升级：米凯尔的祝福,0.491971,0.000004
1141,全心为你,1344,最终形态,0.441812,0.000011
1325,玻璃大炮,1338,升级：狂妄,0.443641,0.000276
1136,扇巴掌,1375,吞噬灵魂,0.506891,0.006519
1403,属性叠属性！,2026,杀意翻涌,0.53677,0.000052
1038,有始有终,1092,易损,0.520029,0.000773
1075,慢炖,1170,万用瞄准镜,0.483811,0.00017
1334,升级：雪球,2016,注魔,0.477174,0.000047
1044,冰寒,1397,地狱三头犬,0.444417,0.000055
1238,质变：棱彩阶,1388,无限循环往复,0.51742,0.000406
1311,溢流,1402,属性叠属性叠属性！,0.518956,0.000092
1072,炽烈黎明,1076,天音爆,0.479213,0.000055
1027,大地苏醒,1342,雪球扭蛋机,0.474881,0.000056
1045,炼狱导管,2003,魄罗之王的弹跳,0.491589,0.000025
1403,属性叠属性！,1420,咏叹奏鸣,0.565893,0.000044
1002,尖端发明家,1069,退敌力场,0.431978,0.000086
1067,古式佳酿,1085,折磨者,0.46927,0.00024
1006,利刃华尔兹,1420,咏叹奏鸣,0.486674,0.000081
1047,关键暴击,1327,坚若磐石,0.423676,0.000034
1036,火上浇油,1333,逃跑计划,0.535744,0.000348
1062,全能龙魂,2004,信念者的强化,0.495538,0.000003
1400,最终都市列车,2010,双发快射,0.526361,0.000084
1077,灵魂虹吸,2016,注魔,0.465391,0.000029
1020,黎明使者的坚决,1301,神圣干预,0.477529,0.000136
1138,渴血,1151,面包和奶酪,0.487136,0.000677
1070,无休回复,1310,小丑学院,0.530815,0.000176
1353,坦克引擎,2018,纯粹主义者 - 术师,0.451896,0.000122
12317,潘朵拉的盒子,1347,吵闹鬼,0.48913,0
1063,狂徒豪气,1317,升级：弯刀,0.441384,0.00001
1036,火上浇油,2001,当心小蛋糕！,0.493245,0.000098
1098,急急小子,1340,升级：米凯尔的祝福,0.528424,0.000021
1011,你摸不到,2003,魄罗之王的弹跳,0.457309,0.000007
1032,裁决使,1134,亮出你的剑,0.588767,0.000646
1032,裁决使,1082,残暴之力,0.471684,0.002255
1133,魔法飞弹,1391,红包,0.541018,0.000903
1061,回力OK镖,1067,古式佳酿,0.504092,0.000131
1029,虚幻武器,1415,双生火焰,0.469453,0.00021
1041,歌利亚巨人,1064,坚韧,0.483296,0.003321
1076,天音爆,1086,精准奇才,0.475477,0.000021
1020,黎明使者的坚决,1072,炽烈黎明,0.47561,0.000042
1013,星界躯体,1353,坦克引擎,0.49673,0.008456
1067,古式佳酿,1082,残暴之力,0.492875,0.000306
1066,量子计算,1074,缩小射线,0.441845,0.000114
1009,霸符兄弟,1401,生机迸发,0.512482,0.000047
1038,有始有终,2024,由暴生急,0.495946,0.000107
1238,质变：棱彩阶,1402,属性叠属性叠属性！,0.584414,0.000455
1327,坚若磐石,1418,砸开那颗蛋,0.461505,0.000002
1404,属性！,1424,???,0.484725,0.000004
1353,坦克引擎,2016,注魔,0.466013,0.000069
1015,死亡之环,1079,战争交响乐,0.666667,0
1305,练腿日,1338,升级：狂妄,0.490637,0.00046
1305,练腿日,1414,卡皮巴拉空投,0.450297,0.000018
1141,全心为你,2007,你肩上的恶魔,0.393327,0.000003
1030,尤里卡,1062,全能龙魂,0.530393,0.000238
1150,面包和果酱,1317,升级：弯刀,0.414377,0.000007
1023,魔鬼之舞,1335,夺金,0.488752,0.000039
1019,全凭身法,1050,基石法师,0.47249,0.0001
1013,星界躯体,1073,暗影疾奔,0.496364,0.00022
1390,超凡邪恶,2005,扳机炼狱,0.453893,0.000083
1046,炼狱龙魂,1335,夺金,0.487906,0.000199
1057,山脉龙魂,1170,万用瞄准镜,0.46116,0.00007
1411,升级：荆棘之甲,1413,和我一起困在这里,0.507143,0.000021
1029,虚幻武器,1391,红包,0.538283,0.000314
1029,虚幻武器,1098,急急小子,0.479505,0.000181
1075,慢炖,1098,急急小子,0.471086,0.000094
1250,一板一眼,1358,弹球,0.455002,0.000084
1319,升级：献祭,1341,帽上加帽,0.503226,0.000074
1108,自我毁灭,1319,升级：献祭,0.483749,0.000326
1048,珠光护手,1328,暴击律动,0.469674,0.001496
1181,重量级打击手,1353,坦克引擎,0.541005,0.007455
1243,质变：混沌,1401,生机迸发,0.511608,0.000045
1075,慢炖,1347,吵闹鬼,0.468864,0.000043
1214,旋转至胜,1414,卡皮巴拉空投,0.446167,0.000005
1041,歌利亚巨人,1208,轨道镭射,0.481813,0.000097
1372,小猫咪找妈妈,2002,虚空裂隙,0.474356,0.000006
1044,冰寒,2018,纯粹主义者 - 术师,0.485813,0.000095
1068,循环往复,1353,坦克引擎,0.50317,0.001969
1133,魔法飞弹,1150,面包和果酱,0.490432,0.001043
1058,秘术冲拳,1092,易损,0.471919,0.000445
1077,灵魂虹吸,2007,你肩上的恶魔,0.452318,0.000036
1342,雪球扭蛋机,1345,心灵净化,0.468551,0.000294
1058,秘术冲拳,1388,无限循环往复,0.486538,0.00014
1027,大地苏醒,1105,家园卫士,0.486198,0.000036
1136,扇巴掌,1409,魄罗爆破手,0.545898,0.000668
1045,炼狱导管,1053,科学狂人,0.535608,0.000213
1030,尤里卡,1356,暴击飞弹,0.486004,0.000297
1036,火上浇油,1156,任务：沃格勒特的巫师帽,0.466388,0.000162
1313,作弊：我能回城！,1358,弹球,0.460259,0.000092
1028,侵蚀,1086,精准奇才,0.488965,0.000058
1237,质变：黄金阶,1344,最终形态,0.504492,0.000432
1076,天音爆,1079,战争交响乐,0.438122,0.000011
1187,闪光弹,1333,逃跑计划,0.53785,0.000109
1074,缩小射线,1415,双生火焰,0.446239,0.00012
1342,雪球扭蛋机,1344,最终形态,0.493751,0.00024
1087,台风,2026,杀意翻涌,0.478197,0.000052
1074,缩小射线,1348,闪闪现现,0.429578,0.000026
1060,海洋龙魂,1062,全能龙魂,0.522434,0.000155
1237,质变：黄金阶,1325,玻璃大炮,0.458257,0.000152
1061,回力OK镖,1115,最万用的瞄准镜,0.472369,0.000115
1007,大力,1022,灵巧,0.527268,0.00073
1053,科学狂人,1118,会心治疗,0.5081,0.000307
1032,裁决使,1061,回力OK镖,0.501957,0.000503
1317,升级：弯刀,1331,至高天诺言,0.342193,0
1388,无限循环往复,1413,和我一起困在这里,0.480086,0.000014
1069,退敌力场,1082,残暴之力,0.430552,0.000063
1041,歌利亚巨人,1156,任务：沃格勒特的巫师帽,0.481616,0.000141
1243,质变：混沌,1329,史上最大雪球,0.487376,0.000203
1141,全心为你,1391,红包,0.508144,0.000058
1073,暗影疾奔,1323,残忍,0.502336,0.000059
1007,大力,1208,轨道镭射,0.466526,0.00002
1052,闪电打击,1405,速度恶魔,0.480867,0.000197
1050,基石法师,1205,物理转魔法,0.490164,0.001102
1063,狂徒豪气,1151,面包和奶酪,0.49621,0.000221
1070,无休回复,1104,仆从大师,0.519913,0.000022
1013,星界躯体,1098,急急小子,0.460534,0.000172
1052,闪电打击,1149,不动如山,0.444866,0.000041
1324,蛋白粉奶昔,1327,坚若磐石,0.461334,0.000264
1092,易损,1238,质变：棱彩阶,0.514539,0.001428
1112,终极不可阻挡,1336,升级：无尽之刃,0.481622,0.000184
1088,终极刷新,1152,任务：钢化你心,0.455856,0.00034
1061,回力OK镖,1373,缩小引擎,0.546664,0.000151
1075,慢炖,1112,终极不可阻挡,0.468704,0.000128
1113,老练狙神,1198,圣火,0.468881,0.000101
1311,溢流,1336,升级：无尽之刃,0.496629,0.00023
1019,全凭身法,1314,强力护盾,0.487144,0.000111
1052,闪电打击,1118,会心治疗,0.514667,0.000744
1035,感受燃烧,1322,罪恶快感,0.484669,0.000143
1026,唯快不破,1061,回力OK镖,0.5153,0.000038
1026,唯快不破,1386,转得我眩晕了,0.450512,0
1150,面包和果酱,1375,吞噬灵魂,0.478032,0.000211
1103,面包和黄油,1340,升级：米凯尔的祝福,0.493969,0.000047
1060,海洋龙魂,1088,终极刷新,0.467269,0.000145
1041,歌利亚巨人,1187,闪光弹,0.497336,0.000159
1214,旋转至胜,1317,升级：弯刀,0.443429,0.000003
1082,残暴之力,1420,咏叹奏鸣,0.494074,0.000077
1004,回归基本功,1015,死亡之环,0.517886,0.000058
1013,星界躯体,2007,你肩上的恶魔,0.383558,0.000036
1328,暴击律动,1340,升级：米凯尔的祝福,0.45456,0.000005
1311,溢流,1406,祖母的辣椒油,0.528783,0.000751
1112,终极不可阻挡,1138,渴血,0.479916,0.000425
1198,圣火,1339,激光治疗,0.453645,0.000115
1044,冰寒,1401,生机迸发,0.485302,0.00009
1027,大地苏醒,1375,吞噬灵魂,0.467769,0.000044
1072,炽烈黎明,1391,红包,0.522754,0.000053
1072,炽烈黎明,1420,咏叹奏鸣,0.537302,0.000052
1349,终极唤醒,1379,未知符文_1379,0.435841,0
1237,质变：黄金阶,1346,吸血习性,0.53069,0.001791
1331,至高天诺言,1340,升级：米凯尔的祝福,0.52737,0.000044
1009,霸符兄弟,1358,弹球,0.483286,0.000082
1046,炼狱龙魂,1085,折磨者,0.463899,0.000067
1344,最终形态,1379,未知符文_1379,0.443548,0.000001
1136,扇巴掌,1152,任务：钢化你心,0.504809,0.006489
1348,闪闪现现,1405,速度恶魔,0.486631,0.000001
1027,大地苏醒,1317,升级：弯刀,0.443044,0.000007
1095,风语者的祝福,2016,注魔,0.512474,0.00001
1154,任务：海牛阿福的勇士,1373,缩小引擎,0.502956,0.000085
1156,任务：沃格勒特的巫师帽,1404,属性！,0.526853,0.000066
1054,物法皆修,1115,最万用的瞄准镜,0.473316,0.000202
1310,小丑学院,1391,红包,0.584951,0.000474
1316,刃下生风,1421,舞会女王,0.508949,0.000021
1211,杀戮时间到了,1338,升级：狂妄,0.479608,0.000966
1018,巨像的勇气,1403,属性叠属性！,0.503243,0.000037
1136,扇巴掌,1141,全心为你,0.486385,0.000129
1074,缩小射线,1180,超强大脑,0.461191,0.000095
1337,尊我为王,1397,地狱三头犬,0.576266,0.000154
1036,火上浇油,1348,闪闪现现,0.443398,0.000027
1237,质变：黄金阶,1420,咏叹奏鸣,0.558949,0.000171
1013,星界躯体,1034,防护面纱,0.461521,0.000176
1311,溢流,1348,闪闪现现,0.458681,0.000037
1027,大地苏醒,1073,暗影疾奔,0.512641,0.000403
1133,魔法飞弹,2024,由暴生急,0.45567,0.000104
1406,祖母的辣椒油,2009,狂热者,0.513715,0.000213
1316,刃下生风,1420,咏叹奏鸣,0.512918,0.000041
1098,急急小子,1391,红包,0.553983,0.000121
1058,秘术冲拳,1071,更万用的瞄准镜,0.477682,0.001289
1401,生机迸发,2024,由暴生急,0.465309,0.000019
1095,风语者的祝福,1134,亮出你的剑,0.475607,0.000001
1314,强力护盾,2005,扳机炼狱,0.444701,0.000025
1337,尊我为王,2018,纯粹主义者 - 术师,0.486132,0.000013
1338,升级：狂妄,1389,男爵之手,0.539349,0.000046
1129,神射法师,1152,任务：钢化你心,0.471693,0.000397
1344,最终形态,1361,任务：艾卡西亚的陷落,0.535031,0.000052
1007,大力,1356,暴击飞弹,0.531151,0.0001
1028,侵蚀,1384,捐赠,0.527819,0.000147
1353,坦克引擎,1413,和我一起困在这里,0.471705,0.000085
1079,战争交响乐,1129,神射法师,0.481102,0.000235
1195,巨人杀手,1330,活力再生,0.513898,0.000333
0,无符文,1346,吸血习性,0.655094,0.112561
1032,裁决使,1332,不祥契约,0.475414,0.000652
1322,罪恶快感,1413,和我一起困在这里,0.459636,0.000029
1108,自我毁灭,2026,杀意翻涌,0.481263,0.000072
1180,超强大脑,1358,弹球,0.47423,0.000052
1187,闪光弹,2008,负重爆气,0.460995,0.000001
1007,大力,1053,科学狂人,0.546981,0.00017
1011,你摸不到,1058,秘术冲拳,0.446612,0.000113
1156,任务：沃格勒特的巫师帽,1311,溢流,0.522858,0.001156
1414,卡皮巴拉空投,1416,海克斯科技龙魂,0.442397,0.000018
1115,最万用的瞄准镜,1319,升级：献祭,0.459051,0.000062
1085,折磨者,1108,自我毁灭,0.46312,0.000106
1041,歌利亚巨人,1405,速度恶魔,0.491992,0.00051
1133,魔法飞弹,1421,舞会女王,0.479094,0.000042
1061,回力OK镖,1084,穿针引线,0.484086,0.000276
1026,唯快不破,2008,负重爆气,0.505838,0.000054
1418,砸开那颗蛋,2026,杀意翻涌,0.466976,0.000001
1129,神射法师,1181,重量级打击手,0.469258,0.000243
1194,精怪魔法,2008,负重爆气,0.456501,0.000088
1103,面包和黄油,1334,升级：雪球,0.468852,0.000266
1019,全凭身法,1072,炽烈黎明,0.454273,0.000036
1027,大地苏醒,1348,闪闪现现,0.434434,0.000009
1035,感受燃烧,1098,急急小子,0.484385,0.000052
1092,易损,1339,激光治疗,0.445313,0.000014
1225,双刀流,1347,吵闹鬼,0.527519,0.000109
1097,巫师式思考,1204,叠角龙,0.515167,0.000022
1057,山脉龙魂,1211,杀戮时间到了,0.461131,0.000138
1345,心灵净化,1373,缩小引擎,0.492911,0.000567
1054,物法皆修,1318,升级：中娅,0.431676,0.000062
1311,溢流,1416,海克斯科技龙魂,0.485954,0.000101
1026,唯快不破,1347,吵闹鬼,0.490977,0.000019
1080,会心防御,2016,注魔,0.47085,0.00001
1029,虚幻武器,1079,战争交响乐,0.471825,0.000362
1308,火狐,1390,超凡邪恶,0.537418,0.001154
1062,全能龙魂,1116,闪现向前,0.487558,0.000024
1036,火上浇油,1151,面包和奶酪,0.465841,0.000249
1092,易损,1314,强力护盾,0.465641,0.000075
1133,魔法飞弹,2009,狂热者,0.476085,0.000438
1002,尖端发明家,1085,折磨者,0.465355,0.000225
1118,会心治疗,1152,任务：钢化你心,0.484679,0.001754
1063,狂徒豪气,1358,弹球,0.468898,0.000054
1087,台风,1332,不祥契约,0.464635,0.000048
1015,死亡之环,1403,属性叠属性！,0.522766,0.000038
1220,连拨击锤,2026,杀意翻涌,0.458489,0.00006
1060,海洋龙魂,1324,蛋白粉奶昔,0.492223,0.000285
1006,利刃华尔兹,1050,基石法师,0.45174,0.000051
1080,会心防御,1334,升级：雪球,0.481326,0.000086
1039,冰霜 幽灵,1077,灵魂虹吸,0.444198,0.000067
1068,循环往复,1180,超强大脑,0.522384,0.000592
1098,急急小子,1345,心灵净化,0.475341,0.000283
1333,逃跑计划,1348,闪闪现现,0.498686,0.000034
1104,仆从大师,1411,升级：荆棘之甲,0.494922,0.000004
1013,星界躯体,1115,最万用的瞄准镜,0.454582,0.000183
1064,坚韧,1416,海克斯科技龙魂,0.466704,0.000062
1329,史上最大雪球,1347,吵闹鬼,0.636364,0
1084,穿针引线,1349,终极唤醒,0.457442,0.000447
0,无符文,1013,星界躯体,0.60674,0.032935
1006,利刃华尔兹,2004,信念者的强化,0.424537,0.000001
1095,风语者的祝福,1337,尊我为王,0.602749,0.000078
1072,炽烈黎明,1180,超强大脑,0.488826,0.000094
1044,冰寒,1081,踢踏舞,0.476964,0.000222
1046,炼狱龙魂,1118,会心治疗,0.464699,0.000474
1082,残暴之力,12317,潘朵拉的盒子,0.499694,0.000001
1194,精怪魔法,1315,快中求稳,0.49009,0.00008
1048,珠光护手,1386,转得我眩晕了,0.430941,0.000004
1036,火上浇油,1346,吸血习性,0.540116,0.002201
1057,山脉龙魂,1058,秘术冲拳,0.44648,0.00009
1054,物法皆修,1404,属性！,0.487555,0.000038
1048,珠光护手,1340,升级：米凯尔的祝福,0.482093,0.000019
1149,不动如山,1220,连拨击锤,0.437074,0.00003
1092,易损,1389,男爵之手,0.523596,0.000017
1070,无休回复,1328,暴击律动,0.517814,0.000176
1058,秘术冲拳,1320,升级：收集者,0.453567,0.000878
1066,量子计算,1187,闪光弹,0.485144,0.000082
1402,属性叠属性叠属性！,2002,虚空裂隙,0.52875,0.000032
1051,点亮他们！,1080,会心防御,0.510056,0.000089
1045,炼狱导管,1323,残忍,0.508796,0.000293
1011,你摸不到,1358,弹球,0.442702,0.000026
1405,速度恶魔,1996,升级：耀光,0.495433,0.000172
1086,精准奇才,1404,属性！,0.503062,0.00002
1004,回归基本功,1414,卡皮巴拉空投,0.452323,0.000007
1072,炽烈黎明,1424,???,0.44922,0.000005
1050,基石法师,1084,穿针引线,0.476979,0.00066
1063,狂徒豪气,1098,急急小子,0.497773,0.00008
1032,裁决使,2024,由暴生急,0.445316,0.00023
1310,小丑学院,1405,速度恶魔,0.52593,0.000331
1075,慢炖,1076,天音爆,0.469754,0.000043
1009,霸符兄弟,1339,激光治疗,0.483587,0.000028
1180,超强大脑,1198,圣火,0.447828,0.000069
1375,吞噬灵魂,1392,神圣雪球,0.435811,0.000069
1062,全能龙魂,1372,小猫咪找妈妈,0.479313,0.00001
2016,注魔,2018,纯粹主义者 - 术师,0.452933,0.000017
1152,任务：钢化你心,2007,你肩上的恶魔,0.370447,0.000051
1311,溢流,1346,吸血习性,0.559,0.003195
1082,残暴之力,1170,万用瞄准镜,0.467803,0.00043
1141,全心为你,1317,升级：弯刀,0.354167,0
1104,仆从大师,1301,神圣干预,0.480681,0.000021
1042,恶趣味,1103,面包和黄油,0.471702,0.000251
1384,捐赠,2016,注魔,0.505474,0.000073
1225,双刀流,1319,升级：献祭,0.493609,0.000049
1058,秘术冲拳,1420,咏叹奏鸣,0.505786,0.000153
1019,全凭身法,1225,双刀流,0.513447,0.000202
1035,感受燃烧,1349,终极唤醒,0.478547,0.00009
1028,侵蚀,1237,质变：黄金阶,0.504388,0.000185
1214,旋转至胜,1421,舞会女王,0.516464,0.000017
1129,神射法师,1414,卡皮巴拉空投,0.433119,0.000029
1072,炽烈黎明,1414,卡皮巴拉空投,0.433778,0.000009
1337,尊我为王,1424,???,0.500762,0.000003
1002,尖端发明家,1338,升级：狂妄,0.445103,0.000379
1308,火狐,1333,逃跑计划,0.558639,0.000104
1097,巫师式思考,1250,一板一眼,0.440488,0.000057
1088,终极刷新,1243,质变：混沌,0.470903,0.000202
1007,大力,1316,刃下生风,0.515169,0.000182
1211,杀戮时间到了,1386,转得我眩晕了,0.414254,0.000002
1319,升级：献祭,1331,至高天诺言,0.448664,0.000008
1028,侵蚀,1051,点亮他们！,0.510507,0.000086
1113,老练狙神,1250,一板一眼,0.477798,0.000717
1322,罪恶快感,1391,红包,0.557851,0.000515
1388,无限循环往复,1416,海克斯科技龙魂,0.498658,0.000162
1068,循环往复,1208,轨道镭射,0.482152,0.000083
1026,唯快不破,1098,急急小子,0.505863,0.00016
1051,点亮他们！,1390,超凡邪恶,0.484448,0.000376
1345,心灵净化,2003,魄罗之王的弹跳,0.462917,0.000071
1154,任务：海牛阿福的勇士,1181,重量级打击手,0.49478,0.00013
1356,暴击飞弹,2008,负重爆气,0.471357,0.000145
1311,溢流,1335,夺金,0.501388,0.000161
1020,黎明使者的坚决,1029,虚幻武器,0.484733,0.000182
1250,一板一眼,1388,无限循环往复,0.468112,0.000219
1058,秘术冲拳,1214,旋转至胜,0.486614,0.000183
1116,闪现向前,1411,升级：荆棘之甲,0.508454,0.000013
1054,物法皆修,1105,家园卫士,0.479438,0.000127
1331,至高天诺言,1420,咏叹奏鸣,0.543282,0.000108
1069,退敌力场,1316,刃下生风,0.422449,0.000019
1180,超强大脑,1418,砸开那颗蛋,0.482221,0.000003
1020,黎明使者的坚决,1032,裁决使,0.488988,0.000544
1088,终极刷新,2018,纯粹主义者 - 术师,0.441786,0.000031
1104,仆从大师,1373,缩小引擎,0.538814,0.000048
1328,暴击律动,2008,负重爆气,0.451847,0.000088
1018,巨像的勇气,1080,会心防御,0.450431,0.000043
1013,星界躯体,1076,天音爆,0.46874,0.000188
1330,活力再生,1415,双生火焰,0.456308,0.000031
1028,侵蚀,1057,山脉龙魂,0.479073,0.000107
1074,缩小射线,1333,逃跑计划,0.512586,0.00036
1019,全凭身法,1397,地狱三头犬,0.452413,0.000081
1020,黎明使者的坚决,1243,质变：混沌,0.495182,0.00026
1337,尊我为王,1405,速度恶魔,0.510179,0.000056
1081,踢踏舞,2026,杀意翻涌,0.486362,0.000109
1057,山脉龙魂,1342,雪球扭蛋机,0.474115,0.000103
1107,接二连三,1397,地狱三头犬,0.468824,0.00054
1044,冰寒,1404,属性！,0.524295,0.000065
1052,闪电打击,1107,接二连三,0.50643,0.003517
1313,作弊：我能回城！,1316,刃下生风,0.480348,0.000179
1039,冰霜 幽灵,1421,舞会女王,0.521979,0.000402
1028,侵蚀,1104,仆从大师,0.533454,0.000042
1156,任务：沃格勒特的巫师帽,1344,最终形态,0.527066,0.000091
1042,恶趣味,1206,魔法转物理,0.467214,0.000028
1034,防护面纱,1353,坦克引擎,0.473896,0.000426
1325,玻璃大炮,2003,魄罗之王的弹跳,0.451964,0.000006
1134,亮出你的剑,1337,尊我为王,0.664983,0.000091
1018,巨像的勇气,1331,至高天诺言,0.438024,0.000009
1034,防护面纱,1042,恶趣味,0.462356,0.000045
1066,量子计算,1310,小丑学院,0.534657,0.000357
1081,踢踏舞,1082,残暴之力,0.459146,0.000371
1113,老练狙神,1390,超凡邪恶,0.488526,0.001468
1339,激光治疗,1391,红包,0.500375,0.000023
1129,神射法师,2007,你肩上的恶魔,0.424631,0.000035
1052,闪电打击,1067,古式佳酿,0.476747,0.000177
1335,夺金,1353,坦克引擎,0.492477,0.000249
1075,慢炖,1325,玻璃大炮,0.452965,0.000066
1113,老练狙神,1372,小猫咪找妈妈,0.476104,0.00003
1045,炼狱导管,1326,夜狩,0.454602,0.00015
1070,无休回复,1353,坦克引擎,0.500826,0.001439
1071,更万用的瞄准镜,1338,升级：狂妄,0.495962,0.001483
1194,精怪魔法,1338,升级：狂妄,0.457079,0.000155
1029,虚幻武器,1327,坚若磐石,0.452186,0.000171
1080,会心防御,1082,残暴之力,0.490272,0.000169
1026,唯快不破,1384,捐赠,0.545558,0.000077
1013,星界躯体,1413,和我一起困在这里,0.469115,0.000043
1105,家园卫士,1341,帽上加帽,0.523098,0.000249
1198,圣火,1323,残忍,0.469276,0.000085
1030,尤里卡,1313,作弊：我能回城！,0.519873,0.00124
1141,全心为你,1308,火狐,0.547684,0.000104
1373,缩小引擎,1415,双生火焰,0.507649,0.0004
1318,升级：中娅,2010,双发快射,0.443313,0.00001
1328,暴击律动,2024,由暴生急,0.464513,0.000187
1328,暴击律动,2018,纯粹主义者 - 术师,0.390206,0.00003
1195,巨人杀手,1348,闪闪现现,0.494946,0.000085
1133,魔法飞弹,1311,溢流,0.50361,0.002849
1038,有始有终,1243,质变：混沌,0.505216,0.00051
1064,坚韧,1384,捐赠,0.495424,0.000266
1372,小猫咪找妈妈,2018,纯粹主义者 - 术师,0.504645,0.000007
1020,黎明使者的坚决,1034,防护面纱,0.476127,0.000071
1076,天音爆,1113,老练狙神,0.47561,0.0001
1198,圣火,1341,帽上加帽,0.453248,0.00012
1038,有始有终,1058,秘术冲拳,0.47826,0.000347
1118,会心治疗,1421,舞会女王,0.496719,0.000096
1170,万用瞄准镜,1400,最终都市列车,0.506882,0.000112
1104,仆从大师,1353,坦克引擎,0.494176,0.000103
1341,帽上加帽,1414,卡皮巴拉空投,0.443046,0.000033
1170,万用瞄准镜,1345,心灵净化,0.456665,0.000479
1311,溢流,1315,快中求稳,0.521423,0.000173
1151,面包和奶酪,1320,升级：收集者,0.451947,0.000318
1314,强力护盾,1372,小猫咪找妈妈,0.454932,0.000012
1058,秘术冲拳,1170,万用瞄准镜,0.456092,0.000703
0,无符文,1330,活力再生,0.55057,0.003921
1076,天音爆,1337,尊我为王,0.505979,0.000013
1156,任务：沃格勒特的巫师帽,1181,重量级打击手,0.43958,0.000056
1019,全凭身法,1204,叠角龙,0.458781,0.000003
1088,终极刷新,1321,砍伤,0.456976,0.000066
1084,穿针引线,2010,双发快射,0.483048,0.000257
1149,不动如山,1342,雪球扭蛋机,0.470439,0.000128
1071,更万用的瞄准镜,1421,舞会女王,0.488504,0.000037
1035,感受燃烧,1404,属性！,0.527213,0.000018
1026,唯快不破,1409,魄罗爆破手,0.510705,0.000063
1063,狂徒豪气,1327,坚若磐石,0.473669,0.000092
12317,潘朵拉的盒子,1353,坦克引擎,0.472388,0.000003
1064,坚韧,1211,杀戮时间到了,0.455348,0.000378
1391,红包,1416,海克斯科技龙魂,0.544705,0.000185
1198,圣火,1321,砍伤,0.463101,0.000047
1344,最终形态,1413,和我一起困在这里,0.491417,0.000025
1321,砍伤,1413,和我一起困在这里,0.48321,0.000007
1002,尖端发明家,1141,全心为你,0.453824,0.000132
1050,基石法师,2016,注魔,0.473698,0.000055
1037,急救用具,1325,玻璃大炮,0.433396,0.000026
1037,急救用具,1238,质变：棱彩阶,0.490741,0.000546
1211,杀戮时间到了,1375,吞噬灵魂,0.456085,0.000194
1018,巨像的勇气,1208,轨道镭射,0.455195,0.000044
1150,面包和果酱,1333,逃跑计划,0.513874,0.000323
1313,作弊：我能回城！,2009,狂热者,0.478307,0.000153
1390,超凡邪恶,2010,双发快射,0.480047,0.000115
1077,灵魂虹吸,1346,吸血习性,0.539306,0.003178
1243,质变：混沌,1418,砸开那颗蛋,0.504572,0.000002
1342,雪球扭蛋机,1421,舞会女王,0.494228,0.000039
1154,任务：海牛阿福的勇士,1310,小丑学院,0.538504,0.00007
1108,自我毁灭,1358,弹球,0.452925,0.000197
1052,闪电打击,1406,祖母的辣椒油,0.484685,0.000069
1023,魔鬼之舞,1405,速度恶魔,0.487026,0.000122
1116,闪现向前,1324,蛋白粉奶昔,0.443535,0.00002
1046,炼狱龙魂,1418,砸开那颗蛋,0.462871,0.000002
1066,量子计算,1084,穿针引线,0.475412,0.000354
1313,作弊：我能回城！,1386,转得我眩晕了,0.425912,0.000002
1331,至高天诺言,2018,纯粹主义者 - 术师,0.490432,0.000005
1409,魄罗爆破手,2018,纯粹主义者 - 术师,0.483773,0.00014
1136,扇巴掌,1356,暴击飞弹,0.486759,0.000055
1037,急救用具,1310,小丑学院,0.488784,0.000097
1198,圣火,1403,属性叠属性！,0.500544,0.000026
1027,大地苏醒,1346,吸血习性,0.519339,0.000567
1019,全凭身法,1334,升级：雪球,0.479344,0.000217
1151,面包和奶酪,2008,负重爆气,0.477827,0.000323
1105,家园卫士,1214,旋转至胜,0.519539,0.000042
1072,炽烈黎明,1080,会心防御,0.463076,0.000025
1325,玻璃大炮,1409,魄罗爆破手,0.466863,0.000141
1045,炼狱导管,1320,升级：收集者,0.446975,0.000139
1027,大地苏醒,1220,连拨击锤,0.463428,0.000048
1108,自我毁灭,1337,尊我为王,0.499135,0.000079
1073,暗影疾奔,1308,火狐,0.548702,0.000072
1116,闪现向前,1341,帽上加帽,0.466359,0.000047
1085,折磨者,1097,巫师式思考,0.471414,0.00016
1061,回力OK镖,1319,升级：献祭,0.49187,0.000066
1103,面包和黄油,1409,魄罗爆破手,0.481639,0.000337
1181,重量级打击手,2004,信念者的强化,0.436223,0.000004
1025,俯冲轰炸,1136,扇巴掌,0.482326,0.000401
1054,物法皆修,1375,吞噬灵魂,0.458752,0.000315
1041,歌利亚巨人,1080,会心防御,0.499606,0.000319
1095,风语者的祝福,1403,属性叠属性！,0.51518,0.000023
1037,急救用具,1421,舞会女王,0.499486,0.000028
1074,缩小射线,1321,砍伤,0.463249,0.000163
1063,狂徒豪气,1349,终极唤醒,0.500861,0.000148
1058,秘术冲拳,2005,扳机炼狱,0.460354,0.00006
1030,尤里卡,1391,红包,0.560109,0.000868
1314,强力护盾,2016,注魔,0.444945,0.000004
1325,玻璃大炮,1339,激光治疗,0.424051,0.000006
1323,残忍,2003,魄罗之王的弹跳,0.513495,0.000018
1375,吞噬灵魂,1404,属性！,0.502323,0.000093
1067,古式佳酿,1353,坦克引擎,0.489971,0.003227
1063,狂徒豪气,1152,任务：钢化你心,0.501906,0.000491
1181,重量级打击手,2024,由暴生急,0.449598,0.000019
1057,山脉龙魂,1322,罪恶快感,0.470695,0.000144
1060,海洋龙魂,1074,缩小射线,0.472058,0.000192
1195,巨人杀手,1310,小丑学院,0.576815,0.000933
1330,活力再生,2010,双发快射,0.477064,0.000075
1019,全凭身法,1320,升级：收集者,0.454229,0.000564
1347,吵闹鬼,1420,咏叹奏鸣,0.517724,0.000023
1181,重量级打击手,1317,升级：弯刀,0.44849,0.000003
1321,砍伤,1323,残忍,0.478939,0.000057
0,无符文,1023,魔鬼之舞,0.614207,0.01117
1056,由心及物,12317,潘朵拉的盒子,0.5,0.000001
1070,无休回复,1138,渴血,0.508365,0.000389
1053,科学狂人,1420,咏叹奏鸣,0.560877,0.000091
1041,歌利亚巨人,1198,圣火,0.473706,0.000277
1097,巫师式思考,1345,心灵净化,0.479329,0.001352
1077,灵魂虹吸,1310,小丑学院,0.530258,0.000486
1030,尤里卡,1214,旋转至胜,0.535863,0.00008
1061,回力OK镖,1415,双生火焰,0.492563,0.000071
1084,穿针引线,1386,转得我眩晕了,0.417033,0.000003
1345,心灵净化,2008,负重爆气,0.466896,0.000513
1067,古式佳酿,2016,注魔,0.501476,0.000053
1082,残暴之力,1198,圣火,0.45651,0.000028
1058,秘术冲拳,1373,缩小引擎,0.488057,0.000409
1301,神圣干预,1384,捐赠,0.506725,0.000134
1084,穿针引线,1409,魄罗爆破手,0.477204,0.000589
1329,史上最大雪球,1332,不祥契约,0.466534,0.000059
1020,黎明使者的坚决,1042,恶趣味,0.485293,0.000214
1075,慢炖,1311,溢流,0.473243,0.000206
1305,练腿日,1384,捐赠,0.529563,0.000187
12317,潘朵拉的盒子,1238,质变：棱彩阶,0.535074,0.000029
1187,闪光弹,1386,转得我眩晕了,0.5,0
1088,终极刷新,1397,地狱三头犬,0.441423,0.000083
1141,全心为你,1409,魄罗爆破手,0.496492,0.000101
1034,防护面纱,1138,渴血,0.501981,0.000302
1056,由心及物,1149,不动如山,0.472443,0.000315
1079,战争交响乐,1305,练腿日,0.48527,0.000275
1238,质变：棱彩阶,1349,终极唤醒,0.489694,0.000524
1039,冰霜 幽灵,1129,神射法师,0.44469,0.000106
1194,精怪魔法,1320,升级：收集者,0.455196,0.000156
1069,退敌力场,1325,玻璃大炮,0.423318,0.000039
1310,小丑学院,2024,由暴生急,0.510574,0.000072
1195,巨人杀手,2018,纯粹主义者 - 术师,0.501778,0.000197
1214,旋转至胜,1320,升级：收集者,0.491962,0.000155
1026,唯快不破,1341,帽上加帽,0.501487,0.000074
1105,家园卫士,1358,弹球,0.497867,0.000073
1414,卡皮巴拉空投,2006,飞身踢,0.444223,0.000022
1397,地狱三头犬,2010,双发快射,0.496756,0.000138
1198,圣火,1320,升级：收集者,0.434301,0.000018
1027,大地苏醒,1181,重量级打击手,0.471511,0.000075
1044,冰寒,1057,山脉龙魂,0.47615,0.000125
1062,全能龙魂,1402,属性叠属性叠属性！,0.538924,0.000013
1034,防护面纱,1048,珠光护手,0.483836,0.000588
1154,任务：海牛阿福的勇士,1384,捐赠,0.510383,0.000085
1042,恶趣味,1401,生机迸发,0.491794,0.000067
1356,暴击飞弹,1390,超凡邪恶,0.478693,0.000349
1115,最万用的瞄准镜,1347,吵闹鬼,0.468159,0.000073
1390,超凡邪恶,2006,飞身踢,0.491679,0.000701
1115,最万用的瞄准镜,2003,魄罗之王的弹跳,0.450918,0.000015
1205,物理转魔法,1225,双刀流,0.480602,0.000189
1243,质变：混沌,1349,终极唤醒,0.484776,0.000211
1084,穿针引线,1353,坦克引擎,0.470188,0.001025
1086,精准奇才,1336,升级：无尽之刃,0.454058,0.000102
1237,质变：黄金阶,1414,卡皮巴拉空投,0.471092,0.00002
1095,风语者的祝福,1406,祖母的辣椒油,0.522305,0.000103
1324,蛋白粉奶昔,1328,暴击律动,0.430033,0.000015
1030,尤里卡,1036,火上浇油,0.481987,0.000394
1321,砍伤,1401,生机迸发,0.489339,0.000056
1205,物理转魔法,1333,逃跑计划,0.525526,0.000614
1087,台风,1348,闪闪现现,0.446255,0.000018
1038,有始有终,1339,激光治疗,0.472704,0.000028
1073,暗影疾奔,1138,渴血,0.535827,0.001185
1324,蛋白粉奶昔,2004,信念者的强化,0.519126,0.00003
1052,闪电打击,1330,活力再生,0.470597,0.000254
1037,急救用具,1136,扇巴掌,0.48821,0.00033
1331,至高天诺言,1391,红包,0.505504,0.000018
0,无符文,1029,虚幻武器,0.591278,0.026421
1079,战争交响乐,1334,升级：雪球,0.457418,0.00012
1018,巨像的勇气,1384,捐赠,0.489881,0.000093
1097,巫师式思考,2026,杀意翻涌,0.478485,0.000056
1052,闪电打击,1211,杀戮时间到了,0.4703,0.000388
1057,山脉龙魂,1076,天音爆,0.465349,0.00002
1047,关键暴击,1088,终极刷新,0.442322,0.000139
1073,暗影疾奔,1390,超凡邪恶,0.516237,0.000373
1026,唯快不破,1325,玻璃大炮,0.462904,0.00006
1066,量子计算,1079,战争交响乐,0.465775,0.00012
1112,终极不可阻挡,2026,杀意翻涌,0.459233,0.000048
1321,砍伤,2003,魄罗之王的弹跳,0.471734,0.000011
1338,升级：狂妄,2009,狂热者,0.493911,0.000305
1023,魔鬼之舞,1044,冰寒,0.479199,0.000071
1181,重量级打击手,1301,神圣干预,0.491181,0.00034
1154,任务：海牛阿福的勇士,1195,巨人杀手,0.53686,0.000162
1081,踢踏舞,1115,最万用的瞄准镜,0.511726,0.000793
1346,吸血习性,1397,地狱三头犬,0.511533,0.00115
1004,回归基本功,2008,负重爆气,0.52527,0.000165
1047,关键暴击,1075,慢炖,0.458678,0.000071
1086,精准奇才,1353,坦克引擎,0.477116,0.000099
1072,炽烈黎明,1113,老练狙神,0.487193,0.000235
1105,家园卫士,1319,升级：献祭,0.506422,0.000054
1051,点亮他们！,1397,地狱三头犬,0.482652,0.000221
1108,自我毁灭,2010,双发快射,0.481959,0.000044
1002,尖端发明家,1115,最万用的瞄准镜,0.446615,0.000195
1009,霸符兄弟,1156,任务：沃格勒特的巫师帽,0.518767,0.000358
1067,古式佳酿,1424,???,0.450329,0.000018
1314,强力护盾,1421,舞会女王,0.475159,0.000024
1373,缩小引擎,2018,纯粹主义者 - 术师,0.493005,0.000172
1056,由心及物,1204,叠角龙,0.5216,0.000034
1069,退敌力场,1113,老练狙神,0.453184,0.000163
1320,升级：收集者,1424,???,0.446341,0.000034
1194,精怪魔法,1416,海克斯科技龙魂,0.465675,0.000031
1020,黎明使者的坚决,1046,炼狱龙魂,0.481796,0.000157
1062,全能龙魂,1414,卡皮巴拉空投,0.456185,0.000008
1316,刃下生风,1324,蛋白粉奶昔,0.425347,0.000021
1097,巫师式思考,2006,飞身踢,0.469143,0.000148
1116,闪现向前,1243,质变：混沌,0.481666,0.000068
1015,死亡之环,1105,家园卫士,0.490268,0.000064
1401,生机迸发,1424,???,0.459773,0.000011
1334,升级：雪球,2026,杀意翻涌,0.478156,0.000102
1056,由心及物,1322,罪恶快感,0.493616,0.000166
12317,潘朵拉的盒子,1342,雪球扭蛋机,0.504341,0.000001
1006,利刃华尔兹,1108,自我毁灭,0.460706,0.000227
1004,回归基本功,1041,歌利亚巨人,0.527261,0.000263
1063,狂徒豪气,1375,吞噬灵魂,0.487521,0.00013
1013,星界躯体,1379,未知符文_1379,0.441531,0.000006
1045,炼狱导管,1077,灵魂虹吸,0.471872,0.000199
1022,灵巧,1084,穿针引线,0.491242,0.00155
1073,暗影疾奔,1358,弹球,0.480216,0.00016
1026,唯快不破,1039,冰霜 幽灵,0.470765,0.000026
1413,和我一起困在这里,2026,杀意翻涌,0.452921,0.000011
1064,坚韧,1324,蛋白粉奶昔,0.449123,0.000904
1080,会心防御,1420,咏叹奏鸣,0.524724,0.000067
1075,慢炖,2024,由暴生急,0.432868,0.000009
1063,狂徒豪气,1388,无限循环往复,0.512477,0.000179
1098,急急小子,1150,面包和果酱,0.472607,0.000165
1011,你摸不到,1319,升级：献祭,0.444319,0.000038
1071,更万用的瞄准镜,1337,尊我为王,0.515937,0.000203
1051,点亮他们！,1416,海克斯科技龙魂,0.47403,0.000045
0,无符文,1348,闪闪现现,0.513865,0.001433
1063,狂徒豪气,1095,风语者的祝福,0.4724,0.000041
1054,物法皆修,1392,神圣雪球,0.41525,0.000007
1237,质变：黄金阶,2018,纯粹主义者 - 术师,0.49798,0.000042
1060,海洋龙魂,1348,闪闪现现,0.461812,0.000022
1034,防护面纱,1348,闪闪现现,0.458571,0.000016
1036,火上浇油,1066,量子计算,0.450112,0.000107
1070,无休回复,1152,任务：钢化你心,0.502957,0.000739
1195,巨人杀手,1372,小猫咪找妈妈,0.497877,0.000018
1415,双生火焰,2024,由暴生急,0.474646,0.000111
1038,有始有终,1373,缩小引擎,0.539913,0.000647
1116,闪现向前,1424,???,0.444639,0.000005
1020,黎明使者的坚决,1208,轨道镭射,0.472571,0.000026
1373,缩小引擎,1406,祖母的辣椒油,0.570277,0.000924
1062,全能龙魂,1141,全心为你,0.47671,0.000032
1403,属性叠属性！,1421,舞会女王,0.519798,0.000028
1030,尤里卡,1048,珠光护手,0.509696,0.00248
1088,终极刷新,1129,神射法师,0.451634,0.00019
1996,升级：耀光,2018,纯粹主义者 - 术师,0.463665,0.000042
1180,超强大脑,2005,扳机炼狱,0.454924,0.000009
1097,巫师式思考,1344,最终形态,0.49646,0.000278
1082,残暴之力,1323,残忍,0.424983,0.00001
1007,大力,1156,任务：沃格勒特的巫师帽,0.431563,0.00001
1029,虚幻武器,12317,潘朵拉的盒子,0.505405,0.000001
1064,坚韧,1328,暴击律动,0.475238,0.000066
1051,点亮他们！,1344,最终形态,0.520807,0.000132
1015,死亡之环,2006,飞身踢,0.507682,0.000074
1104,仆从大师,2006,飞身踢,0.47609,0.000016
1079,战争交响乐,1373,缩小引擎,0.479222,0.000265
1006,利刃华尔兹,2024,由暴生急,0.436731,0.000049
1058,秘术冲拳,2024,由暴生急,0.457058,0.000114
1073,暗影疾奔,1324,蛋白粉奶昔,0.476178,0.000097
1339,激光治疗,1403,属性叠属性！,0.492748,0.000007
1108,自我毁灭,1180,超强大脑,0.467073,0.000099
1069,退敌力场,1103,面包和黄油,0.444226,0.000134
1113,老练狙神,1181,重量级打击手,0.431009,0.000053
1025,俯冲轰炸,1344,最终形态,0.505404,0.000536
1004,回归基本功,1151,面包和奶酪,0.516727,0.000207
1071,更万用的瞄准镜,1305,练腿日,0.510035,0.000698
1048,珠光护手,1206,魔法转物理,0.494904,0.00135
1039,冰霜 幽灵,1326,夜狩,0.446198,0.000072
1134,亮出你的剑,1392,神圣雪球,0.559302,0.000013
1020,黎明使者的坚决,1321,砍伤,0.48984,0.00015
1326,夜狩,1388,无限循环往复,0.462186,0.000269
1026,唯快不破,1214,旋转至胜,0.532447,0.000046
1038,有始有终,1328,暴击律动,0.507255,0.000399
1104,仆从大师,1310,小丑学院,0.49283,0.000052
1112,终极不可阻挡,1424,???,0.433758,0.000006
1030,尤里卡,1187,闪光弹,0.499383,0.000077
1134,亮出你的剑,1328,暴击律动,0.576557,0.000992
1141,全心为你,2018,纯粹主义者 - 术师,0.494526,0.000017
1113,老练狙神,2003,魄罗之王的弹跳,0.440655,0.00003
1061,回力OK镖,1339,激光治疗,0.509031,0.000021
1349,终极唤醒,1424,???,0.445918,0.000004
1069,退敌力场,1129,神射法师,0.442464,0.00009
1069,退敌力场,1329,史上最大雪球,0.438501,0.000051
1321,砍伤,1339,激光治疗,0.428791,0.000004
1134,亮出你的剑,1313,作弊：我能回城！,0.554768,0.000192
1036,火上浇油,2004,信念者的强化,0.444909,0.000004
1013,星界躯体,1414,卡皮巴拉空投,0.439967,0.000063
1080,会心防御,1310,小丑学院,0.534973,0.000202
1404,属性！,1411,升级：荆棘之甲,0.560518,0.000013
1314,强力护盾,1321,砍伤,0.459768,0.000099
1322,罪恶快感,1356,暴击飞弹,0.516827,0.000403
1319,升级：献祭,1413,和我一起困在这里,0.47233,0.000026
1344,最终形态,1409,魄罗爆破手,0.487717,0.000194
1335,夺金,1391,红包,0.555248,0.001327
1037,急救用具,1052,闪电打击,0.478301,0.000075
1029,虚幻武器,1151,面包和奶酪,0.47306,0.000452
1051,点亮他们！,1319,升级：献祭,0.48117,0.00002
1208,轨道镭射,1214,旋转至胜,0.466058,0.000007
1170,万用瞄准镜,1314,强力护盾,0.45343,0.000046
1118,会心治疗,1187,闪光弹,0.472671,0.000088
1050,基石法师,1319,升级：献祭,0.472541,0.000056
1134,亮出你的剑,1194,精怪魔法,0.568481,0.000056
1149,不动如山,1311,溢流,0.461613,0.000155
1318,升级：中娅,1418,砸开那颗蛋,0.475,0.000003
1009,霸符兄弟,1250,一板一眼,0.490468,0.000174
1084,穿针引线,1133,魔法飞弹,0.486404,0.003002
1344,最终形态,1404,属性！,0.539226,0.000071
1136,扇巴掌,1194,精怪魔法,0.458346,0.000142
1007,大力,2024,由暴生急,0.489199,0.000057
1318,升级：中娅,2006,飞身踢,0.459053,0.000069
1061,回力OK镖,1314,强力护盾,0.480635,0.000029
1073,暗影疾奔,1328,暴击律动,0.535346,0.000381
1088,终极刷新,1333,逃跑计划,0.493943,0.000224
1134,亮出你的剑,2006,飞身踢,0.568522,0.000046
1070,无休回复,1345,心灵净化,0.493085,0.000356
1346,吸血习性,1375,吞噬灵魂,0.489321,0.000757
1108,自我毁灭,1301,神圣干预,0.506558,0.001387
1087,台风,1411,升级：荆棘之甲,0.504491,0.000005
1320,升级：收集者,1340,升级：米凯尔的祝福,0.426856,0.000003
1324,蛋白粉奶昔,1411,升级：荆棘之甲,0.500736,0.000084
1019,全凭身法,1358,弹球,0.454077,0.000088
1032,裁决使,2005,扳机炼狱,0.451084,0.000394
1038,有始有终,1211,杀戮时间到了,0.509119,0.001267
1071,更万用的瞄准镜,1342,雪球扭蛋机,0.480833,0.000197
1206,魔法转物理,1342,雪球扭蛋机,0.48434,0.000181
1138,渴血,1243,质变：混沌,0.512048,0.000873
1156,任务：沃格勒特的巫师帽,1347,吵闹鬼,0.480912,0.000065
1404,属性！,1405,速度恶魔,0.535246,0.000067
1004,回归基本功,1068,循环往复,0.526918,0.000363
1344,最终形态,2002,虚空裂隙,0.523133,0.000031
1084,穿针引线,1136,扇巴掌,0.482125,0.000688
1029,虚幻武器,1032,裁决使,0.483438,0.001915
1198,圣火,1313,作弊：我能回城！,0.467431,0.000179
1390,超凡邪恶,2004,信念者的强化,0.480486,0.000085
1211,杀戮时间到了,1310,小丑学院,0.529226,0.000974
1004,回归基本功,1048,珠光护手,0.525946,0.000443
1113,老练狙神,1337,尊我为王,0.498973,0.000115
1027,大地苏醒,1204,叠角龙,0.436776,0.000001
1386,转得我眩晕了,1424,???,0.444444,0
1320,升级：收集者,2001,当心小蛋糕！,0.497978,0.002141
1317,升级：弯刀,1332,不祥契约,0.404826,0.000001
1105,家园卫士,1305,练腿日,0.528239,0.000216
1057,山脉龙魂,1238,质变：棱彩阶,0.492857,0.000401
1004,回归基本功,1325,玻璃大炮,0.494117,0.000096
1018,巨像的勇气,1349,终极唤醒,0.469104,0.000071
1361,任务：艾卡西亚的陷落,2005,扳机炼狱,0.488822,0.000017
1136,扇巴掌,1330,活力再生,0.478169,0.000027
1080,会心防御,1206,魔法转物理,0.524536,0.00024
1030,尤里卡,1041,歌利亚巨人,0.489051,0.000344
1066,量子计算,1156,任务：沃格勒特的巫师帽,0.490707,0.000047
1204,叠角龙,1397,地狱三头犬,0.489441,0.000007
1072,炽烈黎明,1402,属性叠属性叠属性！,0.505468,0.00001
1326,夜狩,1340,升级：米凯尔的祝福,0.413043,0.000002
1041,歌利亚巨人,1250,一板一眼,0.494757,0.000733
1030,尤里卡,1406,祖母的辣椒油,0.545097,0.001674
1032,裁决使,1372,小猫咪找妈妈,0.494503,0.000058
1041,歌利亚巨人,1404,属性！,0.524308,0.000146
1081,踢踏舞,1402,属性叠属性叠属性！,0.514086,0.000028
1061,回力OK镖,1341,帽上加帽,0.505601,0.000158
1220,连拨击锤,2010,双发快射,0.478388,0.000372
1195,巨人杀手,1317,升级：弯刀,0.458019,0.000025
1346,吸血习性,2003,魄罗之王的弹跳,0.493119,0.000182
1027,大地苏醒,1310,小丑学院,0.523098,0.00017
1225,双刀流,1311,溢流,0.469915,0.00015
1402,属性叠属性叠属性！,2005,扳机炼狱,0.502183,0.000008
1070,无休回复,1074,缩小射线,0.481809,0.000164
1036,火上浇油,1058,秘术冲拳,0.465368,0.000587
1346,吸血习性,1421,舞会女王,0.513701,0.000174
1072,炽烈黎明,1392,神圣雪球,0.437222,0.000008
1009,霸符兄弟,1338,升级：狂妄,0.516946,0.000321
1115,最万用的瞄准镜,1152,任务：钢化你心,0.466842,0.000381
1134,亮出你的剑,1356,暴击飞弹,0.582874,0.000243
1062,全能龙魂,1112,终极不可阻挡,0.476627,0.000072
1317,升级：弯刀,1333,逃跑计划,0.468243,0.000007
1118,会心治疗,1358,弹球,0.44169,0.000113
1390,超凡邪恶,2002,虚空裂隙,0.509576,0.001394
1061,回力OK镖,1348,闪闪现现,0.455212,0.000009
1238,质变：棱彩阶,2005,扳机炼狱,0.494937,0.000093
1095,风语者的祝福,1319,升级：献祭,0.461213,0.000133
1051,点亮他们！,1386,转得我眩晕了,0.442719,0.000002
1074,缩小射线,1339,激光治疗,0.427273,0.000015
1334,升级：雪球,1338,升级：狂妄,0.478209,0.000333
1098,急急小子,1152,任务：钢化你心,0.473219,0.000241
1116,闪现向前,2026,杀意翻涌,0.462342,0.000027
1023,魔鬼之舞,1032,裁决使,0.492646,0.00081
1098,急急小子,1414,卡皮巴拉空投,0.438962,0.000012
1067,古式佳酿,1116,闪现向前,0.476068,0.000053
1042,恶趣味,1328,暴击律动,0.440534,0.00001
1151,面包和奶酪,1206,魔法转物理,0.466776,0.000255
1320,升级：收集者,1392,神圣雪球,0.434844,0.000104
1118,会心治疗,1313,作弊：我能回城！,0.468625,0.000682
1027,大地苏醒,1250,一板一眼,0.463787,0.000083
1075,慢炖,1361,任务：艾卡西亚的陷落,0.554213,0.000264
1018,巨像的勇气,1340,升级：米凯尔的祝福,0.4731,0.000008
1108,自我毁灭,2009,狂热者,0.486287,0.000044
1088,终极刷新,1305,练腿日,0.459268,0.000144
1088,终极刷新,1379,未知符文_1379,0.465702,0.000001
1018,巨像的勇气,1214,旋转至胜,0.469263,0.000013
1156,任务：沃格勒特的巫师帽,12317,潘朵拉的盒子,0.467699,0
1077,灵魂虹吸,2003,魄罗之王的弹跳,0.458412,0.000029
1220,连拨击锤,1373,缩小引擎,0.448926,0.000242
1086,精准奇才,1418,砸开那颗蛋,0.4944,0.000001
1390,超凡邪恶,1996,升级：耀光,0.499223,0.000258
1097,巫师式思考,1154,任务：海牛阿福的勇士,0.479328,0.000162
1206,魔法转物理,2006,飞身踢,0.481587,0.000255
1134,亮出你的剑,1358,弹球,0.547052,0.000032
1103,面包和黄油,1390,超凡邪恶,0.483095,0.000973
1029,虚幻武器,1329,史上最大雪球,0.466253,0.000169
1048,珠光护手,1113,老练狙神,0.470113,0.002418
1084,穿针引线,1347,吵闹鬼,0.457694,0.000115
1023,魔鬼之舞,1332,不祥契约,0.474572,0.000038
1326,夜狩,1358,弹球,0.43505,0.000087
1115,最万用的瞄准镜,1321,砍伤,0.497054,0.000145
1400,最终都市列车,2006,飞身踢,0.509776,0.000286
1421,舞会女王,2024,由暴生急,0.468958,0.000007
1108,自我毁灭,1334,升级：雪球,0.467737,0.000311
1032,裁决使,1384,捐赠,0.511137,0.001406
1052,闪电打击,1133,魔法飞弹,0.473144,0.00062
1076,天音爆,1341,帽上加帽,0.473527,0.000084
12317,潘朵拉的盒子,1411,升级：荆棘之甲,0.475351,0.000001
1060,海洋龙魂,1333,逃跑计划,0.54489,0.000288
1048,珠光护手,1156,任务：沃格勒特的巫师帽,0.513907,0.000984
1321,砍伤,1329,史上最大雪球,0.464601,0.00007
1082,残暴之力,1348,闪闪现现,0.438183,0.000026
1092,易损,1344,最终形态,0.494492,0.000353
1032,裁决使,1063,狂徒豪气,0.509619,0.001505
1341,帽上加帽,1424,???,0.456993,0.000019
1373,缩小引擎,1418,砸开那颗蛋,0.531863,0.000012
1194,精怪魔法,2002,虚空裂隙,0.491619,0.000035
1206,魔法转物理,1330,活力再生,0.471596,0.000094
1013,星界躯体,1317,升级：弯刀,0.413501,0.000004
1044,冰寒,2004,信念者的强化,0.465278,0.000033
1154,任务：海牛阿福的勇士,2010,双发快射,0.515683,0.000032
1087,台风,1325,玻璃大炮,0.428461,0.000107
1325,玻璃大炮,1391,红包,0.504877,0.000121
1112,终极不可阻挡,1413,和我一起困在这里,0.454096,0.000019
1045,炼狱导管,1339,激光治疗,0.471331,0.000028
1057,山脉龙魂,1336,升级：无尽之刃,0.475147,0.00005
1002,尖端发明家,1311,溢流,0.476688,0.000488
1074,缩小射线,1386,转得我眩晕了,0.422512,0.000001
1353,坦克引擎,2002,虚空裂隙,0.487553,0.000262
1058,秘术冲拳,1336,升级：无尽之刃,0.48457,0.000618
1069,退敌力场,1402,属性叠属性叠属性！,0.482628,0.00001
1329,史上最大雪球,1413,和我一起困在这里,0.460152,0.000007
1225,双刀流,2024,由暴生急,0.495655,0.000161
1073,暗影疾奔,1397,地狱三头犬,0.49985,0.000213
1115,最万用的瞄准镜,1315,快中求稳,0.512314,0.000177
1075,慢炖,1328,暴击律动,0.427455,0.000024
1068,循环往复,1379,未知符文_1379,0.455294,0.000003
1052,闪电打击,1116,闪现向前,0.489597,0.000082
1305,练腿日,1332,不祥契约,0.495943,0.000122
1013,星界躯体,1068,循环往复,0.488894,0.0008
1080,会心防御,1320,升级：收集者,0.501057,0.000361
1015,死亡之环,1388,无限循环往复,0.497241,0.000073
1029,虚幻武器,1330,活力再生,0.455964,0.000081
1180,超强大脑,1373,缩小引擎,0.543797,0.000262
1048,珠光护手,1118,会心治疗,0.484657,0.001522
1080,会心防御,1150,面包和果酱,0.467725,0.000096
1220,连拨击锤,1328,暴击律动,0.469321,0.001417
1311,溢流,2016,注魔,0.487511,0.001073
1011,你摸不到,1056,由心及物,0.491553,0.000106
1318,升级：中娅,1375,吞噬灵魂,0.470174,0.000117
1305,练腿日,1421,舞会女王,0.512574,0.00003
1020,黎明使者的坚决,1098,急急小子,0.47317,0.000069
1079,战争交响乐,1141,全心为你,0.425331,0.000009
1045,炼狱导管,12317,潘朵拉的盒子,0.535741,0.000001
1237,质变：黄金阶,1311,溢流,0.494337,0.000437
1054,物法皆修,1198,圣火,0.438506,0.00002
1118,会心治疗,1129,神射法师,0.458996,0.000334
1220,连拨击锤,1414,卡皮巴拉空投,0.404448,0.000012
1023,魔鬼之舞,1331,至高天诺言,0.415556,0.000002
2002,虚空裂隙,2004,信念者的强化,0.479762,0.000007
1134,亮出你的剑,1220,连拨击锤,0.523001,0.000241
0,无符文,1198,圣火,0.572755,0.006897
1007,大力,2018,纯粹主义者 - 术师,0.469816,0.000024
1138,渴血,2001,当心小蛋糕！,0.529667,0.000476
1170,万用瞄准镜,2008,负重爆气,0.460151,0.000107
1334,升级：雪球,1379,未知符文_1379,0.411206,0.000002
1308,火狐,1338,升级：狂妄,0.475119,0.00005
1026,唯快不破,1996,升级：耀光,0.511828,0.000064
1118,会心治疗,1319,升级：献祭,0.472633,0.000517
1030,尤里卡,1071,更万用的瞄准镜,0.471631,0.000212
1195,巨人杀手,1322,罪恶快感,0.523187,0.002848
1020,黎明使者的坚决,1113,老练狙神,0.472401,0.000072
1064,坚韧,1305,练腿日,0.490606,0.000433
1062,全能龙魂,1418,砸开那颗蛋,0.489047,0.000001
1225,双刀流,1373,缩小引擎,0.528978,0.000543
1335,夺金,1344,最终形态,0.508061,0.000047
1095,风语者的祝福,1156,任务：沃格勒特的巫师帽,0.489567,0.000017
1029,虚幻武器,2006,飞身踢,0.47184,0.000327
1039,冰霜 幽灵,1333,逃跑计划,0.515283,0.000185
1026,唯快不破,1397,地狱三头犬,0.472761,0.000055
1324,蛋白粉奶昔,1356,暴击飞弹,0.447834,0.00001
1022,灵巧,1329,史上最大雪球,0.472758,0.000218
1047,关键暴击,1321,砍伤,0.48147,0.000158
1092,易损,1310,小丑学院,0.520581,0.000482
1056,由心及物,2026,杀意翻涌,0.503951,0.00003
1098,急急小子,1328,暴击律动,0.45696,0.00015
1170,万用瞄准镜,1331,至高天诺言,0.420247,0.000007
0,无符文,1085,折磨者,0.55999,0.006729
1027,大地苏醒,1154,任务：海牛阿福的勇士,0.481794,0.000014
1067,古式佳酿,1133,魔法飞弹,0.514916,0.001393
1079,战争交响乐,1204,叠角龙,0.498934,0.000015
1118,会心治疗,1141,全心为你,0.474767,0.000826
1087,台风,1129,神射法师,0.466046,0.000347
1095,风语者的祝福,1138,渴血,0.472405,0.000116
1032,裁决使,1086,精准奇才,0.467215,0.000459
0,无符文,1004,回归基本功,0.652565,0.010767
1023,魔鬼之舞,1379,未知符文_1379,0.466044,0.000001
1375,吞噬灵魂,1391,红包,0.525044,0.000426
1074,缩小射线,1335,夺金,0.456168,0.000087
1060,海洋龙魂,2018,纯粹主义者 - 术师,0.498185,0.000033
1039,冰霜 幽灵,1406,祖母的辣椒油,0.506159,0.000196
1013,星界躯体,1088,终极刷新,0.447724,0.00026
1081,踢踏舞,1086,精准奇才,0.447506,0.000089
1103,面包和黄油,1415,双生火焰,0.469113,0.000219
1027,大地苏醒,1335,夺金,0.481557,0.000011
1208,轨道镭射,1326,夜狩,0.436483,0.000023
1333,逃跑计划,2004,信念者的强化,0.496925,0.000013
1073,暗影疾奔,2010,双发快射,0.546701,0.000133
1025,俯冲轰炸,1080,会心防御,0.500351,0.000109
1115,最万用的瞄准镜,1305,练腿日,0.49377,0.000347
1402,属性叠属性叠属性！,1404,属性！,0.601171,0.000304
1305,练腿日,2005,扳机炼狱,0.458085,0.000036
1058,秘术冲拳,2008,负重爆气,0.476671,0.000353
1311,溢流,1342,雪球扭蛋机,0.482911,0.000197
1057,山脉龙魂,1150,面包和果酱,0.461759,0.000119
1206,魔法转物理,1361,任务：艾卡西亚的陷落,0.507827,0.000039
1052,闪电打击,1204,叠角龙,0.520616,0.000025
1069,退敌力场,1358,弹球,0.430097,0.000027
1225,双刀流,1386,转得我眩晕了,0.480995,0.000002
1034,防护面纱,1136,扇巴掌,0.491327,0.000153
1326,夜狩,2024,由暴生急,0.433696,0.000067
1068,循环往复,1087,台风,0.466969,0.000288
1301,神圣干预,2002,虚空裂隙,0.501419,0.000083
1205,物理转魔法,1373,缩小引擎,0.513134,0.001007
1018,巨像的勇气,1375,吞噬灵魂,0.472767,0.000644
1006,利刃华尔兹,1424,???,0.436007,0.000005
1317,升级：弯刀,1328,暴击律动,0.437551,0.000006
1004,回归基本功,1305,练腿日,0.530404,0.000167
1170,万用瞄准镜,1195,巨人杀手,0.521417,0.001652
1054,物法皆修,1156,任务：沃格勒特的巫师帽,0.454361,0.00005
1051,点亮他们！,1170,万用瞄准镜,0.498557,0.000508
1044,冰寒,1076,天音爆,0.482567,0.000155
1326,夜狩,1361,任务：艾卡西亚的陷落,0.477056,0.000012
1064,坚韧,1115,最万用的瞄准镜,0.452971,0.000185
1342,雪球扭蛋机,1406,祖母的辣椒油,0.518866,0.000193
1154,任务：海牛阿福的勇士,1187,闪光弹,0.481976,0.000023
1086,精准奇才,1154,任务：海牛阿福的勇士,0.47968,0.000018
1032,裁决使,2006,飞身踢,0.474284,0.000861
1048,珠光护手,1075,慢炖,0.458917,0.000165
1129,神射法师,1336,升级：无尽之刃,0.43577,0.000088
1027,大地苏醒,12317,潘朵拉的盒子,0.595707,0
1067,古式佳酿,1103,面包和黄油,0.501785,0.000741
1333,逃跑计划,1346,吸血习性,0.57846,0.002543
1088,终极刷新,1348,闪闪现现,0.426182,0.000033
1068,循环往复,1331,至高天诺言,0.485757,0.00006
1029,虚幻武器,1050,基石法师,0.478348,0.000257
1077,灵魂虹吸,1238,质变：棱彩阶,0.521469,0.00117
1018,巨像的勇气,1305,练腿日,0.477316,0.000108
1006,利刃华尔兹,1404,属性！,0.507728,0.000042
1315,快中求稳,1323,残忍,0.495157,0.000057
1336,升级：无尽之刃,1401,生机迸发,0.50999,0.000087
1018,巨像的勇气,1386,转得我眩晕了,0.425241,0.000001
1009,霸符兄弟,1074,缩小射线,0.482948,0.000194
1080,会心防御,2009,狂热者,0.502486,0.000088
1041,歌利亚巨人,1088,终极刷新,0.467335,0.000267
1087,台风,1402,属性叠属性叠属性！,0.504434,0.000052
1066,量子计算,1086,精准奇才,0.457146,0.000049
1149,不动如山,1181,重量级打击手,0.49494,0.000818
1150,面包和果酱,1305,练腿日,0.478171,0.000231
1028,侵蚀,1032,裁决使,0.492373,0.00088
1319,升级：献祭,2002,虚空裂隙,0.497346,0.000055
1034,防护面纱,1340,升级：米凯尔的祝福,0.522513,0.000021
1022,灵巧,1064,坚韧,0.482523,0.000295
1071,更万用的瞄准镜,1098,急急小子,0.467914,0.000272
1311,溢流,1340,升级：米凯尔的祝福,0.513277,0.000094
1075,慢炖,1348,闪闪现现,0.472723,0.000033
1062,全能龙魂,1316,刃下生风,0.502943,0.000069
1138,渴血,2018,纯粹主义者 - 术师,0.46161,0.000088
2010,双发快射,2016,注魔,0.472837,0.000032
1035,感受燃烧,1321,砍伤,0.49405,0.000056
1214,旋转至胜,12317,潘朵拉的盒子,0.518686,0
1087,台风,1156,任务：沃格勒特的巫师帽,0.467332,0.000059
1022,灵巧,1047,关键暴击,0.508906,0.001079
1104,仆从大师,1404,属性！,0.525556,0.000007
1308,火狐,1358,弹球,0.492805,0.000174
1331,至高天诺言,1344,最终形态,0.430704,0.000004
1030,尤里卡,1082,残暴之力,0.444861,0.00003
1019,全凭身法,1041,歌利亚巨人,0.49066,0.000267
1011,你摸不到,1103,面包和黄油,0.443241,0.000144
1068,循环往复,1414,卡皮巴拉空投,0.450286,0.00005
1076,天音爆,1129,神射法师,0.454126,0.000049
1009,霸符兄弟,1211,杀戮时间到了,0.502852,0.000407
1052,闪电打击,1356,暴击飞弹,0.544069,0.000648
1037,急救用具,1404,属性！,0.504228,0.000028
1195,巨人杀手,1386,转得我眩晕了,0.472822,0.000004
1052,闪电打击,1301,神圣干预,0.467186,0.000174
1044,冰寒,1349,终极唤醒,0.470403,0.000272
1062,全能龙魂,1327,坚若磐石,0.480676,0.000078
1129,神射法师,1198,圣火,0.44726,0.000084
1082,残暴之力,1315,快中求稳,0.512496,0.000222
1308,火狐,1328,暴击律动,0.474588,0.000027
1025,俯冲轰炸,1404,属性！,0.546795,0.000048
1320,升级：收集者,1391,红包,0.548902,0.003868
1057,山脉龙魂,1314,强力护盾,0.451017,0.000083
1328,暴击律动,1416,海克斯科技龙魂,0.476792,0.000072
1054,物法皆修,2002,虚空裂隙,0.450266,0.000026
1220,连拨击锤,1401,生机迸发,0.453672,0.000056
1205,物理转魔法,1405,速度恶魔,0.499937,0.000559
1018,巨像的勇气,1324,蛋白粉奶昔,0.476865,0.000152
1048,珠光护手,1403,属性叠属性！,0.529701,0.000344
1047,关键暴击,2004,信念者的强化,0.45398,0.000005
1237,质变：黄金阶,1347,吵闹鬼,0.47058,0.000046
1238,质变：棱彩阶,1328,暴击律动,0.517891,0.001317
1115,最万用的瞄准镜,1237,质变：黄金阶,0.490815,0.00033
1015,死亡之环,1243,质变：混沌,0.494553,0.000085
1004,回归基本功,1138,渴血,0.550973,0.00066
1097,巫师式思考,1358,弹球,0.467079,0.000232
1011,你摸不到,1389,男爵之手,0.502035,0.000003
1068,循环往复,1333,逃跑计划,0.547174,0.000778
1141,全心为你,1361,任务：艾卡西亚的陷落,0.483848,0.000006
1136,扇巴掌,1347,吵闹鬼,0.47085,0.000045
1237,质变：黄金阶,1416,海克斯科技龙魂,0.50855,0.00005
1013,星界躯体,1027,大地苏醒,0.450006,0.00008
1115,最万用的瞄准镜,1220,连拨击锤,0.461292,0.000558
1141,全心为你,2005,扳机炼狱,0.431481,0.000002
1118,会心治疗,2016,注魔,0.460862,0.000052
1305,练腿日,2018,纯粹主义者 - 术师,0.471977,0.000026
1004,回归基本功,1198,圣火,0.487397,0.000052
1384,捐赠,1406,祖母的辣椒油,0.557002,0.000561
1006,利刃华尔兹,1105,家园卫士,0.482839,0.000126
1070,无休回复,1198,圣火,0.484074,0.000109
1151,面包和奶酪,1409,魄罗爆破手,0.491839,0.000241
1011,你摸不到,1042,恶趣味,0.433225,0.000039
1328,暴击律动,1413,和我一起困在这里,0.436403,0.000003
1220,连拨击锤,1346,吸血习性,0.502806,0.002187
1044,冰寒,1406,祖母的辣椒油,0.549922,0.00138
1113,老练狙神,1301,神圣干预,0.460234,0.000164
1080,会心防御,1113,老练狙神,0.462327,0.000153
1054,物法皆修,1062,全能龙魂,0.47378,0.000053
1030,尤里卡,1105,家园卫士,0.554666,0.000827
1077,灵魂虹吸,1337,尊我为王,0.5108,0.000107
1154,任务：海牛阿福的勇士,1424,???,0.451864,0.000002
1133,魔法飞弹,1340,升级：米凯尔的祝福,0.505881,0.000108
1308,火狐,1348,闪闪现现,0.509698,0
1041,歌利亚巨人,1389,男爵之手,0.518481,0.000027
1113,老练狙神,1392,神圣雪球,0.432251,0.000031
1034,防护面纱,1301,神圣干预,0.471006,0.000097
1150,面包和果酱,1180,超强大脑,0.483407,0.000216
1335,夺金,1386,转得我眩晕了,0.486777,0.000001
1327,坚若磐石,1331,至高天诺言,0.437472,0.000017
1104,仆从大师,2003,魄罗之王的弹跳,0.462468,0.000004
1030,尤里卡,1151,面包和奶酪,0.503188,0.001193
1324,蛋白粉奶昔,1337,尊我为王,0.567574,0.000091
1002,尖端发明家,12317,潘朵拉的盒子,0.484658,0.000001
1388,无限循环往复,1415,双生火焰,0.497692,0.000335
1329,史上最大雪球,1390,超凡邪恶,0.486098,0.000298
1061,回力OK镖,1075,慢炖,0.497062,0.000116
1025,俯冲轰炸,1048,珠光护手,0.494965,0.000942
1077,灵魂虹吸,1107,接二连三,0.492589,0.000901
1092,易损,1198,圣火,0.462725,0.000072
1026,唯快不破,1326,夜狩,0.472363,0.000121
1070,无休回复,2024,由暴生急,0.468661,0.000017
1026,唯快不破,1081,踢踏舞,0.515649,0.000472
1009,霸符兄弟,1052,闪电打击,0.514188,0.000256
1081,踢踏舞,2002,虚空裂隙,0.461592,0.000021
1028,侵蚀,1107,接二连三,0.484468,0.00021
1397,地狱三头犬,2008,负重爆气,0.45334,0.000052
1150,面包和果酱,1323,残忍,0.494313,0.000252
1204,叠角龙,1345,心灵净化,0.508413,0.000041
1018,巨像的勇气,1345,心灵净化,0.45057,0.000244
1180,超强大脑,2008,负重爆气,0.496009,0.00023
1025,俯冲轰炸,1039,冰霜 幽灵,0.501082,0.000286
1080,会心防御,2018,纯粹主义者 - 术师,0.452626,0.000016
1337,尊我为王,2005,扳机炼狱,0.640031,0.000036
1025,俯冲轰炸,1056,由心及物,0.496727,0.000219
1340,升级：米凯尔的祝福,1416,海克斯科技龙魂,0.519441,0.000006
1331,至高天诺言,1402,属性叠属性叠属性！,0.501056,0.000002
1063,狂徒豪气,1320,升级：收集者,0.490736,0.000327
1095,风语者的祝福,1349,终极唤醒,0.490947,0.00004
1305,练腿日,1316,刃下生风,0.48734,0.000094
1214,旋转至胜,1373,缩小引擎,0.520352,0.000105
1075,慢炖,1372,小猫咪找妈妈,0.44958,0.000009
1015,死亡之环,1316,刃下生风,0.440087,0.000006
1034,防护面纱,1080,会心防御,0.492419,0.000066
1316,刃下生风,1345,心灵净化,0.465934,0.000282
1007,大力,1079,战争交响乐,0.497203,0.000395
1020,黎明使者的坚决,1079,战争交响乐,0.47973,0.000104
1194,精怪魔法,1341,帽上加帽,0.461597,0.000185
1418,砸开那颗蛋,1424,???,0.474219,0.000001
1015,死亡之环,2008,负重爆气,0.470654,0.000139
1030,尤里卡,2002,虚空裂隙,0.522916,0.000499
1075,慢炖,1150,面包和果酱,0.494496,0.000281
1030,尤里卡,1331,至高天诺言,0.489516,0.000031
1032,裁决使,1415,双生火焰,0.47825,0.000699
1050,基石法师,2005,扳机炼狱,0.439694,0.000009
1087,台风,1406,祖母的辣椒油,0.489982,0.000081
1038,有始有终,1118,会心治疗,0.489452,0.000377
1053,科学狂人,1342,雪球扭蛋机,0.506443,0.000103
1029,虚幻武器,1087,台风,0.472999,0.000552
1341,帽上加帽,2008,负重爆气,0.482537,0.00035
1086,精准奇才,2005,扳机炼狱,0.43085,0.000004
1103,面包和黄油,1392,神圣雪球,0.432125,0.000046
1062,全能龙魂,1180,超强大脑,0.505898,0.000107
1097,巫师式思考,1414,卡皮巴拉空投,0.444033,0.000051
1042,恶趣味,1421,舞会女王,0.503812,0.000055
1015,死亡之环,1397,地狱三头犬,0.457108,0.000014
1025,俯冲轰炸,1105,家园卫士,0.516889,0.000141
1042,恶趣味,2002,虚空裂隙,0.485018,0.000047
1341,帽上加帽,2007,你肩上的恶魔,0.425118,0.000028
1075,慢炖,1322,罪恶快感,0.492148,0.000214
1023,魔鬼之舞,1345,心灵净化,0.472194,0.000288
1050,基石法师,1243,质变：混沌,0.486863,0.000327
1061,回力OK镖,1332,不祥契约,0.497048,0.000052
1118,会心治疗,1305,练腿日,0.485304,0.000383
1074,缩小射线,2005,扳机炼狱,0.420275,0.000046
1050,基石法师,1389,男爵之手,0.518141,0.000012
1072,炽烈黎明,1353,坦克引擎,0.479679,0.000288
1056,由心及物,1372,小猫咪找妈妈,0.490926,0.000079
1022,灵巧,1112,终极不可阻挡,0.481669,0.000228
1345,心灵净化,1390,超凡邪恶,0.481494,0.001323
1006,利刃华尔兹,1019,全凭身法,0.461824,0.000193
1052,闪电打击,1198,圣火,0.455275,0.000033
1375,吞噬灵魂,2008,负重爆气,0.487414,0.000446
1331,至高天诺言,1356,暴击飞弹,0.445351,0.000004
1129,神射法师,1372,小猫咪找妈妈,0.445552,0.000015
1026,唯快不破,1058,秘术冲拳,0.47846,0.000128
1320,升级：收集者,2026,杀意翻涌,0.480686,0.000235
1047,关键暴击,1314,强力护盾,0.458767,0.00006
1305,练腿日,1379,未知符文_1379,0.451011,0.000002
1046,炼狱龙魂,2001,当心小蛋糕！,0.495069,0.000231
1076,天音爆,1372,小猫咪找妈妈,0.495206,0.000198
1384,捐赠,2001,当心小蛋糕！,0.53053,0.00268
1058,秘术冲拳,1250,一板一眼,0.435233,0.000524
1004,回归基本功,1338,升级：狂妄,0.536151,0.000368
1075,慢炖,1154,任务：海牛阿福的勇士,0.468965,0.00004
1079,战争交响乐,1095,风语者的祝福,0.473544,0.000032
1084,穿针引线,1345,心灵净化,0.461982,0.001573
1108,自我毁灭,1344,最终形态,0.484337,0.000415
1996,升级：耀光,2007,你肩上的恶魔,0.440242,0.000023
1036,火上浇油,1206,魔法转物理,0.481186,0.000365
1329,史上最大雪球,1403,属性叠属性！,0.518872,0.00005
1057,山脉龙魂,1414,卡皮巴拉空投,0.430696,0.000016
1019,全凭身法,1195,巨人杀手,0.52088,0.000509
1018,巨像的勇气,1409,魄罗爆破手,0.503024,0.00007
1051,点亮他们！,1314,强力护盾,0.456654,0.000014
1058,秘术冲拳,1308,火狐,0.483688,0.000055
1018,巨像的勇气,1416,海克斯科技龙魂,0.454031,0.000016
1243,质变：混沌,1411,升级：荆棘之甲,0.538624,0.000035
1060,海洋龙魂,1238,质变：棱彩阶,0.522118,0.000864
1013,星界躯体,1097,巫师式思考,0.465032,0.000287
1225,双刀流,2008,负重爆气,0.490349,0.00014
1032,裁决使,1375,吞噬灵魂,0.481989,0.000819
1039,冰霜 幽灵,1204,叠角龙,0.47918,0.000011
1013,星界躯体,1330,活力再生,0.44652,0.000013
1081,踢踏舞,2009,狂热者,0.497397,0.000401
1056,由心及物,1152,任务：钢化你心,0.479485,0.001016
1150,面包和果酱,1397,地狱三头犬,0.444955,0.000072
1009,霸符兄弟,1420,咏叹奏鸣,0.560181,0.000134
1013,星界躯体,2003,魄罗之王的弹跳,0.482838,0.000095
1237,质变：黄金阶,2016,注魔,0.501068,0.000025
1334,升级：雪球,2008,负重爆气,0.479837,0.00036
1019,全凭身法,1337,尊我为王,0.570453,0.00017
1044,冰寒,1310,小丑学院,0.509273,0.000235
1054,物法皆修,1418,砸开那颗蛋,0.442552,0.000001
0,无符文,1336,升级：无尽之刃,0.660383,0.024081
1085,折磨者,2026,杀意翻涌,0.459916,0.000008
1050,基石法师,1068,循环往复,0.509509,0.000669
1084,穿针引线,1348,闪闪现现,0.440822,0.000072
1205,物理转魔法,1424,???,0.457484,0.000037
1136,扇巴掌,2018,纯粹主义者 - 术师,0.48239,0.000098
1018,巨像的勇气,1344,最终形态,0.463568,0.000105
1064,坚韧,1345,心灵净化,0.459828,0.000765
1032,裁决使,1225,双刀流,0.513803,0.001452
1340,升级：米凯尔的祝福,1414,卡皮巴拉空投,0.502077,0.000003
1036,火上浇油,1347,吵闹鬼,0.46615,0.000061
1305,练腿日,1397,地狱三头犬,0.470477,0.000129
1038,有始有终,2026,杀意翻涌,0.50885,0.000163
1026,唯快不破,1206,魔法转物理,0.513353,0.000119
0,无符文,1113,老练狙神,0.605427,0.02638
1379,未知符文_1379,2004,信念者的强化,0.452478,0.000004
1323,残忍,2016,注魔,0.486806,0.000039
1317,升级：弯刀,1342,雪球扭蛋机,0.413045,0.000004
1347,吵闹鬼,1415,双生火焰,0.465878,0.000015
1030,尤里卡,1418,砸开那颗蛋,0.530829,0.000011
1052,闪电打击,1064,坚韧,0.465913,0.000193
1205,物理转魔法,1208,轨道镭射,0.458952,0.000072
1118,会心治疗,1308,火狐,0.521447,0.000202
1041,歌利亚巨人,1107,接二连三,0.475583,0.000374
1029,虚幻武器,2004,信念者的强化,0.44994,0.00001
1339,激光治疗,2024,由暴生急,0.414983,0.000002
1243,质变：混沌,1314,强力护盾,0.47053,0.000135
1108,自我毁灭,1187,闪光弹,0.442923,0.000041
1081,踢踏舞,1361,任务：艾卡西亚的陷落,0.509077,0.000015
1237,质变：黄金阶,1406,祖母的辣椒油,0.564238,0.000341
1015,死亡之环,1082,残暴之力,0.45447,0.00001
1064,坚韧,1243,质变：混沌,0.477108,0.000555
1206,魔法转物理,1391,红包,0.583448,0.000514
1341,帽上加帽,1358,弹球,0.462753,0.000135
1310,小丑学院,2006,飞身踢,0.515203,0.000168
1007,大力,1011,你摸不到,0.478964,0.000094
1116,闪现向前,2002,虚空裂隙,0.497998,0.000036
1075,慢炖,1301,神圣干预,0.493232,0.000323
1329,史上最大雪球,1388,无限循环往复,0.477647,0.000074
1326,夜狩,1996,升级：耀光,0.473215,0.000166
12317,潘朵拉的盒子,1332,不祥契约,0.608247,0
1152,任务：钢化你心,1320,升级：收集者,0.421175,0.000225
1051,点亮他们！,1225,双刀流,0.576048,0.001643
1039,冰霜 幽灵,1372,小猫咪找妈妈,0.522016,0.000024
0,无符文,1323,残忍,0.603743,0.011444
1151,面包和奶酪,2010,双发快射,0.459094,0.000048
1324,蛋白粉奶昔,1353,坦克引擎,0.47266,0.002135
1074,缩小射线,1151,面包和奶酪,0.446284,0.00022
1084,穿针引线,1237,质变：黄金阶,0.482762,0.000783
1331,至高天诺言,2001,当心小蛋糕！,0.488966,0.000006
1057,山脉龙魂,1063,狂徒豪气,0.478639,0.000067
1194,精怪魔法,2004,信念者的强化,0.455742,0.000002
1034,防护面纱,1046,炼狱龙魂,0.482607,0.000229
1013,星界躯体,1072,炽烈黎明,0.468788,0.000138
1087,台风,12317,潘朵拉的盒子,0.498843,0.000001
1105,家园卫士,1334,升级：雪球,0.52129,0.000175
1057,山脉龙魂,1214,旋转至胜,0.480032,0.000027
1134,亮出你的剑,1415,双生火焰,0.542699,0.000091
1042,恶趣味,1327,坚若磐石,0.478459,0.000431
1105,家园卫士,1418,砸开那颗蛋,0.521071,0.000002
1015,死亡之环,1321,砍伤,0.482472,0.000036
1077,灵魂虹吸,2024,由暴生急,0.477059,0.0002
1315,快中求稳,1333,逃跑计划,0.564664,0.000283
1013,星界躯体,1035,感受燃烧,0.498939,0.000253
1087,台风,2008,负重爆气,0.451677,0.000083
1020,黎明使者的坚决,1134,亮出你的剑,0.58131,0.000039
1058,秘术冲拳,1327,坚若磐石,0.444273,0.000068
1180,超强大脑,1333,逃跑计划,0.537605,0.00023
1006,利刃华尔兹,1318,升级：中娅,0.462324,0.000059
1086,精准奇才,1187,闪光弹,0.4278,0.000006
1036,火上浇油,1325,玻璃大炮,0.437301,0.000113
1009,霸符兄弟,1237,质变：黄金阶,0.51381,0.000198
1041,歌利亚巨人,1392,神圣雪球,0.454393,0.000059
0,无符文,1338,升级：狂妄,0.640616,0.040879
1180,超强大脑,1194,精怪魔法,0.476358,0.000115
1375,吞噬灵魂,1409,魄罗爆破手,0.522147,0.000421
1384,捐赠,1386,转得我眩晕了,0.496028,0.000003
1133,魔法飞弹,1211,杀戮时间到了,0.499,0.003084
1113,老练狙神,1391,红包,0.519738,0.000355
1154,任务：海牛阿福的勇士,1349,终极唤醒,0.464634,0.000032
1318,升级：中娅,1424,???,0.454351,0.000017
0,无符文,2026,杀意翻涌,0.589513,0.005241
1018,巨像的勇气,1332,不祥契约,0.458404,0.000041
1138,渴血,1424,???,0.461971,0.000036
1072,炽烈黎明,1238,质变：棱彩阶,0.495017,0.000305
1088,终极刷新,1318,升级：中娅,0.457218,0.000194
12317,潘朵拉的盒子,1348,闪闪现现,0.529412,0
1073,暗影疾奔,1375,吞噬灵魂,0.497751,0.000129
1066,量子计算,1375,吞噬灵魂,0.472535,0.000169
1134,亮出你的剑,1388,无限循环往复,0.547742,0.000047
1051,点亮他们！,1107,接二连三,0.506371,0.001552
1051,点亮他们！,1348,闪闪现现,0.459185,0.000009
1015,死亡之环,1039,冰霜 幽灵,0.491215,0.000159
1032,裁决使,1048,珠光护手,0.482082,0.006344
1025,俯冲轰炸,1054,物法皆修,0.449085,0.000105
1023,魔鬼之舞,1361,任务：艾卡西亚的陷落,0.542701,0.000086
1085,折磨者,1098,急急小子,0.461433,0.000048
1042,恶趣味,1424,???,0.445079,0.000009
1328,暴击律动,2007,你肩上的恶魔,0.447169,0.000034
1225,双刀流,1375,吞噬灵魂,0.498943,0.000083
1356,暴击飞弹,2016,注魔,0.465841,0.000036
1237,质变：黄金阶,1996,升级：耀光,0.505476,0.000195
1317,升级：弯刀,1329,史上最大雪球,0.403561,0.000003
12317,潘朵拉的盒子,1392,神圣雪球,0.528626,0
1062,全能龙魂,12317,潘朵拉的盒子,0.49361,0
1386,转得我眩晕了,1388,无限循环往复,0.448074,0.000004
1056,由心及物,1115,最万用的瞄准镜,0.454494,0.000074
1050,基石法师,1400,最终都市列车,0.499812,0.000097
1082,残暴之力,1329,史上最大雪球,0.464765,0.000167
1324,蛋白粉奶昔,1384,捐赠,0.483395,0.00012
1052,闪电打击,1085,折磨者,0.431314,0.000023
1071,更万用的瞄准镜,1361,任务：艾卡西亚的陷落,0.498369,0.000055
1018,巨像的勇气,2002,虚空裂隙,0.477639,0.000018
1323,残忍,1346,吸血习性,0.49516,0.000374
1170,万用瞄准镜,1379,未知符文_1379,0.464952,0.000005
1151,面包和奶酪,1308,火狐,0.512212,0.00014
1346,吸血习性,1403,属性叠属性！,0.572458,0.000658
1321,砍伤,1335,夺金,0.475432,0.000018
1023,魔鬼之舞,1097,巫师式思考,0.4871,0.00005
1041,歌利亚巨人,2003,魄罗之王的弹跳,0.494257,0.000066
1129,神射法师,1402,属性叠属性叠属性！,0.508799,0.000062
1069,退敌力场,1415,双生火焰,0.447904,0.000029
1322,罪恶快感,1338,升级：狂妄,0.48623,0.002036
1082,残暴之力,1334,升级：雪球,0.470225,0.000202
1081,踢踏舞,1372,小猫咪找妈妈,0.446314,0.000008
1029,虚幻武器,1345,心灵净化,0.467773,0.000689
1326,夜狩,2009,狂热者,0.476235,0.000102
1052,闪电打击,1324,蛋白粉奶昔,0.447059,0.000061
1113,老练狙神,1324,蛋白粉奶昔,0.438438,0.000036
1034,防护面纱,1313,作弊：我能回城！,0.492116,0.000281
1338,升级：狂妄,1400,最终都市列车,0.527845,0.000515
1097,巫师式思考,1112,终极不可阻挡,0.459405,0.000216
1077,灵魂虹吸,1392,神圣雪球,0.445643,0.000027
1331,至高天诺言,1414,卡皮巴拉空投,0.6,0
1046,炼狱龙魂,1406,祖母的辣椒油,0.528508,0.000276
1028,侵蚀,1085,折磨者,0.496904,0.000097
1035,感受燃烧,1315,快中求稳,0.519908,0.000067
1025,俯冲轰炸,1058,秘术冲拳,0.483409,0.00029
1060,海洋龙魂,1112,终极不可阻挡,0.47282,0.000089
1035,感受燃烧,1072,炽烈黎明,0.485008,0.000049
1064,坚韧,1133,魔法飞弹,0.477504,0.000606
1044,冰寒,1180,超强大脑,0.506165,0.000603
1032,裁决使,1386,转得我眩晕了,0.424533,0.000006
1027,大地苏醒,1327,坚若磐石,0.436668,0.000025
1214,旋转至胜,1334,升级：雪球,0.493773,0.000083
1074,缩小射线,1310,小丑学院,0.486239,0.00025
1044,冰寒,1051,点亮他们！,0.482872,0.000135
1079,战争交响乐,2016,注魔,0.449816,0.000024
1020,黎明使者的坚决,1404,属性！,0.526809,0.00002
1045,炼狱导管,1073,暗影疾奔,0.512437,0.000217
1170,万用瞄准镜,1334,升级：雪球,0.460187,0.000165
1081,踢踏舞,1327,坚若磐石,0.44297,0.000061
1046,炼狱龙魂,1170,万用瞄准镜,0.460722,0.000458
1027,大地苏醒,1331,至高天诺言,0.408856,0.000002
1035,感受燃烧,1180,超强大脑,0.487286,0.000079
1238,质变：棱彩阶,2008,负重爆气,0.510966,0.000373
1079,战争交响乐,1080,会心防御,0.496845,0.00023
1136,扇巴掌,1339,激光治疗,0.485005,0.000077
1018,巨像的勇气,1097,巫师式思考,0.450413,0.000071
1337,尊我为王,1386,转得我眩晕了,0.480798,0.000001
1085,折磨者,1314,强力护盾,0.44622,0.000043
1057,山脉龙魂,1328,暴击律动,0.47848,0.000039
12317,潘朵拉的盒子,2026,杀意翻涌,0.51087,0
1052,闪电打击,1105,家园卫士,0.524039,0.000301
1112,终极不可阻挡,1348,闪闪现现,0.432207,0.000018
1025,俯冲轰炸,1323,残忍,0.494638,0.000256
0,无符文,1007,大力,0.602422,0.014503
1194,精怪魔法,1310,小丑学院,0.508323,0.000133
1006,利刃华尔兹,1198,圣火,0.439651,0.000033
1332,不祥契约,1415,双生火焰,0.470188,0.000095
1007,大力,1321,砍伤,0.494708,0.000151
1356,暴击飞弹,1361,任务：艾卡西亚的陷落,0.447446,0.000001
2003,魄罗之王的弹跳,2018,纯粹主义者 - 术师,0.450372,0.000013
1064,坚韧,2005,扳机炼狱,0.448901,0.000053
1316,刃下生风,1416,海克斯科技龙魂,0.477309,0.00002
1011,你摸不到,1092,易损,0.466619,0.00013
1025,俯冲轰炸,1342,雪球扭蛋机,0.493915,0.000293
1035,感受燃烧,1327,坚若磐石,0.482437,0.000071
1076,天音爆,1349,终极唤醒,0.484586,0.000043
1013,星界躯体,1424,???,0.448543,0.000025
1335,夺金,1402,属性叠属性叠属性！,0.531217,0.000014
1074,缩小射线,1181,重量级打击手,0.477915,0.00027
1154,任务：海牛阿福的勇士,2004,信念者的强化,0.463182,0.000001
1011,你摸不到,1326,夜狩,0.442511,0.000204
1070,无休回复,2005,扳机炼狱,0.475575,0.000022
1079,战争交响乐,1084,穿针引线,0.46379,0.000751
1345,心灵净化,1379,未知符文_1379,0.43507,0.000003
1020,黎明使者的坚决,1414,卡皮巴拉空投,0.439927,0.000016
1047,关键暴击,1409,魄罗爆破手,0.46794,0.000136
1057,山脉龙魂,1195,巨人杀手,0.516727,0.000187
1011,你摸不到,1150,面包和果酱,0.44074,0.000089
1379,未知符文_1379,2010,双发快射,0.490749,0.000005
1062,全能龙魂,1067,古式佳酿,0.505007,0.000213
1097,巫师式思考,1313,作弊：我能回城！,0.493005,0.000894
1129,神射法师,1250,一板一眼,0.418547,0.000121
1334,升级：雪球,2009,狂热者,0.47884,0.000119
1015,死亡之环,1237,质变：黄金阶,0.490059,0.000162
1029,虚幻武器,1107,接二连三,0.479737,0.000837
1333,逃跑计划,1421,舞会女王,0.541425,0.000045
1152,任务：钢化你心,1154,任务：海牛阿福的勇士,0.462532,0.000118
0,无符文,1075,慢炖,0.621015,0.020592
1007,大力,1401,生机迸发,0.507193,0.000044
1037,急救用具,1311,溢流,0.476699,0.000372
1067,古式佳酿,1305,练腿日,0.507437,0.000343
1011,你摸不到,1112,终极不可阻挡,0.458636,0.000244
1314,强力护盾,2026,杀意翻涌,0.463609,0.000015
1058,秘术冲拳,1237,质变：黄金阶,0.477917,0.0004
1013,星界躯体,1321,砍伤,0.479605,0.000581
1115,最万用的瞄准镜,1133,魔法飞弹,0.462564,0.000417
1015,死亡之环,1037,急救用具,0.479812,0.000754
1156,任务：沃格勒特的巫师帽,1316,刃下生风,0.501494,0.000054
1170,万用瞄准镜,1313,作弊：我能回城！,0.469977,0.000524
1391,红包,1392,神圣雪球,0.491517,0.000069
1044,冰寒,1358,弹球,0.473077,0.000229
1013,星界躯体,1060,海洋龙魂,0.502508,0.000625
1041,歌利亚巨人,1141,全心为你,0.441304,0.000065
1076,天音爆,1107,接二连三,0.455688,0.000022
1072,炽烈黎明,1349,终极唤醒,0.463059,0.000054
1022,灵巧,1067,古式佳酿,0.49478,0.000271
1048,珠光护手,1416,海克斯科技龙魂,0.476592,0.00032
1079,战争交响乐,1149,不动如山,0.445653,0.000066
1118,会心治疗,1314,强力护盾,0.454725,0.000308
1020,黎明使者的坚决,1156,任务：沃格勒特的巫师帽,0.487588,0.000071
1076,天音爆,1311,溢流,0.478915,0.00021
1004,回归基本功,1027,大地苏醒,0.489313,0.000048
1198,圣火,1318,升级：中娅,0.453518,0.000067
1205,物理转魔法,1329,史上最大雪球,0.481055,0.000367
1081,踢踏舞,1181,重量级打击手,0.501606,0.000389
1060,海洋龙魂,1414,卡皮巴拉空投,0.464628,0.000025
1180,超强大脑,1214,旋转至胜,0.519384,0.000017
1022,灵巧,1072,炽烈黎明,0.462022,0.000077
1118,会心治疗,1420,咏叹奏鸣,0.535086,0.001311
1136,扇巴掌,1327,坚若磐石,0.477052,0.00069
1331,至高天诺言,1339,激光治疗,0.516667,0
1076,天音爆,2016,注魔,0.470842,0.000008
1328,暴击律动,2010,双发快射,0.522981,0.000585
1052,闪电打击,1195,巨人杀手,0.542164,0.002144
1112,终极不可阻挡,1237,质变：黄金阶,0.47329,0.000148
1113,老练狙神,1336,升级：无尽之刃,0.457039,0.000346
1034,防护面纱,1087,台风,0.488148,0.00011
1039,冰霜 幽灵,1187,闪光弹,0.46499,0.000025
1030,尤里卡,1057,山脉龙魂,0.489946,0.000142
1022,灵巧,1069,退敌力场,0.473426,0.000174
1007,大力,1400,最终都市列车,0.564191,0.000128
1413,和我一起困在这里,1416,海克斯科技龙魂,0.462361,0.000007
1328,暴击律动,1406,祖母的辣椒油,0.476357,0.000043
1082,残暴之力,1311,溢流,0.486111,0.000293
1009,霸符兄弟,1092,易损,0.514568,0.00028
1077,灵魂虹吸,1152,任务：钢化你心,0.457192,0.000276
1038,有始有终,1115,最万用的瞄准镜,0.50075,0.000371
1002,尖端发明家,1079,战争交响乐,0.448141,0.000236
1198,圣火,1384,捐赠,0.484831,0.000057
1032,裁决使,1329,史上最大雪球,0.473168,0.000701
1013,星界躯体,1389,男爵之手,0.500233,0.000022
1133,魔法飞弹,2002,虚空裂隙,0.502745,0.001114
1150,面包和果酱,1325,玻璃大炮,0.446237,0.000112
1057,山脉龙魂,1087,台风,0.465049,0.000035
1018,巨像的勇气,1150,面包和果酱,0.475598,0.000164
1321,砍伤,1328,暴击律动,0.478,0.000029
1067,古式佳酿,1421,舞会女王,0.4945,0.000073
1076,天音爆,1318,升级：中娅,0.468639,0.000034
1079,战争交响乐,1098,急急小子,0.451394,0.000093
1238,质变：棱彩阶,1347,吵闹鬼,0.48655,0.00015
1070,无休回复,1214,旋转至胜,0.540047,0.00006
1321,砍伤,1400,最终都市列车,0.507407,0.000094
1025,俯冲轰炸,1332,不祥契约,0.4742,0.000122
1080,会心防御,1250,一板一眼,0.503975,0.000282
1088,终极刷新,2026,杀意翻涌,0.445755,0.000035
1027,大地苏醒,1037,急救用具,0.472052,0.000029
1092,易损,2001,当心小蛋糕！,0.501606,0.000155
1063,狂徒豪气,1073,暗影疾奔,0.546382,0.001063
1045,炼狱导管,1048,珠光护手,0.502167,0.001538
1042,恶趣味,1331,至高天诺言,0.45243,0.000016
1025,俯冲轰炸,1421,舞会女王,0.547661,0.000134
1048,珠光护手,1208,轨道镭射,0.465002,0.000091
1074,缩小射线,1413,和我一起困在这里,0.439703,0.00001
1386,转得我眩晕了,1411,升级：荆棘之甲,0.544118,0
1389,男爵之手,1404,属性！,0.578429,0.000007
1047,关键暴击,1097,巫师式思考,0.459749,0.000263
1072,炽烈黎明,1138,渴血,0.47697,0.000115
1348,闪闪现现,1411,升级：荆棘之甲,0.506849,0
1061,回力OK镖,1389,男爵之手,0.562542,0.000011
1077,灵魂虹吸,1391,红包,0.574962,0.000275
1335,夺金,1996,升级：耀光,0.503603,0.000047
1330,活力再生,2004,信念者的强化,0.428915,0.000001
1046,炼狱龙魂,1061,回力OK镖,0.489029,0.000206
1243,质变：混沌,1320,升级：收集者,0.486912,0.000452
1058,秘术冲拳,1390,超凡邪恶,0.472837,0.000294
1317,升级：弯刀,1322,罪恶快感,0.414974,0.000025
1129,神射法师,1324,蛋白粉奶昔,0.443429,0.000106
1019,全凭身法,1243,质变：混沌,0.491997,0.000197
1020,黎明使者的坚决,1334,升级：雪球,0.480403,0.000099
1018,巨像的勇气,1066,量子计算,0.462974,0.000106
1051,点亮他们！,2009,狂热者,0.505205,0.000205
1022,灵巧,1401,生机迸发,0.513133,0.000134
1067,古式佳酿,1075,慢炖,0.506357,0.000884
1195,巨人杀手,1314,强力护盾,0.507398,0.00018
1243,质变：混沌,2016,注魔,0.507218,0.000033
1136,扇巴掌,1243,质变：混沌,0.497156,0.00046
1034,防护面纱,1133,魔法飞弹,0.508446,0.000606
1007,大力,1397,地狱三头犬,0.486655,0.000218
1067,古式佳酿,1347,吵闹鬼,0.469546,0.000065
1081,踢踏舞,1414,卡皮巴拉空投,0.438064,0.000013
1050,基石法师,1311,溢流,0.495144,0.000724
1073,暗影疾奔,1344,最终形态,0.523348,0.000839
1225,双刀流,1348,闪闪现现,0.491528,0.000035
1311,溢流,1344,最终形态,0.526012,0.000383
1087,台风,1341,帽上加帽,0.455076,0.000059
1011,你摸不到,1028,侵蚀,0.461884,0.000074
1034,防护面纱,1214,旋转至胜,0.489164,0.000034
1035,感受燃烧,1150,面包和果酱,0.482099,0.000111
1115,最万用的瞄准镜,1134,亮出你的剑,0.608778,0.000448
1154,任务：海牛阿福的勇士,1238,质变：棱彩阶,0.504735,0.000282
1181,重量级打击手,1322,罪恶快感,0.499159,0.000518
1035,感受燃烧,1347,吵闹鬼,0.8,0
1347,吵闹鬼,1373,缩小引擎,0.492591,0.000049
1034,防护面纱,1361,任务：艾卡西亚的陷落,0.508146,0.00002
1097,巫师式思考,1391,红包,0.543937,0.000622
1062,全能龙魂,1341,帽上加帽,0.50151,0.000178
1047,关键暴击,2024,由暴生急,0.458208,0.000168
1053,科学狂人,1194,精怪魔法,0.495508,0.000086
1107,接二连三,1424,???,0.436728,0.000015
12317,潘朵拉的盒子,1373,缩小引擎,0.476676,0.000002
1098,急急小子,1348,闪闪现现,0.448814,0.00002
1037,急救用具,1402,属性叠属性叠属性！,0.495958,0.000024
1138,渴血,1321,砍伤,0.506295,0.00057
1149,不动如山,1416,海克斯科技龙魂,0.45909,0.000026
1025,俯冲轰炸,1087,台风,0.477404,0.000113
1050,基石法师,1194,精怪魔法,0.46955,0.000126
1317,升级：弯刀,1324,蛋白粉奶昔,0.400055,0.000001
1026,唯快不破,1345,心灵净化,0.48804,0.000185
1044,冰寒,1348,闪闪现现,0.468523,0.000039
1067,古式佳酿,1250,一板一眼,0.476686,0.000213
1052,闪电打击,2007,你肩上的恶魔,0.444156,0.000043
1042,恶趣味,1066,量子计算,0.468665,0.000139
1085,折磨者,2007,你肩上的恶魔,0.388895,0.000008
1079,战争交响乐,1347,吵闹鬼,0.461305,0.000064
1073,暗影疾奔,1332,不祥契约,0.497723,0.000111
1250,一板一眼,1329,史上最大雪球,0.47842,0.000153
1034,防护面纱,1053,科学狂人,0.514106,0.000094
1044,冰寒,1220,连拨击锤,0.439617,0.000111
1032,裁决使,1095,风语者的祝福,0.488435,0.000214
1092,易损,1214,旋转至胜,0.495531,0.000143
1036,火上浇油,1322,罪恶快感,0.48553,0.000916
1075,慢炖,1336,升级：无尽之刃,0.439,0.00003
1095,风语者的祝福,1316,刃下生风,0.445226,0.000008
1134,亮出你的剑,1195,巨人杀手,0.616453,0.000496
1064,坚韧,1329,史上最大雪球,0.4637,0.000232
2008,负重爆气,2024,由暴生急,0.457249,0.000074
1075,慢炖,1331,至高天诺言,0.441295,0.000011
1204,叠角龙,1237,质变：黄金阶,0.506671,0.000018
1028,侵蚀,1072,炽烈黎明,0.51036,0.000089
1088,终极刷新,1092,易损,0.467916,0.0002
1075,慢炖,1138,渴血,0.499231,0.000394
1092,易损,1311,溢流,0.496053,0.000693
1112,终极不可阻挡,1208,轨道镭射,0.445065,0.000019
1013,星界躯体,1237,质变：黄金阶,0.489859,0.000633
1047,关键暴击,1320,升级：收集者,0.472452,0.000738
1214,旋转至胜,2001,当心小蛋糕！,0.524403,0.000038
1336,升级：无尽之刃,1415,双生火焰,0.491234,0.000269
1068,循环往复,1149,不动如山,0.484542,0.00033
1400,最终都市列车,2026,杀意翻涌,0.531928,0.000127
1313,作弊：我能回城！,1413,和我一起困在这里,0.461346,0.000018
1013,星界躯体,1318,升级：中娅,0.451927,0.000086
1104,仆从大师,1108,自我毁灭,0.462589,0.000023
1400,最终都市列车,1404,属性！,0.555477,0.000057
1011,你摸不到,2004,信念者的强化,0.453782,0.000001
1316,刃下生风,1388,无限循环往复,0.490449,0.000137
1097,巫师式思考,1308,火狐,0.519732,0.000361
1042,恶趣味,1104,仆从大师,0.48809,0.000011
1013,星界躯体,1344,最终形态,0.470463,0.000753
1072,炽烈黎明,1375,吞噬灵魂,0.470418,0.000052
1011,你摸不到,1390,超凡邪恶,0.463131,0.000156
1321,砍伤,1331,至高天诺言,0.42405,0.000003
1045,炼狱导管,1250,一板一眼,0.442142,0.000101
1047,关键暴击,1066,量子计算,0.460846,0.000107
1156,任务：沃格勒特的巫师帽,1392,神圣雪球,0.465698,0.000017
1105,家园卫士,1138,渴血,0.526938,0.00038
1042,恶趣味,1308,火狐,0.505793,0.000051
1340,升级：米凯尔的祝福,2026,杀意翻涌,0.504978,0.000001
1071,更万用的瞄准镜,1392,神圣雪球,0.446779,0.000056
1079,战争交响乐,1208,轨道镭射,0.458853,0.000056
1067,古式佳酿,1322,罪恶快感,0.498942,0.000467
1074,缩小射线,1326,夜狩,0.43324,0.000239
1061,回力OK镖,1063,狂徒豪气,0.512948,0.000047
1152,任务：钢化你心,1418,砸开那颗蛋,0.458257,0.000007
1107,接二连三,1388,无限循环往复,0.451658,0.000152
1238,质变：棱彩阶,1391,红包,0.57957,0.00051
1036,火上浇油,1098,急急小子,0.455312,0.000125
1054,物法皆修,1064,坚韧,0.442364,0.000109
1098,急急小子,1390,超凡邪恶,0.527811,0.000391
1057,山脉龙魂,1073,暗影疾奔,0.494429,0.000054
1134,亮出你的剑,1208,轨道镭射,0.523376,0.000019
1397,地狱三头犬,1996,升级：耀光,0.474677,0.000142
1097,巫师式思考,2018,纯粹主义者 - 术师,0.475378,0.000115
1009,霸符兄弟,2008,负重爆气,0.506651,0.00016
1053,科学狂人,1088,终极刷新,0.486725,0.00011
1077,灵魂虹吸,1324,蛋白粉奶昔,0.437047,0.00007
1020,黎明使者的坚决,1342,雪球扭蛋机,0.486584,0.000077
1029,虚幻武器,1420,咏叹奏鸣,0.511477,0.000182
1095,风语者的祝福,1341,帽上加帽,0.488527,0.000059
1064,坚韧,1402,属性叠属性叠属性！,0.479638,0.000059
1060,海洋龙魂,1154,任务：海牛阿福的勇士,0.499479,0.000083
1151,面包和奶酪,1237,质变：黄金阶,0.483908,0.00035
1054,物法皆修,2003,魄罗之王的弹跳,0.429319,0.000007
1044,冰寒,1326,夜狩,0.432933,0.000073
1243,质变：混沌,2018,纯粹主义者 - 术师,0.502081,0.000033
1006,利刃华尔兹,1156,任务：沃格勒特的巫师帽,0.488214,0.000041
1379,未知符文_1379,1401,生机迸发,0.445736,0.000002
1013,星界躯体,1149,不动如山,0.469976,0.001249
1088,终极刷新,1329,史上最大雪球,0.44363,0.000097
1047,关键暴击,1335,夺金,0.468919,0.000059
1058,秘术冲拳,1328,暴击律动,0.456863,0.000639
1154,任务：海牛阿福的勇士,1323,残忍,0.475553,0.000018
1308,火狐,2026,杀意翻涌,0.513425,0.000038
1023,魔鬼之舞,1026,唯快不破,0.501485,0.000059
1045,炼狱导管,1149,不动如山,0.472487,0.000194
1084,穿针引线,1206,魔法转物理,0.481855,0.001118
1136,扇巴掌,1392,神圣雪球,0.447387,0.000112
1075,慢炖,1320,升级：收集者,0.449008,0.000047
1027,大地苏醒,1318,升级：中娅,0.470295,0.000027
1113,老练狙神,1358,弹球,0.449139,0.000073
1077,灵魂虹吸,1170,万用瞄准镜,0.4976,0.00086
1023,魔鬼之舞,1073,暗影疾奔,0.518797,0.000294
1064,坚韧,1080,会心防御,0.464328,0.000152
1372,小猫咪找妈妈,1424,???,0.506225,0.000002
1020,黎明使者的坚决,1220,连拨击锤,0.467309,0.000061
1319,升级：献祭,1353,坦克引擎,0.518635,0.003248
0,无符文,1061,回力OK镖,0.650112,0.00953
1187,闪光弹,1391,红包,0.541706,0.000001
1181,重量级打击手,1204,叠角龙,0.531079,0.000036
1250,一板一眼,2016,注魔,0.445163,0.00003
1154,任务：海牛阿福的勇士,2018,纯粹主义者 - 术师,0.471569,0.000017
1006,利刃华尔兹,1332,不祥契约,0.464703,0.000049
1112,终极不可阻挡,2009,狂热者,0.47515,0.000053
1013,星界躯体,1421,舞会女王,0.495034,0.000177
1107,接二连三,1314,强力护盾,0.446867,0.000043
1035,感受燃烧,1340,升级：米凯尔的祝福,0.538671,0.000042
1026,唯快不破,1194,精怪魔法,0.471497,0.000036
1085,折磨者,1104,仆从大师,0.501242,0.000018
1051,点亮他们！,1334,升级：雪球,0.465452,0.000093
1041,歌利亚巨人,1225,双刀流,0.526669,0.00028
1042,恶趣味,1403,属性叠属性！,0.507742,0.000038
1340,升级：米凯尔的祝福,1386,转得我眩晕了,0.478431,0
0,无符文,1092,易损,0.598025,0.025273
1403,属性叠属性！,2009,狂热者,0.538239,0.000088
1028,侵蚀,2005,扳机炼狱,0.460616,0.000035
1237,质变：黄金阶,1348,闪闪现现,0.449927,0.000032
1315,快中求稳,2001,当心小蛋糕！,0.539921,0.000099
1018,巨像的勇气,12317,潘朵拉的盒子,0.551471,0
1318,升级：中娅,1384,捐赠,0.513539,0.000323
1034,防护面纱,1082,残暴之力,0.475826,0.000128
1349,终极唤醒,1414,卡皮巴拉空投,0.434086,0.000009
1080,会心防御,1316,刃下生风,0.496583,0.00006
1092,易损,1358,弹球,0.465355,0.000081
1072,炽烈黎明,1301,神圣干预,0.469266,0.000061
1098,急急小子,1325,玻璃大炮,0.44515,0.000069
1107,接二连三,2003,魄罗之王的弹跳,0.433481,0.000029
1372,小猫咪找妈妈,2006,飞身踢,0.456837,0.000002
1022,灵巧,2003,魄罗之王的弹跳,0.467004,0.000052
1323,残忍,1379,未知符文_1379,0.410392,0.000001
1150,面包和果酱,2026,杀意翻涌,0.451532,0.000048
1062,全能龙魂,1081,踢踏舞,0.494591,0.00014
1048,珠光护手,1082,残暴之力,0.476676,0.00131
1331,至高天诺言,1400,最终都市列车,0.45796,0.000006
1097,巫师式思考,1220,连拨击锤,0.453806,0.000113
1098,急急小子,1311,溢流,0.509247,0.00028
1353,坦克引擎,1390,超凡邪恶,0.500586,0.003306
1136,扇巴掌,1389,男爵之手,0.526311,0.000045
1072,炽烈黎明,1208,轨道镭射,0.469227,0.000018
1052,闪电打击,1075,慢炖,0.457531,0.000085
1104,仆从大师,1305,练腿日,0.507177,0.000024
1020,黎明使者的坚决,2004,信念者的强化,0.46016,0.000005
1029,虚幻武器,1118,会心治疗,0.463476,0.000677
1075,慢炖,1335,夺金,0.480681,0.000038
1349,终极唤醒,1415,双生火焰,0.460236,0.000072
1002,尖端发明家,1013,星界躯体,0.486156,0.001401
1034,防护面纱,1336,升级：无尽之刃,0.511611,0.00019
1072,炽烈黎明,1415,双生火焰,0.474091,0.000047
1308,火狐,1311,溢流,0.53688,0.000255
1088,终极刷新,1409,魄罗爆破手,0.471106,0.00013
1105,家园卫士,2001,当心小蛋糕！,0.533073,0.000105
1050,基石法师,2002,虚空裂隙,0.494052,0.000215
1044,冰寒,1075,慢炖,0.476269,0.000346
1211,杀戮时间到了,2002,虚空裂隙,0.499435,0.000291
1007,大力,1086,精准奇才,0.459598,0.000074
1038,有始有终,1104,仆从大师,0.531513,0.000084
1250,一板一眼,1421,舞会女王,0.505504,0.000036
1045,炼狱导管,1389,男爵之手,0.532224,0.00002
1020,黎明使者的坚决,1205,物理转魔法,0.480152,0.000168
1054,物法皆修,1118,会心治疗,0.46196,0.000214
1030,尤里卡,1034,防护面纱,0.517805,0.000503
1079,战争交响乐,1195,巨人杀手,0.524666,0.000664
1015,死亡之环,1086,精准奇才,0.459344,0.000011
1057,山脉龙魂,1318,升级：中娅,0.467786,0.000031
1029,虚幻武器,1400,最终都市列车,0.515181,0.000209
1063,狂徒豪气,2003,魄罗之王的弹跳,0.490774,0.000027
1023,魔鬼之舞,1098,急急小子,0.476805,0.000071
1112,终极不可阻挡,1149,不动如山,0.44093,0.000073
1004,回归基本功,1085,折磨者,0.490494,0.00004
1034,防护面纱,1334,升级：雪球,0.487102,0.00013
1129,神射法师,1204,叠角龙,0.518751,0.00002
1086,精准奇才,1348,闪闪现现,0.451274,0.00001
1310,小丑学院,1356,暴击飞弹,0.528933,0.000076
1424,???,2006,飞身踢,0.445267,0.000015
1206,魔法转物理,1331,至高天诺言,0.41245,0.000003
1036,火上浇油,1424,???,0.442393,0.000012
1353,坦克引擎,1421,舞会女王,0.496396,0.000327
1067,古式佳酿,1335,夺金,0.493162,0.00011
1107,接二连三,1340,升级：米凯尔的祝福,0.466913,0.000007
1361,任务：艾卡西亚的陷落,1389,男爵之手,0.536299,0.000006
1002,尖端发明家,1015,死亡之环,0.492179,0.000307
1054,物法皆修,1154,任务：海牛阿福的勇士,0.480944,0.000032
1038,有始有终,1420,咏叹奏鸣,0.566552,0.000281
1205,物理转魔法,1391,红包,0.550947,0.000924
1062,全能龙魂,1323,残忍,0.505238,0.000063
1129,神射法师,1409,魄罗爆破手,0.485665,0.000344
1070,无休回复,1333,逃跑计划,0.553229,0.000271
1181,重量级打击手,1401,生机迸发,0.516877,0.000184
1051,点亮他们！,1237,质变：黄金阶,0.509277,0.000152
1088,终极刷新,1336,升级：无尽之刃,0.459886,0.000148
1044,冰寒,1339,激光治疗,0.469586,0.000069
1030,尤里卡,1095,风语者的祝福,0.51978,0.000069
1211,杀戮时间到了,2001,当心小蛋糕！,0.487267,0.000181
1034,防护面纱,1415,双生火焰,0.486052,0.000054
1154,任务：海牛阿福的勇士,1301,神圣干预,0.466647,0.000055
1415,双生火焰,1421,舞会女王,0.477074,0.000011
1250,一板一眼,1322,罪恶快感,0.479835,0.00141
1064,坚韧,1424,???,0.440394,0.00002
1214,旋转至胜,1409,魄罗爆破手,0.497847,0.00004
1138,渴血,1406,祖母的辣椒油,0.52967,0.00028
1338,升级：狂妄,1358,弹球,0.452588,0.000156
1058,秘术冲拳,1195,巨人杀手,0.506576,0.000644
1058,秘术冲拳,1116,闪现向前,0.458908,0.000059
1013,星界躯体,2006,飞身踢,0.509515,0.000965
1041,歌利亚巨人,1388,无限循环往复,0.503558,0.000358
1315,快中求稳,1324,蛋白粉奶昔,0.489003,0.000123
1115,最万用的瞄准镜,1332,不祥契约,0.466309,0.000062
1071,更万用的瞄准镜,1205,物理转魔法,0.463129,0.000334
1390,超凡邪恶,1416,海克斯科技龙魂,0.496103,0.000414
1149,不动如山,1415,双生火焰,0.448091,0.000024
1079,战争交响乐,1390,超凡邪恶,0.464348,0.000128
1042,恶趣味,1305,练腿日,0.490917,0.0001
1063,狂徒豪气,1356,暴击飞弹,0.533917,0.00003
1051,点亮他们！,1154,任务：海牛阿福的勇士,0.522758,0.000074
1149,不动如山,1334,升级：雪球,0.462083,0.000167
1092,易损,1317,升级：弯刀,0.418165,0.000009
1023,魔鬼之舞,1103,面包和黄油,0.48399,0.000222
1098,急急小子,1310,小丑学院,0.512555,0.000167
1048,珠光护手,1079,战争交响乐,0.463575,0.00033
1318,升级：中娅,1339,激光治疗,0.468745,0.000021
1027,大地苏醒,1070,无休回复,0.513385,0.000069
1006,利刃华尔兹,1214,旋转至胜,0.48816,0.00022
1062,全能龙魂,1194,精怪魔法,0.486697,0.000083
1318,升级：中娅,1405,速度恶魔,0.495345,0.000228
1150,面包和果酱,1388,无限循环往复,0.474691,0.000232
1152,任务：钢化你心,1208,轨道镭射,0.473343,0.000087
1344,最终形态,2004,信念者的强化,0.4271,0.000001
1149,不动如山,1424,???,0.439657,0.000009
1198,圣火,1406,祖母的辣椒油,0.52485,0.000226
1305,练腿日,1403,属性叠属性！,0.540508,0.000054
1181,重量级打击手,1388,无限循环往复,0.511185,0.000527
1338,升级：狂妄,2002,虚空裂隙,0.462696,0.000031
1061,回力OK镖,1082,残暴之力,0.481691,0.000112
1038,有始有终,1317,升级：弯刀,0.420114,0.000006
1026,唯快不破,1068,循环往复,0.521878,0.000191
1305,练腿日,1402,属性叠属性叠属性！,0.522417,0.000029
1085,折磨者,1358,弹球,0.446819,0.000048
1046,炼狱龙魂,1416,海克斯科技龙魂,0.478324,0.000147
1029,虚幻武器,1048,珠光护手,0.470362,0.001293
1204,叠角龙,1225,双刀流,0.56605,0.000028
1076,天音爆,2007,你肩上的恶魔,0.392287,0.000003
1342,雪球扭蛋机,1401,生机迸发,0.866667,0
1075,慢炖,1330,活力再生,0.408409,0.000006
1044,冰寒,1328,暴击律动,0.479858,0.000132
1007,大力,1035,感受燃烧,0.500471,0.000057
1097,巫师式思考,1315,快中求稳,0.514192,0.000175
1034,防护面纱,1067,古式佳酿,0.482639,0.000173
1389,男爵之手,1996,升级：耀光,0.526263,0.000015
1319,升级：献祭,1328,暴击律动,0.450098,0.000003
1108,自我毁灭,1403,属性叠属性！,0.527397,0.000096
1356,暴击飞弹,1401,生机迸发,0.515927,0.000046
1113,老练狙神,1318,升级：中娅,0.471152,0.000542
1080,会心防御,1237,质变：黄金阶,0.506904,0.000161
1150,面包和果酱,2001,当心小蛋糕！,0.475171,0.000086
1022,灵巧,1317,升级：弯刀,0.442231,0.000008
1025,俯冲轰炸,1181,重量级打击手,0.513366,0.000571
1061,回力OK镖,1095,风语者的祝福,0.57693,0.000047
1170,万用瞄准镜,1330,活力再生,0.463809,0.000217
1053,科学狂人,1237,质变：黄金阶,0.524836,0.000207
1243,质变：混沌,2005,扳机炼狱,0.507732,0.000023
1356,暴击飞弹,1424,???,0.451101,0.00001
1018,巨像的勇气,1418,砸开那颗蛋,0.522201,0.000005
1053,科学狂人,1301,神圣干预,0.502246,0.000111
1050,基石法师,1156,任务：沃格勒特的巫师帽,0.499729,0.000605
1006,利刃华尔兹,1116,闪现向前,0.460462,0.000012
1347,吵闹鬼,1424,???,0.443433,0.000002
1105,家园卫士,1411,升级：荆棘之甲,0.543459,0.000013
1115,最万用的瞄准镜,1116,闪现向前,0.478206,0.000064
1361,任务：艾卡西亚的陷落,1996,升级：耀光,0.510798,0.000019
1063,狂徒豪气,1084,穿针引线,0.496253,0.000492
1133,魔法飞弹,1326,夜狩,0.447239,0.000374
1118,会心治疗,1136,扇巴掌,0.471675,0.000804
1062,全能龙魂,1340,升级：米凯尔的祝福,0.515872,0.000012
1353,坦克引擎,1389,男爵之手,0.493682,0.000047
1026,唯快不破,1324,蛋白粉奶昔,0.443134,0.000027
1047,关键暴击,1151,面包和奶酪,0.460592,0.000219
1116,闪现向前,2009,狂热者,0.481031,0.000036
1129,神射法师,1323,残忍,0.459524,0.000195
1038,有始有终,1072,炽烈黎明,0.502458,0.000155
1064,坚韧,1181,重量级打击手,0.503722,0.002488
1149,不动如山,1418,砸开那颗蛋,0.477049,0.000004
1009,霸符兄弟,1133,魔法飞弹,0.519508,0.000912
1073,暗影疾奔,1141,全心为你,0.443711,0.000008
1076,天音爆,1316,刃下生风,0.414111,0.000001
1332,不祥契约,1372,小猫咪找妈妈,0.455257,0.000007
1107,接二连三,1206,魔法转物理,0.478469,0.000625
0,无符文,1320,升级：收集者,0.603873,0.035663
1187,闪光弹,1342,雪球扭蛋机,0.477713,0.000045
1095,风语者的祝福,1328,暴击律动,0.487232,0.000006
1074,缩小射线,1342,雪球扭蛋机,0.444091,0.000088
1074,缩小射线,1149,不动如山,0.441823,0.000091
1015,死亡之环,1020,黎明使者的坚决,0.547878,0.00016
1030,尤里卡,1088,终极刷新,0.479631,0.000302
1316,刃下生风,1339,激光治疗,0.366351,0
1050,基石法师,1384,捐赠,0.515367,0.000172
1084,穿针引线,1358,弹球,0.44477,0.00017
1313,作弊：我能回城！,2001,当心小蛋糕！,0.491145,0.000185
1051,点亮他们！,1076,天音爆,0.463326,0.000013
1053,科学狂人,1134,亮出你的剑,0.603089,0.000073
1315,快中求稳,1335,夺金,0.514189,0.000061
1073,暗影疾奔,2005,扳机炼狱,0.467593,0.000105
1009,霸符兄弟,1020,黎明使者的坚决,0.512953,0.000088
1071,更万用的瞄准镜,1113,老练狙神,0.453697,0.000682
1006,利刃华尔兹,1037,急救用具,0.450755,0.000077
1081,踢踏舞,1316,刃下生风,0.454547,0.000106
1243,质变：混沌,1308,火狐,0.558407,0.000098
1035,感受燃烧,1332,不祥契约,0.481664,0.000052
1045,炼狱导管,1070,无休回复,0.542568,0.000387
1390,超凡邪恶,1397,地狱三头犬,0.455094,0.000057
1170,万用瞄准镜,1405,速度恶魔,0.470179,0.000154
1105,家园卫士,1198,圣火,0.487802,0.000061
1018,巨像的勇气,1333,逃跑计划,0.49368,0.000179
1104,仆从大师,1372,小猫咪找妈妈,0.4634,0.000002
1080,会心防御,1336,升级：无尽之刃,0.525972,0.000512
1318,升级：中娅,1319,升级：献祭,0.476421,0.000017
1338,升级：狂妄,1388,无限循环往复,0.501153,0.002404
1044,冰寒,1225,双刀流,0.499013,0.000167
1042,恶趣味,1301,神圣干预,0.474609,0.000148
0,无符文,1373,缩小引擎,0.674276,0.032898
1404,属性！,1413,和我一起困在这里,0.500222,0.000004
1373,缩小引擎,2024,由暴生急,0.472487,0.000135
1108,自我毁灭,1326,夜狩,0.448844,0.000318
1151,面包和奶酪,2026,杀意翻涌,0.460436,0.000056
1007,大力,1116,闪现向前,0.49255,0.000043
1081,踢踏舞,1170,万用瞄准镜,0.494598,0.001476
1080,会心防御,1318,升级：中娅,0.474371,0.000043
1009,霸符兄弟,1032,裁决使,0.507785,0.001128
1325,玻璃大炮,1421,舞会女王,0.460696,0.000004
1080,会心防御,2010,双发快射,0.522354,0.000129
1198,圣火,1424,???,0.461967,0.000009
1052,闪电打击,1311,溢流,0.446089,0.000114
1353,坦克引擎,2005,扳机炼狱,0.453733,0.000156
1082,残暴之力,2001,当心小蛋糕！,0.495321,0.000127
1035,感受燃烧,1170,万用瞄准镜,0.466845,0.000074
1004,回归基本功,1060,海洋龙魂,0.549901,0.000189
1305,练腿日,2007,你肩上的恶魔,0.433437,0.000022
1335,夺金,2003,魄罗之王的弹跳,0.479057,0.000007
1129,神射法师,1225,双刀流,0.507614,0.000441
1020,黎明使者的坚决,1389,男爵之手,0.512455,0.000005
1079,战争交响乐,1317,升级：弯刀,0.414986,0.000006
1346,吸血习性,1413,和我一起困在这里,0.478584,0.000089
1081,踢踏舞,1335,夺金,0.483807,0.000053
1085,折磨者,1151,面包和奶酪,0.467004,0.000127
1384,捐赠,1415,双生火焰,0.51134,0.000275
1311,溢流,1391,红包,0.552016,0.000453
1063,狂徒豪气,1328,暴击律动,0.531312,0.000166
1032,裁决使,1400,最终都市列车,0.523959,0.001159
1088,终极刷新,1342,雪球扭蛋机,0.452943,0.000099
1082,残暴之力,1181,重量级打击手,0.492746,0.000292
1057,山脉龙魂,1346,吸血习性,0.482783,0.000368
1084,穿针引线,1314,强力护盾,0.456724,0.00018
1237,质变：黄金阶,1328,暴击律动,0.500034,0.000385
1092,易损,1320,升级：收集者,0.485497,0.000783
1032,裁决使,1051,点亮他们！,0.480267,0.000663
1054,物法皆修,1141,全心为你,0.438779,0.000012
1035,感受燃烧,1205,物理转魔法,0.474308,0.000183
1026,唯快不破,1084,穿针引线,0.490119,0.000267
1067,古式佳酿,1097,巫师式思考,0.498502,0.000655
1062,全能龙魂,1150,面包和果酱,0.495538,0.000136
1332,不祥契约,1400,最终都市列车,0.491912,0.000058
1088,终极刷新,1313,作弊：我能回城！,0.453177,0.000279
1051,点亮他们！,1149,不动如山,0.442182,0.000024
1038,有始有终,1105,家园卫士,0.552111,0.000528
1038,有始有终,1069,退敌力场,0.47532,0.000157
1068,循环往复,1098,急急小子,0.528484,0.000602
1011,你摸不到,1329,史上最大雪球,0.451284,0.000083
1038,有始有终,1326,夜狩,0.485579,0.000485
1328,暴击律动,1379,未知符文_1379,0.460324,0.000004
1097,巫师式思考,1105,家园卫士,0.530378,0.000393
12317,潘朵拉的盒子,1406,祖母的辣椒油,0.506458,0.000002
1112,终极不可阻挡,1195,巨人杀手,0.500758,0.000419
1313,作弊：我能回城！,1326,夜狩,0.459675,0.000413
1064,坚韧,2009,狂热者,0.467296,0.000052
1194,精怪魔法,1330,活力再生,0.427316,0.000017
12317,潘朵拉的盒子,2010,双发快射,0.475538,0
1113,老练狙神,1152,任务：钢化你心,0.404899,0.000079
1406,祖母的辣椒油,1421,舞会女王,0.518651,0.000071
1066,量子计算,1341,帽上加帽,0.460321,0.0001
1082,残暴之力,1321,砍伤,0.471736,0.000215
1322,罪恶快感,1402,属性叠属性叠属性！,0.517556,0.000093
1225,双刀流,2006,飞身踢,0.514238,0.000114
1250,一板一眼,1373,缩小引擎,0.480648,0.000349
1060,海洋龙魂,1344,最终形态,0.503469,0.000305
1013,星界躯体,1015,死亡之环,0.500062,0.000499
1214,旋转至胜,1326,夜狩,0.471768,0.000162
1013,星界躯体,1150,面包和果酱,0.470653,0.000465
1324,蛋白粉奶昔,1335,夺金,0.455018,0.000015
1107,接二连三,1194,精怪魔法,0.443235,0.000091
1996,升级：耀光,2008,负重爆气,0.494683,0.000182
1051,点亮他们！,1318,升级：中娅,0.464055,0.000044
1392,神圣雪球,1403,属性叠属性！,0.490468,0.00003
1006,利刃华尔兹,1047,关键暴击,0.453646,0.000251
1081,踢踏舞,1204,叠角龙,0.53044,0.000018
1349,终极唤醒,2016,注魔,0.465123,0.000025
1314,强力护盾,1333,逃跑计划,0.507354,0.000117
1052,闪电打击,1314,强力护盾,0.462776,0.000049
1080,会心防御,1325,玻璃大炮,0.447869,0.000061
1133,魔法飞弹,1404,属性！,0.512773,0.000144
1057,山脉龙魂,1316,刃下生风,0.453213,0.000017
1025,俯冲轰炸,1305,练腿日,0.501533,0.000194
1025,俯冲轰炸,1097,巫师式思考,0.494766,0.000378
1039,冰霜 幽灵,1310,小丑学院,0.52792,0.000262
1332,不祥契约,1418,砸开那颗蛋,0.466054,0.000001
1087,台风,1151,面包和奶酪,0.450494,0.000176
1086,精准奇才,2002,虚空裂隙,0.480051,0.000042
1313,作弊：我能回城！,1418,砸开那颗蛋,0.486213,0.000005
1038,有始有终,1405,速度恶魔,0.520941,0.000691
1057,山脉龙魂,1079,战争交响乐,0.455398,0.000079
1389,男爵之手,2026,杀意翻涌,0.514992,0.000007
1314,强力护盾,1401,生机迸发,0.465341,0.000033
1141,全心为你,1156,任务：沃格勒特的巫师帽,0.466658,0.000056
1250,一板一眼,2026,杀意翻涌,0.469723,0.000116
1152,任务：钢化你心,1361,任务：艾卡西亚的陷落,0.540175,0.000666
1066,量子计算,1403,属性叠属性！,0.530149,0.000045
1028,侵蚀,1088,终极刷新,0.46617,0.000131
1392,神圣雪球,2008,负重爆气,0.446436,0.00012
1002,尖端发明家,1301,神圣干预,0.461794,0.000277
1112,终极不可阻挡,1170,万用瞄准镜,0.457307,0.000132
1088,终极刷新,1339,激光治疗,0.453136,0.000013
1018,巨像的勇气,1328,暴击律动,0.438072,0.000009
1060,海洋龙魂,1085,折磨者,0.490115,0.000092
1023,魔鬼之舞,1180,超强大脑,0.458803,0.000019
1026,唯快不破,1333,逃跑计划,0.563352,0.00013
1037,急救用具,1403,属性叠属性！,0.505254,0.000046
1035,感受燃烧,1060,海洋龙魂,0.504357,0.000113
1080,会心防御,1170,万用瞄准镜,0.495865,0.000237
1007,大力,1220,连拨击锤,0.474434,0.000316
1103,面包和黄油,1424,???,0.442602,0.000022
1007,大力,1211,杀戮时间到了,0.498162,0.000316
1084,穿针引线,1308,火狐,0.499948,0.000263
1068,循环往复,2002,虚空裂隙,0.51518,0.000304
1009,霸符兄弟,1195,巨人杀手,0.556927,0.000828
1061,回力OK镖,1342,雪球扭蛋机,0.494235,0.000065
1073,暗影疾奔,1107,接二连三,0.535408,0.000715
1051,点亮他们！,1057,山脉龙魂,0.474921,0.000023
1314,强力护盾,1402,属性叠属性叠属性！,0.493527,0.000014
1070,无休回复,1337,尊我为王,0.525629,0.00007
1136,扇巴掌,1341,帽上加帽,0.49288,0.000411
1081,踢踏舞,1087,台风,0.499324,0.001436
1317,升级：弯刀,1334,升级：雪球,0.412409,0.000004
1353,坦克引擎,1416,海克斯科技龙魂,0.487135,0.000164
1345,心灵净化,2004,信念者的强化,0.484839,0.000031
1141,全心为你,1341,帽上加帽,0.454224,0.000092
1045,炼狱导管,1335,夺金,0.51651,0.000125
1039,冰霜 幽灵,2005,扳机炼狱,0.457357,0.000034
1338,升级：狂妄,1402,属性叠属性叠属性！,0.511847,0.000114
1092,易损,1220,连拨击锤,0.45948,0.000456
1028,侵蚀,1066,量子计算,0.479857,0.000121
1420,咏叹奏鸣,2001,当心小蛋糕！,0.534152,0.000183
1029,虚幻武器,1076,天音爆,0.455249,0.000053
1018,巨像的勇气,1313,作弊：我能回城！,0.469429,0.000311
1103,面包和黄油,1335,夺金,0.476065,0.000128
1133,魔法飞弹,2007,你肩上的恶魔,0.426708,0.000097
0,无符文,1170,万用瞄准镜,0.569412,0.024099
1138,渴血,1414,卡皮巴拉空投,0.447656,0.000052
1401,生机迸发,2004,信念者的强化,0.469458,0.000015
1035,感受燃烧,1333,逃跑计划,0.53275,0.000155
1238,质变：棱彩阶,1332,不祥契约,0.512286,0.000465
1330,活力再生,2005,扳机炼狱,0.424204,0.000008
1113,老练狙神,1317,升级：弯刀,0.399977,0.000002
1333,逃跑计划,1400,最终都市列车,0.559833,0.00015
1028,侵蚀,1401,生机迸发,0.493481,0.000049
1206,魔法转物理,1338,升级：狂妄,0.509109,0.001598
1034,防护面纱,1339,激光治疗,0.47051,0.000018
1030,尤里卡,1097,巫师式思考,0.517031,0.004211
1206,魔法转物理,1322,罪恶快感,0.492544,0.001046
1225,双刀流,1328,暴击律动,0.565072,0.002946
1067,古式佳酿,1329,史上最大雪球,0.473829,0.000171
1339,激光治疗,1413,和我一起困在这里,0.467011,0
1318,升级：中娅,1329,史上最大雪球,0.483617,0.000163
1009,霸符兄弟,1103,面包和黄油,0.500558,0.000381
1104,仆从大师,1319,升级：献祭,0.475106,0.000017
1086,精准奇才,1384,捐赠,0.489125,0.000094
1324,蛋白粉奶昔,1334,升级：雪球,0.445374,0.000109
1058,秘术冲拳,1323,残忍,0.45359,0.000042
1056,由心及物,1348,闪闪现现,0.468729,0.000026
1067,古式佳酿,1243,质变：混沌,0.497015,0.000496
1047,关键暴击,1214,旋转至胜,0.487999,0.00009
1103,面包和黄油,1104,仆从大师,0.496375,0.000065
1085,折磨者,1406,祖母的辣椒油,0.536375,0.000295
1084,穿针引线,1406,祖母的辣椒油,0.518764,0.000598
1361,任务：艾卡西亚的陷落,1424,???,0.496199,0.000005
1029,虚幻武器,1379,未知符文_1379,0.469368,0.000004
1311,溢流,1424,???,0.465742,0.00003
0,无符文,1038,有始有终,0.678448,0.037705
1022,灵巧,1308,火狐,0.497135,0.000045
1053,科学狂人,1225,双刀流,0.545662,0.000173
1349,终极唤醒,1361,任务：艾卡西亚的陷落,0.505846,0.000014
1042,恶趣味,1324,蛋白粉奶昔,0.475088,0.000338
1013,星界躯体,1390,超凡邪恶,0.472988,0.000663
1030,尤里卡,1344,最终形态,0.521532,0.000185
1208,轨道镭射,1318,升级：中娅,0.463668,0.000023
1064,坚韧,1204,叠角龙,0.48772,0.00005
1250,一板一眼,1384,捐赠,0.50294,0.000347
1208,轨道镭射,1345,心灵净化,0.463662,0.000094
1129,神射法师,1375,吞噬灵魂,0.471445,0.000178
1007,大力,2009,狂热者,0.513575,0.000091
1062,全能龙魂,2016,注魔,0.50115,0.000021
1072,炽烈黎明,1085,折磨者,0.470374,0.000048
1019,全凭身法,1115,最万用的瞄准镜,0.463235,0.000124
1134,亮出你的剑,1405,速度恶魔,0.572906,0.000086
1339,激光治疗,1401,生机迸发,0.428571,0
1075,慢炖,1403,属性叠属性！,0.528386,0.000092
1061,回力OK镖,2002,虚空裂隙,0.527609,0.000094
12317,潘朵拉的盒子,2006,飞身踢,0.492111,0.000001
1045,炼狱导管,1310,小丑学院,0.514273,0.000209
1205,物理转魔法,1384,捐赠,0.522695,0.000785
1103,面包和黄油,1397,地狱三头犬,0.445059,0.000145
1337,尊我为王,2003,魄罗之王的弹跳,0.523335,0.000008
1332,不祥契约,1397,地狱三头犬,0.456593,0.000045
1086,精准奇才,1308,火狐,0.507334,0.00007
1310,小丑学院,1341,帽上加帽,0.502959,0.000225
1335,夺金,1379,未知符文_1379,0.436766,0
1373,缩小引擎,2003,魄罗之王的弹跳,0.497592,0.000083
1063,狂徒豪气,1076,天音爆,0.454598,0.000013
1019,全凭身法,1104,仆从大师,0.452709,0.000033
1420,咏叹奏鸣,2018,纯粹主义者 - 术师,0.534672,0.000068
1198,圣火,1349,终极唤醒,0.464284,0.000058
1087,台风,1404,属性！,0.516916,0.000041
1082,残暴之力,1325,玻璃大炮,0.431153,0.000205
1418,砸开那颗蛋,2010,双发快射,0.436391,0
1019,全凭身法,1329,史上最大雪球,0.461571,0.0001
1070,无休回复,1996,升级：耀光,0.513797,0.000062
1027,大地苏醒,1051,点亮他们！,0.465274,0.00003
1334,升级：雪球,1404,属性！,0.517151,0.000085
1035,感受燃烧,1067,古式佳酿,0.497283,0.000149
1150,面包和果酱,2016,注魔,0.461774,0.000034
1062,全能龙魂,2006,飞身踢,0.506339,0.000036
1086,精准奇才,1373,缩小引擎,0.497018,0.000128
1025,俯冲轰炸,2001,当心小蛋糕！,0.504937,0.000148
1116,闪现向前,2007,你肩上的恶魔,0.423648,0.000011
1057,山脉龙魂,1098,急急小子,0.460146,0.000052
1039,冰霜 幽灵,1141,全心为你,0.499683,0.000059
1073,暗影疾奔,1150,面包和果酱,0.484183,0.000299
1075,慢炖,1103,面包和黄油,0.480583,0.000374
1320,升级：收集者,2003,魄罗之王的弹跳,0.459859,0.00007
1077,灵魂虹吸,1345,心灵净化,0.471671,0.000465
1034,防护面纱,1326,夜狩,0.457366,0.000194
1084,穿针引线,2008,负重爆气,0.464721,0.000608
1073,暗影疾奔,1305,练腿日,0.518157,0.000259
1401,生机迸发,2005,扳机炼狱,0.453285,0.000039
1075,慢炖,1097,巫师式思考,0.467228,0.000161
1074,缩小射线,1406,祖母的辣椒油,0.487399,0.000131
1051,点亮他们！,1384,捐赠,0.52677,0.000201
1060,海洋龙魂,1375,吞噬灵魂,0.503989,0.000211
1006,利刃华尔兹,1409,魄罗爆破手,0.455228,0.000132
1105,家园卫士,1420,咏叹奏鸣,0.566307,0.000113
1063,狂徒豪气,1340,升级：米凯尔的祝福,0.476738,0.000004
1409,魄罗爆破手,2003,魄罗之王的弹跳,0.472656,0.000103
1084,穿针引线,1338,升级：狂妄,0.480995,0.002109
1322,罪恶快感,1996,升级：耀光,0.497448,0.000426
1071,更万用的瞄准镜,1097,巫师式思考,0.47676,0.000228
1069,退敌力场,1180,超强大脑,0.46998,0.000074
1327,坚若磐石,1336,升级：无尽之刃,0.418611,0.000016
1051,点亮他们！,1150,面包和果酱,0.46639,0.000115
1009,霸符兄弟,1030,尤里卡,0.528536,0.000858
1077,灵魂虹吸,1373,缩小引擎,0.505996,0.00031
1054,物法皆修,1384,捐赠,0.47646,0.000143
1361,任务：艾卡西亚的陷落,2003,魄罗之王的弹跳,0.542376,0.000021
1373,缩小引擎,1404,属性！,0.539055,0.000128
1074,缩小射线,1391,红包,0.524354,0.000227
1069,退敌力场,1390,超凡邪恶,0.465954,0.000145
1141,全心为你,2010,双发快射,0.483099,0.00001
1032,裁决使,1108,自我毁灭,0.472764,0.001135
1138,渴血,1156,任务：沃格勒特的巫师帽,0.523906,0.000386
2006,飞身踢,2010,双发快射,0.483326,0.000085
1095,风语者的祝福,1331,至高天诺言,0.54181,0.000052
1141,全心为你,1330,活力再生,0.45114,0.000003
1048,珠光护手,1409,魄罗爆破手,0.489964,0.00107
1034,防护面纱,1181,重量级打击手,0.492106,0.00013
0,无符文,1034,防护面纱,0.576715,0.008986
1038,有始有终,1403,属性叠属性！,0.543663,0.000198
1308,火狐,1392,神圣雪球,0.479294,0.000078
1028,侵蚀,1081,踢踏舞,0.491302,0.000188
1136,扇巴掌,1335,夺金,0.499069,0.00014
1048,珠光护手,1085,折磨者,0.454252,0.000185
1028,侵蚀,2002,虚空裂隙,0.530567,0.0001
1243,质变：混沌,1337,尊我为王,0.480353,0.000169
1305,练腿日,1317,升级：弯刀,0.431648,0.000004
1022,灵巧,1206,魔法转物理,0.518345,0.000893
1082,残暴之力,1250,一板一眼,0.478707,0.000868
1032,裁决使,1390,超凡邪恶,0.491437,0.003301
1039,冰霜 幽灵,2004,信念者的强化,0.529556,0.000014
1015,死亡之环,2018,纯粹主义者 - 术师,0.45561,0.000024
1095,风语者的祝福,1386,转得我眩晕了,0.440699,0.000001
1009,霸符兄弟,1068,循环往复,0.524341,0.000534
1204,叠角龙,1349,终极唤醒,0.487646,0.000013
1051,点亮他们！,1156,任务：沃格勒特的巫师帽,0.480595,0.000108
1032,裁决使,1073,暗影疾奔,0.504668,0.002818
1029,虚幻武器,1386,转得我眩晕了,0.427123,0.000002
1066,量子计算,1136,扇巴掌,0.477824,0.000258
1042,恶趣味,1323,残忍,0.504818,0.000544
1067,古式佳酿,2026,杀意翻涌,0.486308,0.000075
1057,山脉龙魂,1103,面包和黄油,0.463446,0.000179
1028,侵蚀,1243,质变：混沌,0.49829,0.000295
1013,星界躯体,1402,属性叠属性叠属性！,0.483223,0.000075
1032,裁决使,1318,升级：中娅,0.481355,0.001396
1026,唯快不破,1118,会心治疗,0.490725,0.000124
1087,台风,1391,红包,0.554939,0.000324
1066,量子计算,1073,暗影疾奔,0.512132,0.000266
1041,歌利亚巨人,1421,舞会女王,0.500141,0.000106
1045,炼狱导管,1118,会心治疗,0.471542,0.000518
1051,点亮他们！,1087,台风,0.494343,0.001962
1356,暴击飞弹,2009,狂热者,0.511963,0.000287
1070,无休回复,1225,双刀流,0.552898,0.000207
1026,唯快不破,1402,属性叠属性叠属性！,0.542007,0.000012
1314,强力护盾,1361,任务：艾卡西亚的陷落,0.511502,0.000052
1206,魔法转物理,1424,???,0.449028,0.000017
1341,帽上加帽,1391,红包,0.548592,0.000457
1305,练腿日,1313,作弊：我能回城！,0.502426,0.00044
1310,小丑学院,1416,海克斯科技龙魂,0.52614,0.00009
1038,有始有终,1348,闪闪现现,0.466372,0.000048
1372,小猫咪找妈妈,1416,海克斯科技龙魂,0.478383,0.000005
1029,虚幻武器,1339,激光治疗,0.442836,0.000019
1037,急救用具,1353,坦克引擎,0.475573,0.001299
1051,点亮他们！,1088,终极刷新,0.454756,0.000078
1056,由心及物,1342,雪球扭蛋机,0.497129,0.000217
1136,扇巴掌,1424,???,0.457862,0.000046
1020,黎明使者的坚决,1058,秘术冲拳,0.472308,0.000118
1025,俯冲轰炸,1074,缩小射线,0.467997,0.000203
1036,火上浇油,1214,旋转至胜,0.472985,0.000064
1070,无休回复,1082,残暴之力,0.495699,0.000143
1416,海克斯科技龙魂,2001,当心小蛋糕！,0.496125,0.000092
1107,接二连三,1322,罪恶快感,0.482926,0.002119
1321,砍伤,1338,升级：狂妄,0.4681,0.000254
1071,更万用的瞄准镜,1086,精准奇才,0.452531,0.000196
1057,山脉龙魂,1136,扇巴掌,0.475577,0.000286
1338,升级：狂妄,1345,心灵净化,0.470238,0.001127
1022,灵巧,1328,暴击律动,0.52337,0.00325
1152,任务：钢化你心,1315,快中求稳,0.494722,0.00049
1136,扇巴掌,1208,轨道镭射,0.470613,0.000042
1149,不动如山,1344,最终形态,0.462154,0.000243
1061,回力OK镖,1206,魔法转物理,0.493076,0.000132
1087,台风,1092,易损,0.48018,0.000498
1004,回归基本功,1028,侵蚀,0.522004,0.000105
1321,砍伤,1327,坚若磐石,0.468621,0.000148
1030,尤里卡,1054,物法皆修,0.461908,0.000127
1030,尤里卡,1405,速度恶魔,0.517889,0.000886
1097,巫师式思考,1118,会心治疗,0.457803,0.000378
1002,尖端发明家,1198,圣火,0.461366,0.000193
1064,坚韧,1315,快中求稳,0.480694,0.000214
1052,闪电打击,1391,红包,0.579034,0.000425
1324,蛋白粉奶昔,1389,男爵之手,0.491306,0.000004
1116,闪现向前,1198,圣火,0.445445,0.00001
1068,循环往复,1361,任务：艾卡西亚的陷落,0.521339,0.000097
1088,终极刷新,2009,狂热者,0.460693,0.000061
1058,秘术冲拳,1087,台风,0.463843,0.000771
1195,巨人杀手,1375,吞噬灵魂,0.528281,0.000404
1035,感受燃烧,1074,缩小射线,0.459065,0.000089
1305,练腿日,1389,男爵之手,0.525729,0.000009
1310,小丑学院,1317,升级：弯刀,0.46474,0.000029
1079,战争交响乐,1420,咏叹奏鸣,0.494226,0.000103
1002,尖端发明家,1322,罪恶快感,0.455971,0.000386
1085,折磨者,1211,杀戮时间到了,0.461303,0.000164
1331,至高天诺言,1346,吸血习性,0.436513,0.000019
1095,风语者的祝福,1136,扇巴掌,0.478431,0.000203
1421,舞会女王,2006,飞身踢,0.509584,0.000053
1038,有始有终,1411,升级：荆棘之甲,0.527203,0.000029
2009,狂热者,2024,由暴生急,0.476584,0.000115
1081,踢踏舞,1133,魔法飞弹,0.467718,0.000473
1105,家园卫士,1170,万用瞄准镜,0.509175,0.000239
1041,歌利亚巨人,1413,和我一起困在这里,0.483569,0.000028
1325,玻璃大炮,1375,吞噬灵魂,0.449737,0.000037
1080,会心防御,1421,舞会女王,0.500654,0.000013
1333,逃跑计划,1414,卡皮巴拉空投,0.475846,0.000028
1079,战争交响乐,1133,魔法飞弹,0.457196,0.000299
1025,俯冲轰炸,1340,升级：米凯尔的祝福,0.477697,0.000017
1318,升级：中娅,2003,魄罗之王的弹跳,0.461026,0.000031
1420,咏叹奏鸣,1996,升级：耀光,0.526031,0.00009
1069,退敌力场,1152,任务：钢化你心,0.449129,0.000218
1050,基石法师,1061,回力OK镖,0.514256,0.000118
1318,升级：中娅,1353,坦克引擎,0.469848,0.000297
1322,罪恶快感,1401,生机迸发,0.488634,0.000121
1313,作弊：我能回城！,1333,逃跑计划,0.530912,0.000673
1211,杀戮时间到了,1342,雪球扭蛋机,0.467604,0.000271
1080,会心防御,1204,叠角龙,0.524459,0.000014
1402,属性叠属性叠属性！,1414,卡皮巴拉空投,0.482857,0.000009
1225,双刀流,1238,质变：棱彩阶,0.557254,0.001534
1205,物理转魔法,1322,罪恶快感,0.464129,0.00032
0,无符文,1420,咏叹奏鸣,0.707434,0.015387
1085,折磨者,1403,属性叠属性！,0.50455,0.000026
0,无符文,2009,狂热者,0.600533,0.01043
1079,战争交响乐,1379,未知符文_1379,0.457515,0.000001
1047,关键暴击,1336,升级：无尽之刃,0.500437,0.000652
1379,未知符文_1379,1389,男爵之手,0.480132,0
1048,珠光护手,1204,叠角龙,0.54476,0.000075
1087,台风,1339,激光治疗,0.407754,0.000005
1325,玻璃大炮,1414,卡皮巴拉空投,0.421954,0.000007
1032,裁决使,1330,活力再生,0.446542,0.000183
1334,升级：雪球,2005,扳机炼狱,0.442174,0.000053
1097,巫师式思考,1341,帽上加帽,0.481214,0.001813
1036,火上浇油,1415,双生火焰,0.461332,0.000167
1052,闪电打击,1325,玻璃大炮,0.448119,0.000137
1092,易损,1404,属性！,0.529645,0.000068
1092,易损,1118,会心治疗,0.493729,0.000861
1004,回归基本功,1079,战争交响乐,0.493059,0.000143
1028,侵蚀,1332,不祥契约,0.497523,0.000117
1313,作弊：我能回城！,1324,蛋白粉奶昔,0.462109,0.000364
1039,冰霜 幽灵,1060,海洋龙魂,0.491554,0.000149
1072,炽烈黎明,1336,升级：无尽之刃,0.463292,0.000036
1250,一板一眼,2010,双发快射,0.44648,0.000161
1058,秘术冲拳,1068,循环往复,0.476781,0.000555
1085,折磨者,2018,纯粹主义者 - 术师,0.456663,0.000012
1072,炽烈黎明,2008,负重爆气,0.478505,0.000073
1129,神射法师,1195,巨人杀手,0.523626,0.001192
1047,关键暴击,1319,升级：献祭,0.466244,0.000051
1034,防护面纱,1996,升级：耀光,0.500576,0.000088
1029,虚幻武器,2003,魄罗之王的弹跳,0.471347,0.000041
1104,仆从大师,1151,面包和奶酪,0.495585,0.000064
1325,玻璃大炮,2002,虚空裂隙,0.48558,0.000037
1034,防护面纱,1225,双刀流,0.544739,0.000252
1026,唯快不破,1077,灵魂虹吸,0.515416,0.000127
1027,大地苏醒,1347,吵闹鬼,0.442695,0.000008
1310,小丑学院,1324,蛋白粉奶昔,0.473653,0.000069
1335,夺金,1424,???,0.474873,0.000003
1141,全心为你,1181,重量级打击手,0.454539,0.000026
1022,灵巧,1390,超凡邪恶,0.481893,0.000325
1069,退敌力场,1095,风语者的祝福,0.469017,0.00003
1037,急救用具,1328,暴击律动,0.458397,0.000022
1038,有始有终,2005,扳机炼狱,0.477592,0.000077
1060,海洋龙魂,1105,家园卫士,0.537888,0.000173
1198,圣火,1413,和我一起困在这里,0.452737,0.000004
1104,仆从大师,1415,双生火焰,0.509452,0.000029
1390,超凡邪恶,1411,升级：荆棘之甲,0.522324,0.000136
1150,面包和果酱,1379,未知符文_1379,0.457732,0.000002
1042,恶趣味,1220,连拨击锤,0.443487,0.000022
1079,战争交响乐,1314,强力护盾,0.462135,0.000077
1070,无休回复,1220,连拨击锤,0.485403,0.000118
1152,任务：钢化你心,1181,重量级打击手,0.556333,0.005269
1051,点亮他们！,1151,面包和奶酪,0.472324,0.000134
1063,狂徒豪气,1315,快中求稳,0.554902,0.000897
1074,缩小射线,1194,精怪魔法,0.438351,0.000115
1088,终极刷新,1141,全心为你,0.46234,0.000051
1007,大力,1013,星界躯体,0.496756,0.000196
1013,星界躯体,1071,更万用的瞄准镜,0.478177,0.000465
1015,死亡之环,1134,亮出你的剑,0.441237,0.000002
1028,侵蚀,2008,负重爆气,0.500568,0.000136
1104,仆从大师,1403,属性叠属性！,0.5411,0.000011
1400,最终都市列车,1413,和我一起困在这里,0.508388,0.000031
1019,全凭身法,1418,砸开那颗蛋,0.502483,0.000001
1347,吵闹鬼,1391,红包,0.533552,0.000042
1115,最万用的瞄准镜,1416,海克斯科技龙魂,0.468981,0.000064
1152,任务：钢化你心,1250,一板一眼,0.455958,0.000404
1019,全凭身法,1047,关键暴击,0.45342,0.000207
1047,关键暴击,2003,魄罗之王的弹跳,0.449464,0.000022
1330,活力再生,1402,属性叠属性叠属性！,0.501316,0.00001
1007,大力,1996,升级：耀光,0.513919,0.00022
1085,折磨者,1317,升级：弯刀,0.388235,0.000001
1319,升级：献祭,1401,生机迸发,0.500864,0.000116
1047,关键暴击,1149,不动如山,0.437233,0.000039
1006,利刃华尔兹,1361,任务：艾卡西亚的陷落,0.502544,0.00002
1112,终极不可阻挡,1311,溢流,0.464951,0.000142
1061,回力OK镖,1071,更万用的瞄准镜,0.488297,0.000245
1070,无休回复,1317,升级：弯刀,0.458851,0.000004
1009,霸符兄弟,1308,火狐,0.54116,0.000079
1018,巨像的勇气,1070,无休回复,0.468655,0.000159
1023,魔鬼之舞,1051,点亮他们！,0.51396,0.000086
1056,由心及物,1349,终极唤醒,0.492526,0.000211
1086,精准奇才,1358,弹球,0.432258,0.000021
1084,穿针引线,1087,台风,0.462003,0.000739
1151,面包和奶酪,1401,生机迸发,0.476601,0.000058
1056,由心及物,1413,和我一起困在这里,0.499338,0.000016
1116,闪现向前,1409,魄罗爆破手,0.479815,0.000062
1088,终极刷新,1250,一板一眼,0.429804,0.000165
1348,闪闪现现,2010,双发快射,0.506349,0
1317,升级：弯刀,1397,地狱三头犬,0.40659,0.000005
1317,升级：弯刀,1346,吸血习性,0.46766,0.000044
1108,自我毁灭,1118,会心治疗,0.470641,0.000435
1042,恶趣味,1074,缩小射线,0.447307,0.000067
1211,杀戮时间到了,1317,升级：弯刀,0.423485,0.000022
1339,激光治疗,1418,砸开那颗蛋,0.48709,0.000006
1061,回力OK镖,1325,玻璃大炮,0.467503,0.00007
1086,精准奇才,1337,尊我为王,0.577563,0.000092
1044,冰寒,1335,夺金,0.502987,0.000243
1301,神圣干预,1322,罪恶快感,0.463975,0.000271
1018,巨像的勇气,1250,一板一眼,0.420798,0.000028
1002,尖端发明家,1072,炽烈黎明,0.458206,0.000097
1025,俯冲轰炸,1060,海洋龙魂,0.494046,0.000167
1152,任务：钢化你心,1421,舞会女王,0.486401,0.000206
1341,帽上加帽,1344,最终形态,0.488781,0.000173
1103,面包和黄油,1404,属性！,0.501512,0.000064
1018,巨像的勇气,1151,面包和奶酪,0.461493,0.000149
1301,神圣干预,1334,升级：雪球,0.468399,0.000149
1152,任务：钢化你心,2016,注魔,0.441492,0.000034
1069,退敌力场,1327,坚若磐石,0.424289,0.000038
1152,任务：钢化你心,2001,当心小蛋糕！,0.476919,0.000203
1072,炽烈黎明,1347,吵闹鬼,0.458362,0.000017
0,无符文,1315,快中求稳,0.61945,0.013769
1361,任务：艾卡西亚的陷落,2016,注魔,0.526653,0.000009
1056,由心及物,2016,注魔,0.520192,0.000524
1116,闪现向前,1329,史上最大雪球,0.454202,0.000005
1214,旋转至胜,1335,夺金,0.506132,0.000026
1006,利刃华尔兹,1341,帽上加帽,0.456771,0.000075
1069,退敌力场,1112,终极不可阻挡,0.420788,0.000041
1079,战争交响乐,1316,刃下生风,0.456533,0.00012
1087,台风,2004,信念者的强化,0.440005,0.000004
1329,史上最大雪球,1339,激光治疗,0.6,0
1011,你摸不到,1313,作弊：我能回城！,0.452456,0.000149
1149,不动如山,1339,激光治疗,0.456982,0.000037
1072,炽烈黎明,1086,精准奇才,0.476427,0.000048
1004,回归基本功,1133,魔法飞弹,0.532343,0.000537
1129,神射法师,1180,超强大脑,0.497539,0.000609
1052,闪电打击,1062,全能龙魂,0.500385,0.00019
1022,灵巧,1087,台风,0.5003,0.001969
1064,坚韧,1320,升级：收集者,0.459453,0.000124
1067,古式佳酿,1345,心灵净化,0.477024,0.000705
1056,由心及物,1058,秘术冲拳,0.47489,0.00019
1071,更万用的瞄准镜,1088,终极刷新,0.459668,0.000279
1149,不动如山,1349,终极唤醒,0.459418,0.000095
1061,回力OK镖,1198,圣火,0.490959,0.000046
0,无符文,1041,歌利亚巨人,0.608557,0.043628
1054,物法皆修,1092,易损,0.461084,0.000262
1058,秘术冲拳,1208,轨道镭射,0.445548,0.000058
1060,海洋龙魂,1332,不祥契约,0.496087,0.000169
1386,转得我眩晕了,2026,杀意翻涌,0.444356,0.000001
1204,叠角龙,1316,刃下生风,0.49614,0.000001
1403,属性叠属性！,2004,信念者的强化,0.494862,0.000006
1220,连拨击锤,1384,捐赠,0.474551,0.000235
1170,万用瞄准镜,1208,轨道镭射,0.446567,0.000025
1103,面包和黄油,1344,最终形态,0.485882,0.00055
1039,冰霜 幽灵,1208,轨道镭射,0.462073,0.000034
1088,终极刷新,1108,自我毁灭,0.451297,0.000143
1047,关键暴击,1392,神圣雪球,0.433419,0.000022
1039,冰霜 幽灵,1076,天音爆,0.486048,0.000043
1361,任务：艾卡西亚的陷落,1373,缩小引擎,0.546164,0.000194
1041,歌利亚巨人,1066,量子计算,0.490212,0.000398
1311,溢流,1404,属性！,0.525516,0.000062
1071,更万用的瞄准镜,1373,缩小引擎,0.503911,0.000763
1346,吸血习性,1353,坦克引擎,0.493806,0.003505
1103,面包和黄油,1337,尊我为王,0.498582,0.000146
1045,炼狱导管,1331,至高天诺言,0.457224,0.00002
1069,退敌力场,1341,帽上加帽,0.453793,0.000089
1023,魔鬼之舞,2002,虚空裂隙,0.49053,0.000012
1048,珠光护手,2010,双发快射,0.482709,0.000364
1072,炽烈黎明,1332,不祥契约,0.476349,0.000055
1027,大地苏醒,1333,逃跑计划,0.532107,0.000102
1081,踢踏舞,1409,魄罗爆破手,0.482946,0.000211
1331,至高天诺言,1338,升级：狂妄,0.42201,0.000005
1105,家园卫士,1301,神圣干预,0.499834,0.000108
1194,精怪魔法,1211,杀戮时间到了,0.47788,0.000757
1317,升级：弯刀,1339,激光治疗,0.335714,0
1057,山脉龙魂,2016,注魔,0.450663,0.000004
1305,练腿日,1349,终极唤醒,0.478384,0.000154
1079,战争交响乐,1107,接二连三,0.479752,0.001178
1071,更万用的瞄准镜,1415,双生火焰,0.471004,0.000276
1092,易损,12317,潘朵拉的盒子,0.525031,0.000001
1237,质变：黄金阶,1392,神圣雪球,0.481084,0.000067
1034,防护面纱,1107,接二连三,0.488662,0.00019
1112,终极不可阻挡,1344,最终形态,0.486582,0.000789
1023,魔鬼之舞,1324,蛋白粉奶昔,0.48382,0.000175
1087,台风,1338,升级：狂妄,0.459348,0.000491
1098,急急小子,1208,轨道镭射,0.462681,0.000019
1138,渴血,1250,一板一眼,0.499451,0.001413
1004,回归基本功,1103,面包和黄油,0.512063,0.000297
1156,任务：沃格勒特的巫师帽,1325,玻璃大炮,0.478313,0.000109
1071,更万用的瞄准镜,1384,捐赠,0.538485,0.000684
1009,霸符兄弟,1028,侵蚀,0.524349,0.000114
1047,关键暴击,1054,物法皆修,0.446465,0.000193
1030,尤里卡,2010,双发快射,0.457972,0.000029
1344,最终形态,1403,属性叠属性！,0.543386,0.000117
1074,缩小射线,2016,注魔,0.437371,0.000026
1015,死亡之环,1063,狂徒豪气,0.503738,0.000042
1026,唯快不破,1085,折磨者,0.472175,0.000014
1052,闪电打击,2003,魄罗之王的弹跳,0.453618,0.000039
1042,恶趣味,1353,坦克引擎,0.490081,0.00218
1058,秘术冲拳,1339,激光治疗,0.42565,0.000007
1313,作弊：我能回城！,1325,玻璃大炮,0.455886,0.000179
1022,灵巧,1053,科学狂人,0.533393,0.000289
1187,闪光弹,1319,升级：献祭,0.485582,0.000023
1081,踢踏舞,1134,亮出你的剑,0.532123,0.000219
1047,关键暴击,1326,夜狩,0.454194,0.000373
1151,面包和奶酪,1195,巨人杀手,0.525306,0.00106
1027,大地苏醒,1134,亮出你的剑,0.580572,0.000019
1113,老练狙神,2002,虚空裂隙,0.492137,0.000355
2006,飞身踢,2026,杀意翻涌,0.483797,0.000114
1027,大地苏醒,1344,最终形态,0.510113,0.000118
1079,战争交响乐,2005,扳机炼狱,0.445848,0.000032
1345,心灵净化,1389,男爵之手,0.509453,0.000028
1133,魔法飞弹,2018,纯粹主义者 - 术师,0.475201,0.000226
1315,快中求稳,2003,魄罗之王的弹跳,0.498498,0.000028
1009,霸符兄弟,1080,会心防御,0.513033,0.000076
1061,回力OK镖,1421,舞会女王,0.5446,0.00039
1071,更万用的瞄准镜,1347,吵闹鬼,0.48744,0.000145
1025,俯冲轰炸,1339,激光治疗,0.446268,0.00002
1337,尊我为王,1415,双生火焰,0.515638,0.000034
1077,灵魂虹吸,1214,旋转至胜,0.501478,0.000122
1050,基石法师,1411,升级：荆棘之甲,0.504583,0.00001
1187,闪光弹,1334,升级：雪球,0.482682,0.000062
1077,灵魂虹吸,2018,纯粹主义者 - 术师,0.429615,0.000035
1361,任务：艾卡西亚的陷落,1416,海克斯科技龙魂,0.527187,0.000024
1088,终极刷新,1401,生机迸发,0.458375,0.000044
1214,旋转至胜,1420,咏叹奏鸣,0.53198,0.000035
1118,会心治疗,1356,暴击飞弹,0.54779,0.000298
1076,天音爆,1358,弹球,0.465261,0.000027
1028,侵蚀,1346,吸血习性,0.528462,0.001003
0,无符文,1073,暗影疾奔,0.613566,0.021662
1063,狂徒豪气,1313,作弊：我能回城！,0.499055,0.000271
1181,重量级打击手,2007,你肩上的恶魔,0.401923,0.000033
1041,歌利亚巨人,1324,蛋白粉奶昔,0.482546,0.000616
1314,强力护盾,1389,男爵之手,0.50849,0.000004
1079,战争交响乐,2007,你肩上的恶魔,0.434175,0.000017
1062,全能龙魂,1324,蛋白粉奶昔,0.493399,0.000064
1105,家园卫士,1308,火狐,0.559077,0.000082
1006,利刃华尔兹,1079,战争交响乐,0.458517,0.000164
1032,裁决使,1194,精怪魔法,0.461309,0.000602
1028,侵蚀,1053,科学狂人,0.52206,0.000135
1084,穿针引线,1375,吞噬灵魂,0.466683,0.000249
1035,感受燃烧,1356,暴击飞弹,0.462574,0.000023
1243,质变：混沌,1413,和我一起困在这里,0.500954,0.000006
1353,坦克引擎,1384,捐赠,0.513898,0.00086
1048,珠光护手,1225,双刀流,0.497124,0.000438
1335,夺金,1418,砸开那颗蛋,0.494477,0.000002
1009,霸符兄弟,2010,双发快射,0.507869,0.000047
0,无符文,1149,不动如山,0.570988,0.011596
1064,坚韧,2006,飞身踢,0.48216,0.000598
1022,灵巧,1044,冰寒,0.479941,0.000207
1404,属性！,2005,扳机炼狱,0.502654,0.000021
1082,残暴之力,1346,吸血习性,0.517039,0.002207
1156,任务：沃格勒特的巫师帽,1314,强力护盾,0.484636,0.000067
1328,暴击律动,1384,捐赠,0.532192,0.000369
0,无符文,1331,至高天诺言,0.586509,0.001405
1039,冰霜 幽灵,1062,全能龙魂,0.490005,0.000103
1086,精准奇才,1195,巨人杀手,0.515753,0.000249
1243,质变：混沌,1414,卡皮巴拉空投,0.467621,0.000009
1225,双刀流,1313,作弊：我能回城！,0.520204,0.000572
1036,火上浇油,1198,圣火,0.459336,0.00008
1071,更万用的瞄准镜,1319,升级：献祭,0.480449,0.000172
1056,由心及物,2004,信念者的强化,0.497277,0.000056
1325,玻璃大炮,1388,无限循环往复,0.47167,0.000058
1151,面包和奶酪,1332,不祥契约,0.478327,0.000171
1038,有始有终,1095,风语者的祝福,0.495206,0.000055
1327,坚若磐石,1328,暴击律动,0.425407,0.000011
1046,炼狱龙魂,1063,狂徒豪气,0.492959,0.000285
1045,炼狱导管,1103,面包和黄油,0.499363,0.000966
1054,物法皆修,1345,心灵净化,0.433288,0.000251
1002,尖端发明家,1349,终极唤醒,0.450645,0.000187
1077,灵魂虹吸,1331,至高天诺言,0.413603,0.000007
1039,冰霜 幽灵,2002,虚空裂隙,0.490314,0.000058
1037,急救用具,1330,活力再生,0.45751,0.000004
1092,易损,1333,逃跑计划,0.543649,0.000492
1068,循环往复,1220,连拨击锤,0.454863,0.000272
1194,精怪魔法,1327,坚若磐石,0.433513,0.000055
1068,循环往复,1339,激光治疗,0.482633,0.000073
1375,吞噬灵魂,1420,咏叹奏鸣,0.511348,0.000428
1327,坚若磐石,2026,杀意翻涌,0.455996,0.000011
1104,仆从大师,1321,砍伤,0.453635,0.000007
1050,基石法师,1404,属性！,0.520203,0.000038
1022,灵巧,1071,更万用的瞄准镜,0.527833,0.004606
1030,尤里卡,1045,炼狱导管,0.532509,0.002002
1092,易损,1250,一板一眼,0.490571,0.00063
1329,史上最大雪球,1344,最终形态,0.486822,0.00014
1198,圣火,1409,魄罗爆破手,0.480213,0.000076
1115,最万用的瞄准镜,1204,叠角龙,0.515461,0.000036
1330,活力再生,1401,生机迸发,0.475945,0.00001
1004,回归基本功,1220,连拨击锤,0.465287,0.000142
1048,珠光护手,1391,红包,0.5498,0.00117
1068,循环往复,1415,双生火焰,0.495205,0.0003
1071,更万用的瞄准镜,1129,神射法师,0.495868,0.00067
1030,尤里卡,2003,魄罗之王的弹跳,0.47371,0.000036
1023,魔鬼之舞,1105,家园卫士,0.500052,0.000065
1180,超强大脑,1375,吞噬灵魂,0.489674,0.000129
1082,残暴之力,1088,终极刷新,0.443589,0.0002
1051,点亮他们！,1070,无休回复,0.515413,0.000095
1020,黎明使者的坚决,1056,由心及物,0.495722,0.00023
1341,帽上加帽,1406,祖母的辣椒油,0.5292,0.000685
1056,由心及物,1305,练腿日,0.516025,0.00021
1301,神圣干预,1314,强力护盾,0.452106,0.000076
1081,踢踏舞,1320,升级：收集者,0.485594,0.001165
1053,科学狂人,1321,砍伤,0.509268,0.000091
1046,炼狱龙魂,2007,你肩上的恶魔,0.425571,0.000049
1036,火上浇油,1313,作弊：我能回城！,0.47713,0.0004
1048,珠光护手,1397,地狱三头犬,0.464914,0.000209
1002,尖端发明家,1020,黎明使者的坚决,0.486816,0.000286
1342,雪球扭蛋机,1418,砸开那颗蛋,0.479686,0.000005
1060,海洋龙魂,1069,退敌力场,0.468821,0.000066
1118,会心治疗,1328,暴击律动,0.507915,0.000593
1035,感受燃烧,1116,闪现向前,0.48558,0.000005
1069,退敌力场,1379,未知符文_1379,0.414315,0.000001
1085,折磨者,2002,虚空裂隙,0.486114,0.000055
1347,吵闹鬼,1388,无限循环往复,0.477484,0.000037
1074,缩小射线,2008,负重爆气,0.443204,0.000132
1313,作弊：我能回城！,1996,升级：耀光,0.494254,0.000187
1118,会心治疗,1205,物理转魔法,0.445928,0.000565
1018,巨像的勇气,1321,砍伤,0.470328,0.00009
1044,冰寒,1052,闪电打击,0.479812,0.00015
1134,亮出你的剑,1344,最终形态,0.663437,0.000059
1020,黎明使者的坚决,1405,速度恶魔,0.489323,0.000072
1034,防护面纱,1391,红包,0.550464,0.00014
1372,小猫咪找妈妈,1413,和我一起困在这里,0.451193,0
0,无符文,1067,古式佳酿,0.608499,0.025847
1013,星界躯体,1338,升级：狂妄,0.461493,0.000275
1237,质变：黄金阶,1329,史上最大雪球,0.489102,0.00022
1019,全凭身法,1053,科学狂人,0.5085,0.00011
1068,循环往复,1345,心灵净化,0.489888,0.001253
1332,不祥契约,1424,???,0.444725,0.000003
1405,速度恶魔,2026,杀意翻涌,0.489916,0.000128
1041,歌利亚巨人,1082,残暴之力,0.493442,0.000804
1082,残暴之力,1105,家园卫士,0.495544,0.000154
1015,死亡之环,1085,折磨者,0.487833,0.000097
1004,回归基本功,1349,终极唤醒,0.435838,0.000031
1061,回力OK镖,1375,吞噬灵魂,0.498062,0.000107
1046,炼狱龙魂,1996,升级：耀光,0.493983,0.000424
1080,会心防御,1409,魄罗爆破手,0.485105,0.000075
1002,尖端发明家,1057,山脉龙魂,0.467782,0.000313
1347,吵闹鬼,2009,狂热者,0.480489,0.000017
1087,台风,1243,质变：混沌,0.483033,0.000369
1082,残暴之力,1195,巨人杀手,0.517704,0.001402
1013,星界躯体,1349,终极唤醒,0.461073,0.000223
1006,利刃华尔兹,1225,双刀流,0.484578,0.000184
1071,更万用的瞄准镜,2007,你肩上的恶魔,0.44478,0.000066
1004,回归基本功,1238,质变：棱彩阶,0.539412,0.000594
1340,升级：米凯尔的祝福,1402,属性叠属性叠属性！,0.542719,0.000002
1029,虚幻武器,1336,升级：无尽之刃,0.481186,0.000355
1092,易损,1136,扇巴掌,0.484424,0.000329
1075,慢炖,1340,升级：米凯尔的祝福,0.466723,0.00001
1039,冰霜 幽灵,1345,心灵净化,0.458563,0.00036
1372,小猫咪找妈妈,2009,狂热者,0.485571,0.000005
1020,黎明使者的坚决,1225,双刀流,0.528777,0.000109
1038,有始有终,1321,砍伤,0.48725,0.000087
1361,任务：艾卡西亚的陷落,2009,狂热者,0.519763,0.000019
1051,点亮他们！,2008,负重爆气,0.471649,0.000102
2007,你肩上的恶魔,2008,负重爆气,0.432049,0.000066
1181,重量级打击手,1344,最终形态,0.502163,0.000868
1046,炼狱龙魂,1323,残忍,0.477345,0.000138
1029,虚幻武器,1349,终极唤醒,0.475625,0.00022
1133,魔法飞弹,1341,帽上加帽,0.495541,0.002785
1151,面包和奶酪,1301,神圣干预,0.468022,0.000179
1322,罪恶快感,2009,狂热者,0.492311,0.000405
1088,终极刷新,1403,属性叠属性！,0.502595,0.000045
1007,大力,1418,砸开那颗蛋,0.472816,0
1134,亮出你的剑,1331,至高天诺言,0.415355,0.000001
1116,闪现向前,1317,升级：弯刀,0.398872,0.000001
1074,缩小射线,12317,潘朵拉的盒子,0.482423,0.000001
1044,冰寒,1194,精怪魔法,0.474715,0.000307
1058,秘术冲拳,1154,任务：海牛阿福的勇士,0.481178,0.000057
1023,魔鬼之舞,1048,珠光护手,0.472,0.000274
1406,祖母的辣椒油,2018,纯粹主义者 - 术师,0.522078,0.000159
1314,强力护盾,1373,缩小引擎,0.489179,0.000085
1023,魔鬼之舞,1334,升级：雪球,0.481764,0.000117
1004,回归基本功,2018,纯粹主义者 - 术师,0.505221,0.000034
0,无符文,1081,踢踏舞,0.598471,0.024299
1006,利刃华尔兹,1057,山脉龙魂,0.45673,0.000089
1104,仆从大师,1339,激光治疗,0.452643,0.000002
1149,不动如山,1379,未知符文_1379,0.415001,0.000001
1103,面包和黄油,1318,升级：中娅,0.471029,0.000394
1038,有始有终,1067,古式佳酿,0.520911,0.000425
1056,由心及物,1403,属性叠属性！,0.542714,0.000106
1047,关键暴击,1324,蛋白粉奶昔,0.444676,0.00007
1400,最终都市列车,1411,升级：荆棘之甲,0.551167,0.000073
1327,坚若磐石,1332,不祥契约,0.434117,0.000062
1384,捐赠,2004,信念者的强化,0.488371,0.000028
1103,面包和黄油,2008,负重爆气,0.472922,0.000439
1051,点亮他们！,2002,虚空裂隙,0.480473,0.000102
1116,闪现向前,1138,渴血,0.487448,0.000131
1323,残忍,1397,地狱三头犬,0.452714,0.000026
1064,坚韧,1342,雪球扭蛋机,0.47572,0.000237
1097,巫师式思考,1208,轨道镭射,0.465704,0.000074
1211,杀戮时间到了,1332,不祥契约,0.468451,0.000321
1022,灵巧,1415,双生火焰,0.477453,0.000149
1073,暗影疾奔,1336,升级：无尽之刃,0.526874,0.000507
1358,弹球,1414,卡皮巴拉空投,0.545455,0
1097,巫师式思考,1206,魔法转物理,0.48228,0.00043
1045,炼狱导管,1067,古式佳酿,0.529891,0.000917
1344,最终形态,2018,纯粹主义者 - 术师,0.469465,0.000049
1020,黎明使者的坚决,1097,巫师式思考,0.482344,0.000136
1025,俯冲轰炸,1042,恶趣味,0.482675,0.000178
1056,由心及物,1238,质变：棱彩阶,0.526205,0.00116
1187,闪光弹,1324,蛋白粉奶昔,0.446195,0.00003
1087,台风,1414,卡皮巴拉空投,0.426297,0.000021
1308,火狐,1320,升级：收集者,0.482434,0.00004
1067,古式佳酿,1356,暴击飞弹,0.47702,0.000042
1321,砍伤,1388,无限循环往复,0.478302,0.000055
1327,坚若磐石,1388,无限循环往复,0.489131,0.000175
1116,闪现向前,1405,速度恶魔,0.477359,0.00007
1347,吵闹鬼,2006,飞身踢,0.456047,0.000021
1372,小猫咪找妈妈,1411,升级：荆棘之甲,0.486097,0.000001
1028,侵蚀,1414,卡皮巴拉空投,0.45228,0.000019
1075,慢炖,1208,轨道镭射,0.464848,0.000081
1071,更万用的瞄准镜,2018,纯粹主义者 - 术师,0.399574,0.000053
1045,炼狱导管,1098,急急小子,0.514867,0.000344
1044,冰寒,1421,舞会女王,0.502186,0.000032
1079,战争交响乐,1205,物理转魔法,0.454283,0.000129
1133,魔法飞弹,1206,魔法转物理,0.443873,0.000319
1349,终极唤醒,1420,咏叹奏鸣,0.522014,0.000076
1032,裁决使,1038,有始有终,0.513486,0.002735
12317,潘朵拉的盒子,2005,扳机炼狱,0.514778,0
1116,闪现向前,2024,由暴生急,0.452037,0.000013
1195,巨人杀手,1356,暴击飞弹,0.551618,0.000703
1326,夜狩,2016,注魔,0.447482,0.000024
1386,转得我眩晕了,1397,地狱三头犬,0.420502,0.000001
1181,重量级打击手,1323,残忍,0.514309,0.000512
1316,刃下生风,1335,夺金,0.504298,0.000055
1095,风语者的祝福,1389,男爵之手,0.553232,0.000003
1413,和我一起困在这里,2018,纯粹主义者 - 术师,0.442497,0.000005
1018,巨像的勇气,1113,老练狙神,0.448953,0.000029
2003,魄罗之王的弹跳,2026,杀意翻涌,0.474988,0.000021
1340,升级：米凯尔的祝福,2006,飞身踢,0.474158,0.000002
1034,防护面纱,1356,暴击飞弹,0.506911,0.000045
1026,唯快不破,1180,超强大脑,0.511323,0.000052
1015,死亡之环,2002,虚空裂隙,0.473818,0.000029
1047,关键暴击,1073,暗影疾奔,0.503506,0.000335
1342,雪球扭蛋机,2024,由暴生急,0.448908,0.000027
1038,有始有终,1080,会心防御,0.510365,0.000217
1331,至高天诺言,1348,闪闪现现,0,0
1056,由心及物,2006,飞身踢,0.510294,0.000245
1058,秘术冲拳,1095,风语者的祝福,0.470794,0.00005
1141,全心为你,1405,速度恶魔,0.481637,0.000041
1015,死亡之环,1088,终极刷新,0.452867,0.000034
1415,双生火焰,2016,注魔,0.466756,0.00005
1156,任务：沃格勒特的巫师帽,1332,不祥契约,0.504584,0.000163
1112,终极不可阻挡,1414,卡皮巴拉空投,0.419262,0.000013
1098,急急小子,1392,神圣雪球,0.442604,0.000014
1313,作弊：我能回城！,2024,由暴生急,0.452527,0.000056
1204,叠角龙,1220,连拨击锤,0.50414,0.000015
1052,闪电打击,1323,残忍,0.427132,0.000016
1334,升级：雪球,1405,速度恶魔,0.489861,0.000331
1035,感受燃烧,1424,???,0.463564,0.000004
1061,回力OK镖,1347,吵闹鬼,0.483259,0.000022
1416,海克斯科技龙魂,2024,由暴生急,0.456938,0.000021
1070,无休回复,1133,魔法飞弹,0.52836,0.000608
1334,升级：雪球,2004,信念者的强化,0.46032,0.000016
1358,弹球,1392,神圣雪球,0.45346,0.001027
1129,神射法师,1318,升级：中娅,0.476933,0.000518
1358,弹球,1400,最终都市列车,0.475985,0.000142
1136,扇巴掌,1338,升级：狂妄,0.513781,0.002929
1027,大地苏醒,1403,属性叠属性！,0.539025,0.000025
1045,炼狱导管,1187,闪光弹,0.475966,0.000038
1070,无休回复,2010,双发快射,0.511526,0.000033
1152,任务：钢化你心,1206,魔法转物理,0.488128,0.000509
1013,星界躯体,2001,当心小蛋糕！,0.473974,0.000196
1025,俯冲轰炸,1072,炽烈黎明,0.486092,0.000084
1194,精怪魔法,1238,质变：棱彩阶,0.482253,0.00038
1020,黎明使者的坚决,2001,当心小蛋糕！,0.489963,0.00004
1311,溢流,1330,活力再生,0.440651,0.000037
1149,不动如山,1338,升级：狂妄,0.453566,0.000089
1015,死亡之环,1386,转得我眩晕了,0.43687,0.000001
1194,精怪魔法,1373,缩小引擎,0.488971,0.000112
1068,循环往复,1315,快中求稳,0.528792,0.000474
1018,巨像的勇气,1323,残忍,0.500444,0.000298
1023,魔鬼之舞,1406,祖母的辣椒油,0.497631,0.000044
1156,任务：沃格勒特的巫师帽,1424,???,0.475195,0.000008
1150,面包和果酱,1384,捐赠,0.492918,0.000179
1149,不动如山,1347,吵闹鬼,0.438555,0.000026
1181,重量级打击手,1318,升级：中娅,0.447743,0.000025
1225,双刀流,1421,舞会女王,0.513674,0.000008
1037,急救用具,1058,秘术冲拳,0.479067,0.00017
1009,霸符兄弟,2006,飞身踢,0.507885,0.000122
1030,尤里卡,1386,转得我眩晕了,0.463831,0.000003
1027,大地苏醒,1379,未知符文_1379,0.376214,0
1220,连拨击锤,2024,由暴生急,0.418296,0.000093
1379,未知符文_1379,1403,属性叠属性！,0.472575,0.000002
1084,穿针引线,1208,轨道镭射,0.453097,0.000077
1405,速度恶魔,1424,???,0.455188,0.000031
1195,巨人杀手,1400,最终都市列车,0.56022,0.000452
1081,踢踏舞,1250,一板一眼,0.451937,0.000519
1041,歌利亚巨人,1386,转得我眩晕了,0.444831,0.000006
1048,珠光护手,1152,任务：钢化你心,0.444688,0.000638
12317,潘朵拉的盒子,1358,弹球,0.462329,0.000001
1095,风语者的祝福,1208,轨道镭射,0.475905,0.00002
1042,恶趣味,1317,升级：弯刀,0.413166,0.000001
1006,利刃华尔兹,1392,神圣雪球,0.666667,0
1327,坚若磐石,1406,祖母的辣椒油,0.486913,0.000166
1150,面包和果酱,1344,最终形态,0.476447,0.000315
1044,冰寒,1064,坚韧,0.474223,0.000518
1067,古式佳酿,2018,纯粹主义者 - 术师,0.482038,0.000067
1074,缩小射线,1187,闪光弹,0.442545,0.000045
1208,轨道镭射,1332,不祥契约,0.467392,0.000035
1064,坚韧,1420,咏叹奏鸣,0.503757,0.000319
1151,面包和奶酪,2005,扳机炼狱,0.438094,0.000038
1053,科学狂人,1077,灵魂虹吸,0.527698,0.000166
1150,面包和果酱,1243,质变：混沌,0.472985,0.000372
1050,基石法师,1321,砍伤,0.456106,0.000023
1237,质变：黄金阶,1409,魄罗爆破手,0.515099,0.000211
1384,捐赠,1418,砸开那颗蛋,0.506255,0.000008
1069,退敌力场,1400,最终都市列车,0.461289,0.000028
1038,有始有终,2007,你肩上的恶魔,0.463737,0.00006
1156,任务：沃格勒特的巫师帽,1420,咏叹奏鸣,0.593138,0.000201
1074,缩小射线,1996,升级：耀光,0.469818,0.000244
1349,终极唤醒,1397,地狱三头犬,0.449981,0.000087
1081,踢踏舞,1308,火狐,0.483925,0.00007
1129,神射法师,2026,杀意翻涌,0.477473,0.000084
1036,火上浇油,1072,炽烈黎明,0.459788,0.000085
1064,坚韧,1346,吸血习性,0.453455,0.000992
1348,闪闪现现,1416,海克斯科技龙魂,0.47619,0
1002,尖端发明家,1400,最终都市列车,0.484822,0.000262
1060,海洋龙魂,1097,巫师式思考,0.507044,0.000401
1023,魔鬼之舞,1205,物理转魔法,0.477372,0.000088
1250,一板一眼,1325,玻璃大炮,0.445807,0.000233
1073,暗影疾奔,1136,扇巴掌,0.520744,0.000318
1029,虚幻武器,1053,科学狂人,0.517047,0.000242
1344,最终形态,1391,红包,0.565805,0.000348
1037,急救用具,1041,歌利亚巨人,0.488766,0.000668
1069,退敌力场,1321,砍伤,0.430381,0.000038
1026,唯快不破,2024,由暴生急,0.481079,0.000014
1311,溢流,1361,任务：艾卡西亚的陷落,0.507897,0.000041
1339,激光治疗,1379,未知符文_1379,0.448417,0.000002
1053,科学狂人,1402,属性叠属性叠属性！,0.552108,0.000015
1063,狂徒豪气,1154,任务：海牛阿福的勇士,0.504664,0.000065
1392,神圣雪球,1413,和我一起困在这里,0.43707,0.000004
1152,任务：钢化你心,1397,地狱三头犬,0.468254,0.000125
1038,有始有终,1052,闪电打击,0.513362,0.000339
1058,秘术冲拳,1402,属性叠属性叠属性！,0.517939,0.000031
1316,刃下生风,1322,罪恶快感,0.472823,0.000436
1023,魔鬼之舞,1318,升级：中娅,0.471185,0.000014
1107,接二连三,1156,任务：沃格勒特的巫师帽,0.468918,0.00006
1062,全能龙魂,1085,折磨者,0.488563,0.000057
1069,退敌力场,1085,折磨者,0.440576,0.000028
1181,重量级打击手,1384,捐赠,0.52763,0.000317
1020,黎明使者的坚决,1338,升级：狂妄,0.487737,0.000166
1333,逃跑计划,1358,弹球,0.501816,0.000145
1150,面包和果酱,1358,弹球,0.442542,0.000056
1052,闪电打击,1346,吸血习性,0.556982,0.004691
1115,最万用的瞄准镜,1405,速度恶魔,0.470752,0.000181
1105,家园卫士,1333,逃跑计划,0.562018,0.000284
1011,你摸不到,2005,扳机炼狱,0.448222,0.000012
1053,科学狂人,1414,卡皮巴拉空投,0.469346,0.00001
1004,回归基本功,1084,穿针引线,0.516662,0.000482
1333,逃跑计划,1337,尊我为王,0.551715,0.000119
1344,最终形态,1416,海克斯科技龙魂,0.489822,0.000071
1026,唯快不破,1318,升级：中娅,0.504585,0.000042
1311,溢流,1373,缩小引擎,0.516796,0.000591
1035,感受燃烧,1048,珠光护手,0.474048,0.000186
1156,任务：沃格勒特的巫师帽,1415,双生火焰,0.492087,0.000269
1035,感受燃烧,1319,升级：献祭,0.505452,0.000091
2024,由暴生急,2026,杀意翻涌,0.454787,0.000025
1067,古式佳酿,1308,火狐,0.527951,0.000163
1030,尤里卡,1314,强力护盾,0.480478,0.000118
1118,会心治疗,1386,转得我眩晕了,0.420678,0.000003
1108,自我毁灭,1409,魄罗爆破手,0.485975,0.000275
1039,冰霜 幽灵,1361,任务：艾卡西亚的陷落,0.541322,0.000218
1098,急急小子,1243,质变：混沌,0.486776,0.000252
1015,死亡之环,1048,珠光护手,0.444945,0.000109
1020,黎明使者的坚决,1373,缩小引擎,0.519651,0.000101
1034,防护面纱,1039,冰霜 幽灵,0.45971,0.000061
1051,点亮他们！,1401,生机迸发,0.498555,0.000052
1066,量子计算,1379,未知符文_1379,0.408786,0
2008,负重爆气,2026,杀意翻涌,0.478262,0.000093
1075,慢炖,1379,未知符文_1379,0.403035,0
1413,和我一起困在这里,2001,当心小蛋糕！,0.468433,0.000007
1006,利刃华尔兹,1087,台风,0.453244,0.00015
1206,魔法转物理,1400,最终都市列车,0.549498,0.000225
1048,珠光护手,1052,闪电打击,0.465388,0.00055
1026,唯快不破,1034,防护面纱,0.507828,0.000041
1400,最终都市列车,2016,注魔,0.497604,0.000029
1009,霸符兄弟,1112,终极不可阻挡,0.482616,0.000075
1032,裁决使,1204,叠角龙,0.529187,0.000091
1023,魔鬼之舞,1320,升级：收集者,0.471402,0.000206
1402,属性叠属性叠属性！,1403,属性叠属性！,0.606344,0.000487
1116,闪现向前,1345,心灵净化,0.459906,0.000098
1077,灵魂虹吸,1335,夺金,0.492113,0.000086
1063,狂徒豪气,1392,神圣雪球,0.460594,0.000029
1211,杀戮时间到了,1318,升级：中娅,0.479961,0.000834
1104,仆从大师,1346,吸血习性,0.512756,0.000198
1066,量子计算,1107,接二连三,0.44219,0.000112
1080,会心防御,1136,扇巴掌,0.483281,0.000112
1035,感受燃烧,1042,恶趣味,0.499872,0.000076
1041,歌利亚巨人,1081,踢踏舞,0.486809,0.000288
1170,万用瞄准镜,1194,精怪魔法,0.44023,0.000085
1070,无休回复,1334,升级：雪球,0.506934,0.000124
1136,扇巴掌,1388,无限循环往复,0.528945,0.004001
1339,激光治疗,1406,祖母的辣椒油,0.503134,0.00005
0,无符文,1027,大地苏醒,0.57598,0.004571
1064,坚韧,2016,注魔,0.456939,0.000023
1322,罪恶快感,1349,终极唤醒,0.472148,0.000348
1029,虚幻武器,1375,吞噬灵魂,0.466415,0.00036
1238,质变：棱彩阶,1311,溢流,0.514196,0.001666
1416,海克斯科技龙魂,2026,杀意翻涌,0.478057,0.000026
1225,双刀流,1361,任务：艾卡西亚的陷落,0.507279,0.000007
1141,全心为你,1329,史上最大雪球,0.461349,0.000028
1154,任务：海牛阿福的勇士,1346,吸血习性,0.528064,0.000544
1002,尖端发明家,1051,点亮他们！,0.44977,0.000137
1141,全心为你,1327,坚若磐石,0.446541,0.000039
1019,全凭身法,1238,质变：棱彩阶,0.50447,0.00084
1038,有始有终,1341,帽上加帽,0.511396,0.001269
1332,不祥契约,1342,雪球扭蛋机,0.469874,0.000071
1080,会心防御,1214,旋转至胜,0.510081,0.000055
1113,老练狙神,1322,罪恶快感,0.450245,0.000483
1009,霸符兄弟,1141,全心为你,0.492314,0.000073
1116,闪现向前,1208,轨道镭射,0.4444,0.000003
1118,会心治疗,1311,溢流,0.472682,0.000746
1328,暴击律动,2016,注魔,0.458798,0.000031
1115,最万用的瞄准镜,1187,闪光弹,0.478293,0.000049
1028,侵蚀,1038,有始有终,0.529408,0.000346
1332,不祥契约,1405,速度恶魔,0.495619,0.000151
1069,退敌力场,1136,扇巴掌,0.458706,0.000097
1079,战争交响乐,2026,杀意翻涌,0.47481,0.000089
1115,最万用的瞄准镜,1138,渴血,0.507271,0.001605
1081,踢踏舞,1379,未知符文_1379,0.485407,0.000003
1044,冰寒,1063,狂徒豪气,0.46632,0.000042
1345,心灵净化,2002,虚空裂隙,0.49123,0.000296
1311,溢流,1329,史上最大雪球,0.483713,0.000189
1002,尖端发明家,2003,魄罗之王的弹跳,0.458588,0.000063
1314,强力护盾,1406,祖母的辣椒油,0.487767,0.000067
1057,山脉龙魂,1344,最终形态,0.465221,0.000238
1015,死亡之环,1073,暗影疾奔,0.497627,0.000044
1027,大地苏醒,2024,由暴生急,0.451282,0.00001
1322,罪恶快感,1372,小猫咪找妈妈,0.45748,0.000006
1098,急急小子,1318,升级：中娅,0.487268,0.000131
1086,精准奇才,1406,祖母的辣椒油,0.517693,0.000142
1052,闪电打击,1097,巫师式思考,0.474592,0.000113
1061,回力OK镖,1205,物理转魔法,0.510288,0.000264
1389,男爵之手,2001,当心小蛋糕！,0.545848,0.000018
1180,超强大脑,1331,至高天诺言,0.443906,0.000019
1076,天音爆,1402,属性叠属性叠属性！,0.495519,0.000008
1113,老练狙神,1118,会心治疗,0.454216,0.000188
1315,快中求稳,1334,升级：雪球,0.515074,0.000208
1308,火狐,1409,魄罗爆破手,0.537439,0.000429
1041,歌利亚巨人,1337,尊我为王,0.588067,0.000389
1072,炽烈黎明,1416,海克斯科技龙魂,0.474145,0.000023
1379,未知符文_1379,2001,当心小蛋糕！,0.440683,0.000001
1041,歌利亚巨人,1067,古式佳酿,0.489216,0.001677
1238,质变：棱彩阶,1339,激光治疗,0.469427,0.000078
1392,神圣雪球,1424,???,0.424885,0.000003
1103,面包和黄油,1361,任务：艾卡西亚的陷落,0.502041,0.000074
1085,折磨者,1107,接二连三,0.421128,0.000025
1180,超强大脑,1379,未知符文_1379,0.418653,0.000001
1062,全能龙魂,1337,尊我为王,0.488444,0.000103
1220,连拨击锤,1388,无限循环往复,0.43398,0.000062
1375,吞噬灵魂,1400,最终都市列车,0.494427,0.000337
1002,尖端发明家,1329,史上最大雪球,0.450035,0.000178
1070,无休回复,1327,坚若磐石,0.469608,0.000151
1025,俯冲轰炸,1036,火上浇油,0.47811,0.000204
1149,不动如山,1340,升级：米凯尔的祝福,0.503765,0.000031
1180,超强大脑,1348,闪闪现现,0.472321,0.000025
1113,老练狙神,1237,质变：黄金阶,0.475613,0.000479
1170,万用瞄准镜,2001,当心小蛋糕！,0.506026,0.000167
1007,大力,1009,霸符兄弟,0.52797,0.000108
1018,巨像的勇气,1204,叠角龙,0.472322,0.000016
1088,终极刷新,1415,双生火焰,0.465213,0.000084
1052,闪电打击,1214,旋转至胜,0.473072,0.000112
1026,唯快不破,1389,男爵之手,0.543057,0.000004
1324,蛋白粉奶昔,1340,升级：米凯尔的祝福,0.531458,0.000051
1347,吵闹鬼,1353,坦克引擎,0.458011,0.00017
1401,生机迸发,2018,纯粹主义者 - 术师,0.456447,0.000023
1058,秘术冲拳,1406,祖母的辣椒油,0.483223,0.000105
1046,炼狱龙魂,1051,点亮他们！,0.470248,0.000173
1058,秘术冲拳,1347,吵闹鬼,0.444058,0.000059
1080,会心防御,1088,终极刷新,0.452337,0.000064
1068,循环往复,1334,升级：雪球,0.493964,0.000431
1136,扇巴掌,1321,砍伤,0.479863,0.000354
1154,任务：海牛阿福的勇士,1335,夺金,0.475784,0.000014
1066,量子计算,1077,灵魂虹吸,0.466335,0.000125
1015,死亡之环,1353,坦克引擎,0.52376,0.001162
1149,不动如山,1187,闪光弹,0.46844,0.000038
1225,双刀流,1400,最终都市列车,0.541448,0.000137
1198,圣火,1330,活力再生,0.439002,0.000004
1195,巨人杀手,1316,刃下生风,0.521988,0.000718
1338,升级：狂妄,1384,捐赠,0.517022,0.000657
1013,星界躯体,1316,刃下生风,0.449513,0.000048
1027,大地苏醒,1334,升级：雪球,0.471576,0.000064
1054,物法皆修,1314,强力护盾,0.424504,0.000016
1009,霸符兄弟,1051,点亮他们！,0.51205,0.000085
1015,死亡之环,1389,男爵之手,0.491227,0.000003
1085,折磨者,1318,升级：中娅,0.466793,0.000059
1039,冰霜 幽灵,1136,扇巴掌,0.491441,0.000463
1339,激光治疗,1415,双生火焰,0.460298,0.000013
1069,退敌力场,2010,双发快射,0.465587,0.000025
1053,科学狂人,1330,活力再生,0.500064,0.000031
1068,循环往复,1386,转得我眩晕了,0.433501,0.000002
1095,风语者的祝福,1317,升级：弯刀,0.412421,0
1349,终极唤醒,1386,转得我眩晕了,0.406417,0.000001
1112,终极不可阻挡,2002,虚空裂隙,0.488982,0.000049
1324,蛋白粉奶昔,1332,不祥契约,0.447837,0.000052
1116,闪现向前,1136,扇巴掌,0.483979,0.000095
1019,全凭身法,1028,侵蚀,0.469999,0.000092
1067,古式佳酿,2010,双发快射,0.477602,0.000036
1066,量子计算,1220,连拨击锤,0.457718,0.000103
1025,俯冲轰炸,1316,刃下生风,0.522816,0.000152
1346,吸血习性,2005,扳机炼狱,0.477361,0.000504
1056,由心及物,1211,杀戮时间到了,0.511118,0.000692
1060,海洋龙魂,1086,精准奇才,0.490269,0.000105
1138,渴血,1373,缩小引擎,0.519242,0.001125
1088,终极刷新,1211,杀戮时间到了,0.464045,0.000943
1015,死亡之环,1337,尊我为王,0.617128,0.000058
1107,接二连三,1329,史上最大雪球,0.43792,0.000085
1154,任务：海牛阿福的勇士,2026,杀意翻涌,0.486102,0.000024
1424,???,2007,你肩上的恶魔,0.414542,0.000002
1011,你摸不到,1344,最终形态,0.479884,0.000253
12317,潘朵拉的盒子,1301,神圣干预,0.508278,0.000001
1067,古式佳酿,1397,地狱三头犬,0.464545,0.000072
1062,全能龙魂,1342,雪球扭蛋机,0.495756,0.000077
1029,虚幻武器,1056,由心及物,0.484493,0.000474
1074,缩小射线,1337,尊我为王,0.479605,0.000082
1325,玻璃大炮,2016,注魔,0.441688,0.000029
1152,任务：钢化你心,12317,潘朵拉的盒子,0.49806,0.000001
1011,你摸不到,1156,任务：沃格勒特的巫师帽,0.476795,0.000062
0,无符文,1388,无限循环往复,0.620368,0.024164
1002,尖端发明家,1406,祖母的辣椒油,0.486065,0.000366
1108,自我毁灭,1397,地狱三头犬,0.459435,0.00006
1349,终极唤醒,1391,红包,0.520767,0.000127
1334,升级：雪球,1402,属性叠属性叠属性！,0.50586,0.000042
1129,神射法师,1320,升级：收集者,0.42875,0.000158
1311,溢流,1409,魄罗爆破手,0.502542,0.000585
1088,终极刷新,1400,最终都市列车,0.499655,0.000098
1338,升级：狂妄,2008,负重爆气,0.480836,0.000634
1138,渴血,1356,暴击飞弹,0.548571,0.000521
1028,侵蚀,1337,尊我为王,0.511227,0.000063
1181,重量级打击手,1214,旋转至胜,0.486174,0.000104
1007,大力,1118,会心治疗,0.515258,0.000384
1237,质变：黄金阶,1332,不祥契约,0.483186,0.000146
1047,关键暴击,1067,古式佳酿,0.475342,0.000167
0,无符文,1039,冰霜 幽灵,0.576301,0.012853
1058,秘术冲拳,1319,升级：献祭,0.477166,0.000149
1103,面包和黄油,1149,不动如山,0.460514,0.000259
1214,旋转至胜,1225,双刀流,0.501964,0.000084
1403,属性叠属性！,2001,当心小蛋糕！,0.54576,0.00011
1011,你摸不到,1079,战争交响乐,0.457273,0.000103
1328,暴击律动,1337,尊我为王,0.512918,0.000109
1037,急救用具,1097,巫师式思考,0.47723,0.000274
1084,穿针引线,1344,最终形态,0.491107,0.000959
1406,祖母的辣椒油,2004,信念者的强化,0.49678,0.000066
1129,神射法师,2003,魄罗之王的弹跳,0.450693,0.000035
1084,穿针引线,2016,注魔,0.457943,0.000102
1072,炽烈黎明,1317,升级：弯刀,0.392369,0.000001
1009,霸符兄弟,1320,升级：收集者,0.498929,0.000205
1108,自我毁灭,1310,小丑学院,0.544178,0.002186
1336,升级：无尽之刃,1413,和我一起困在这里,0.461622,0.000014
1092,易损,1336,升级：无尽之刃,0.530104,0.000804
1325,玻璃大炮,1347,吵闹鬼,0.431216,0.000024
1032,裁决使,1045,炼狱导管,0.513955,0.003008
1346,吸血习性,1405,速度恶魔,0.511251,0.001445
1067,古式佳酿,1389,男爵之手,0.519311,0.000016
0,无符文,1225,双刀流,0.662504,0.031869
1002,尖端发明家,1019,全凭身法,0.465507,0.000306
1032,裁决使,1154,任务：海牛阿福的勇士,0.485101,0.000443
1353,坦克引擎,2006,飞身踢,0.519719,0.002153
1030,尤里卡,1403,属性叠属性！,0.538365,0.000244
1064,坚韧,1141,全心为你,0.457263,0.000184
1004,回归基本功,1082,残暴之力,0.524033,0.000224
1214,旋转至胜,1375,吞噬灵魂,0.488665,0.000034
1038,有始有终,1310,小丑学院,0.539498,0.000668
1048,珠光护手,1112,终极不可阻挡,0.456018,0.000468
1349,终极唤醒,1404,属性！,0.513365,0.000028
1020,黎明使者的坚决,1349,终极唤醒,0.471023,0.000093
1220,连拨击锤,1323,残忍,0.452766,0.00003
1015,死亡之环,1187,闪光弹,0.484226,0.000012
1011,你摸不到,1379,未知符文_1379,0.383613,0
1069,退敌力场,1088,终极刷新,0.420605,0.000062
1082,残暴之力,1156,任务：沃格勒特的巫师帽,0.431203,0.000014
1032,裁决使,1348,闪闪现现,0.449805,0.000157
1112,终极不可阻挡,2007,你肩上的恶魔,0.409407,0.000016
1170,万用瞄准镜,2004,信念者的强化,0.433393,0.000004
1301,神圣干预,1404,属性！,0.519859,0.000029
1332,不祥契约,1340,升级：米凯尔的祝福,0.487619,0.000008
1305,练腿日,1388,无限循环往复,0.504492,0.000209
1098,急急小子,1356,暴击飞弹,0.47179,0.000034
1037,急救用具,1349,终极唤醒,0.47656,0.000111
1018,巨像的勇气,1036,火上浇油,0.445193,0.000052
1402,属性叠属性叠属性！,1405,速度恶魔,0.521751,0.000069
1011,你摸不到,1348,闪闪现现,0.429024,0.000017
1317,升级：弯刀,1353,坦克引擎,0.431063,0.00001
1154,任务：海牛阿福的勇士,1319,升级：献祭,0.460226,0.00004
1115,最万用的瞄准镜,1250,一板一眼,0.440929,0.000459
1009,霸符兄弟,1154,任务：海牛阿福的勇士,0.509453,0.000077
1194,精怪魔法,2026,杀意翻涌,0.455485,0.000021
1313,作弊：我能回城！,1337,尊我为王,0.511137,0.000193
1022,灵巧,1389,男爵之手,0.545211,0.000022
1103,面包和黄油,1420,咏叹奏鸣,0.520302,0.000202
1015,死亡之环,1067,古式佳酿,0.51561,0.000435
1098,急急小子,1115,最万用的瞄准镜,0.449706,0.000125
1032,裁决使,1079,战争交响乐,0.470501,0.001143
1336,升级：无尽之刃,1392,神圣雪球,0.449196,0.000041
1084,穿针引线,1113,老练狙神,0.459177,0.001444
1327,坚若磐石,1414,卡皮巴拉空投,0.42711,0.000019
1053,科学狂人,1115,最万用的瞄准镜,0.509292,0.000153
1402,属性叠属性叠属性！,2024,由暴生急,0.499904,0.000019
1057,山脉龙魂,1340,升级：米凯尔的祝福,0.500595,0.00001
1079,战争交响乐,1180,超强大脑,0.460269,0.000028
1036,火上浇油,1334,升级：雪球,0.453616,0.000109
1069,退敌力场,1409,魄罗爆破手,0.468441,0.000075
1027,大地苏醒,1404,属性！,0.532114,0.000015
1034,防护面纱,1404,属性！,0.532069,0.000018
1019,全凭身法,1316,刃下生风,0.472832,0.000346
0,无符文,1340,升级：米凯尔的祝福,0.727336,0.002104
1022,灵巧,1406,祖母的辣椒油,0.494595,0.000097
1317,升级：弯刀,1330,活力再生,0.407544,0.000001
1136,扇巴掌,1320,升级：收集者,0.474813,0.000216
1023,魔鬼之舞,1225,双刀流,0.528832,0.000214
1004,回归基本功,1073,暗影疾奔,0.548191,0.000247
1025,俯冲轰炸,1081,踢踏舞,0.46486,0.000143
1332,不祥契约,1411,升级：荆棘之甲,0.493684,0.000009
1324,蛋白粉奶昔,1338,升级：狂妄,0.451361,0.000109
1032,裁决使,1113,老练狙神,0.469805,0.002522
1084,穿针引线,1085,折磨者,0.452995,0.000134
1347,吵闹鬼,1361,任务：艾卡西亚的陷落,0.495189,0.000008
1416,海克斯科技龙魂,2005,扳机炼狱,0.446341,0.000025
1066,量子计算,1095,风语者的祝福,0.479727,0.000045
1071,更万用的瞄准镜,2009,狂热者,0.513713,0.000698
1338,升级：狂妄,1397,地狱三头犬,0.467586,0.000363
1082,残暴之力,1149,不动如山,0.456116,0.000056
1048,珠光护手,2026,杀意翻涌,0.47353,0.000253
1108,自我毁灭,1373,缩小引擎,0.495394,0.000276
1348,闪闪现现,1384,捐赠,0.516922,0.000001
1313,作弊：我能回城！,1384,捐赠,0.509343,0.000353
1097,巫师式思考,1413,和我一起困在这里,0.458408,0.000015
1116,闪现向前,1420,咏叹奏鸣,0.521467,0.000046
1064,坚韧,1068,循环往复,0.489308,0.000728
1332,不祥契约,2024,由暴生急,0.435629,0.00001
1392,神圣雪球,1416,海克斯科技龙魂,0.452045,0.000036
1047,关键暴击,1406,祖母的辣椒油,0.490813,0.000094
1097,巫师式思考,1321,砍伤,0.474954,0.000047
1022,灵巧,2002,虚空裂隙,0.480553,0.000042
1320,升级：收集者,1330,活力再生,0.470876,0.00023
1134,亮出你的剑,1400,最终都市列车,0.628501,0.000074
1250,一板一眼,1326,夜狩,0.448899,0.000637
1067,古式佳酿,1391,红包,0.549446,0.000293
1029,虚幻武器,1214,旋转至胜,0.499176,0.00018
1027,大地苏醒,1136,扇巴掌,0.492285,0.000098
1361,任务：艾卡西亚的陷落,1386,转得我眩晕了,0.505376,0
1310,小丑学院,1337,尊我为王,0.575864,0.000241
1338,升级：狂妄,1415,双生火焰,0.482888,0.000173
1018,巨像的勇气,1054,物法皆修,0.430986,0.000018
1036,火上浇油,2010,双发快射,0.520684,0.000225
1015,死亡之环,1051,点亮他们！,0.45316,0.000027
1149,不动如山,2004,信念者的强化,0.458943,0.000009
1080,会心防御,1108,自我毁灭,0.472814,0.000059
1030,尤里卡,1341,帽上加帽,0.508838,0.002692
1071,更万用的瞄准镜,1250,一板一眼,0.458411,0.001041
1023,魔鬼之舞,2003,魄罗之王的弹跳,0.482336,0.000025
1413,和我一起困在这里,2009,狂热者,0.469703,0.000009
1330,活力再生,2006,飞身踢,0.456288,0.000023
1105,家园卫士,1116,闪现向前,0.502865,0.000032
1314,强力护盾,2006,飞身踢,0.470387,0.000097
1092,易损,1315,快中求稳,0.510754,0.000197
1004,回归基本功,1313,作弊：我能回城！,0.511323,0.000239
1079,战争交响乐,1340,升级：米凯尔的祝福,0.453782,0.000006
1023,魔鬼之舞,1052,闪电打击,0.496814,0.000292
1066,量子计算,1405,速度恶魔,0.493421,0.000109
1022,灵巧,1313,作弊：我能回城！,0.49166,0.000809
1086,精准奇才,1346,吸血习性,0.486704,0.000314
1023,魔鬼之舞,12317,潘朵拉的盒子,0.539424,0.000001
1030,尤里卡,1044,冰寒,0.511535,0.002772
1087,台风,1324,蛋白粉奶昔,0.456606,0.000044
1015,死亡之环,1058,秘术冲拳,0.456516,0.000035
1011,你摸不到,1338,升级：狂妄,0.461473,0.000228
1058,秘术冲拳,1105,家园卫士,0.47756,0.000199
1053,科学狂人,1075,慢炖,0.526169,0.000236
1044,冰寒,1079,战争交响乐,0.459717,0.000106
1070,无休回复,2018,纯粹主义者 - 术师,0.477939,0.000023
1085,折磨者,1204,叠角龙,0.467012,0.000007
1331,至高天诺言,1411,升级：荆棘之甲,0.496147,0.000002
1063,狂徒豪气,2001,当心小蛋糕！,0.519832,0.000075
1320,升级：收集者,1324,蛋白粉奶昔,0.421522,0.000038
1076,天音爆,1329,史上最大雪球,0.472301,0.000038
1020,黎明使者的坚决,1180,超强大脑,0.468458,0.000075
1075,慢炖,1388,无限循环往复,0.507695,0.000147
1075,慢炖,1211,杀戮时间到了,0.4628,0.000212
1084,穿针引线,1108,自我毁灭,0.460541,0.000412
1047,关键暴击,1384,捐赠,0.506573,0.000204
1057,山脉龙魂,2005,扳机炼狱,0.438954,0.000016
1075,慢炖,1397,地狱三头犬,0.456995,0.00008
1050,基石法师,1104,仆从大师,0.520357,0.000068
1087,台风,1103,面包和黄油,0.454898,0.000287
1214,旋转至胜,1388,无限循环往复,0.519847,0.000084
1058,秘术冲拳,1411,升级：荆棘之甲,0.494213,0.000029
0,无符文,1187,闪光弹,0.554333,0.003703
1004,回归基本功,1006,利刃华尔兹,0.494644,0.000129
1062,全能龙魂,1311,溢流,0.519128,0.00023
1081,踢踏舞,1413,和我一起困在这里,0.458834,0.000003
1023,魔鬼之舞,1046,炼狱龙魂,0.481236,0.000326
1002,尖端发明家,1310,小丑学院,0.485113,0.000365
1208,轨道镭射,1220,连拨击锤,0.455083,0.000058
1220,连拨击锤,2001,当心小蛋糕！,0.45984,0.000055
1082,残暴之力,1141,全心为你,0.425083,0.000006
1069,退敌力场,2005,扳机炼狱,0.405819,0.000009
1107,接二连三,1336,升级：无尽之刃,0.493431,0.000981
1023,魔鬼之舞,1047,关键暴击,0.490326,0.000134
1181,重量级打击手,1330,活力再生,0.453246,0.000016
1062,全能龙魂,1063,狂徒豪气,0.520677,0.000092
1225,双刀流,1323,残忍,0.459999,0.000028
1061,回力OK镖,1104,仆从大师,0.538061,0.000023
1077,灵魂虹吸,1134,亮出你的剑,0.607791,0.000564
1086,精准奇才,1321,砍伤,0.446052,0.000014
1112,终极不可阻挡,2016,注魔,0.448431,0.00001
1331,至高天诺言,1332,不祥契约,0.452673,0.000006
1320,升级：收集者,1323,残忍,0.425101,0.000014
1057,山脉龙魂,1335,夺金,0.467776,0.000036
1011,你摸不到,1187,闪光弹,0.458961,0.000035
1058,秘术冲拳,1335,夺金,0.47151,0.00005
1037,急救用具,1152,任务：钢化你心,0.492627,0.000744
1097,巫师式思考,1329,史上最大雪球,0.485479,0.000298
1073,暗影疾奔,1348,闪闪现现,0.467304,0.000023
1028,侵蚀,1187,闪光弹,0.468894,0.000024
1037,急救用具,1085,折磨者,0.456378,0.000064
1301,神圣干预,1325,玻璃大炮,0.434003,0.000054
1118,会心治疗,1211,杀戮时间到了,0.453087,0.000477
1037,急救用具,1107,接二连三,0.461137,0.000072
1103,面包和黄油,1375,吞噬灵魂,0.469935,0.000304
1077,灵魂虹吸,1379,未知符文_1379,0.432714,0.000003
1138,渴血,1328,暴击律动,0.529067,0.002196
1029,虚幻武器,1198,圣火,0.451464,0.000127
1041,歌利亚巨人,1180,超强大脑,0.45693,0.000209
1336,升级：无尽之刃,1424,???,0.459088,0.000017
1087,台风,1115,最万用的瞄准镜,0.486606,0.001114
1327,坚若磐石,1344,最终形态,0.457684,0.000166
1318,升级：中娅,1349,终极唤醒,0.457531,0.000146
1118,会心治疗,1238,质变：棱彩阶,0.499225,0.001544
1029,虚幻武器,1085,折磨者,0.457225,0.00015
1052,闪电打击,1418,砸开那颗蛋,0.470724,0
1116,闪现向前,1118,会心治疗,0.470037,0.000082
1141,全心为你,1211,杀戮时间到了,0.455017,0.000083
1086,精准奇才,1319,升级：献祭,0.442367,0.000006
1204,叠角龙,1314,强力护盾,0.480704,0.000003
1025,俯冲轰炸,1322,罪恶快感,0.495612,0.000571
1030,尤里卡,1035,感受燃烧,0.491107,0.000178
1013,星界躯体,2002,虚空裂隙,0.475807,0.000107
1198,圣火,1361,任务：艾卡西亚的陷落,0.508374,0.000037
1037,急救用具,2004,信念者的强化,0.51279,0.000198
1004,回归基本功,1070,无休回复,0.537208,0.000095
1037,急救用具,1301,神圣干预,0.498255,0.000206
1327,坚若磐石,2005,扳机炼狱,0.432598,0.000012
1152,任务：钢化你心,1326,夜狩,0.445772,0.000208
1045,炼狱导管,1076,天音爆,0.469075,0.000114
1037,急救用具,2001,当心小蛋糕！,0.485668,0.000093
1058,秘术冲拳,1400,最终都市列车,0.513817,0.000159
1018,巨像的勇气,1220,连拨击锤,0.451184,0.000046
1151,面包和奶酪,1388,无限循环往复,0.485187,0.000278
1006,利刃华尔兹,1068,循环往复,0.468066,0.000368
1180,超强大脑,1204,叠角龙,0.571086,0.000027
1103,面包和黄油,1250,一板一眼,0.45821,0.000481
1129,神射法师,1349,终极唤醒,0.462435,0.000209
1112,终极不可阻挡,1319,升级：献祭,0.462833,0.000071
1057,山脉龙魂,1389,男爵之手,0.500395,0.000005
1069,退敌力场,1208,轨道镭射,0.43909,0.000015
1036,火上浇油,1129,神射法师,0.472378,0.000413
1032,裁决使,1081,踢踏舞,0.46241,0.000891
1077,灵魂虹吸,1334,升级：雪球,0.473834,0.000121
1325,玻璃大炮,1361,任务：艾卡西亚的陷落,0.538585,0.000002
1004,回归基本功,1411,升级：荆棘之甲,0.51903,0.000013
1308,火狐,1372,小猫咪找妈妈,0.554257,0.000049
1133,魔法飞弹,2026,杀意翻涌,0.470799,0.000108
1339,激光治疗,1344,最终形态,0.440783,0.000004
1181,重量级打击手,1373,缩小引擎,0.518587,0.000409
1032,裁决使,1379,未知符文_1379,0.432178,0.000005
1104,仆从大师,1414,卡皮巴拉空投,0.459503,0.000004
1025,俯冲轰炸,1138,渴血,0.509924,0.000568
1402,属性叠属性叠属性！,2010,双发快射,0.534093,0.000039
1243,质变：混沌,1375,吞噬灵魂,0.505159,0.000166
1379,未知符文_1379,2024,由暴生急,0.438699,0.000001
1375,吞噬灵魂,2016,注魔,0.467338,0.00004
1141,全心为你,1372,小猫咪找妈妈,0.487352,0.000334
1311,溢流,1325,玻璃大炮,0.458961,0.000411
1112,终极不可阻挡,1118,会心治疗,0.449808,0.000219
1034,防护面纱,1063,狂徒豪气,0.492809,0.000079
1050,基石法师,1103,面包和黄油,0.48294,0.000447
1002,尖端发明家,1316,刃下生风,0.436764,0.000086
1141,全心为你,1348,闪闪现现,0.436983,0.000006
1037,急救用具,1344,最终形态,0.468888,0.00026
1238,质变：棱彩阶,1404,属性！,0.595571,0.00064
1141,全心为你,2003,魄罗之王的弹跳,0.457902,0.000009
1067,古式佳酿,1136,扇巴掌,0.500093,0.000981
1074,缩小射线,2018,纯粹主义者 - 术师,0.407448,0.000031
1036,火上浇油,1073,暗影疾奔,0.513052,0.000284
1007,大力,1313,作弊：我能回城！,0.495749,0.000319
1072,炽烈黎明,1339,激光治疗,0.46182,0.000021
1026,唯快不破,1220,连拨击锤,0.475364,0.000093
1344,最终形态,1372,小猫咪找妈妈,0.456895,0.000003
1037,急救用具,1150,面包和果酱,0.468673,0.000268
1046,炼狱龙魂,1195,巨人杀手,0.521733,0.002044
1035,感受燃烧,1052,闪电打击,0.476141,0.000078
1074,缩小射线,1087,台风,0.464906,0.000743
1022,灵巧,1996,升级：耀光,0.5056,0.000547
1311,溢流,2018,纯粹主义者 - 术师,0.475634,0.000109
1011,你摸不到,1250,一板一眼,0.44246,0.000135
1013,星界躯体,2004,信念者的强化,0.464425,0.000037
1076,天音爆,1332,不祥契约,0.453694,0.00002
1151,面包和奶酪,2024,由暴生急,0.445863,0.000038
1401,生机迸发,2010,双发快射,0.509978,0.000043
1046,炼狱龙魂,1187,闪光弹,0.465908,0.000118
1103,面包和黄油,1421,舞会女王,0.482248,0.000044
1068,循环往复,1330,活力再生,0.463947,0.000069
1023,魔鬼之舞,1390,超凡邪恶,0.4943,0.000101
1052,闪电打击,1071,更万用的瞄准镜,0.525973,0.004052
1361,任务：艾卡西亚的陷落,1411,升级：荆棘之甲,0.568628,0.000228
1046,炼狱龙魂,1344,最终形态,0.494847,0.000712
1023,魔鬼之舞,1386,转得我眩晕了,0.425474,0.000001
1237,质变：黄金阶,1326,夜狩,0.468193,0.000355
1042,恶趣味,1388,无限循环往复,0.510864,0.00022
1318,升级：中娅,1336,升级：无尽之刃,0.431794,0.000008
1348,闪闪现现,1390,超凡邪恶,0.48988,0.000001
1015,死亡之环,1138,渴血,0.474423,0.000202
1022,灵巧,1194,精怪魔法,0.470421,0.000154
1071,更万用的瞄准镜,1341,帽上加帽,0.462956,0.000142
1085,折磨者,1194,精怪魔法,0.443988,0.000047
1006,利刃华尔兹,1323,残忍,0.464569,0.000036
1243,质变：混沌,1389,男爵之手,0.569516,0.000007
1329,史上最大雪球,1397,地狱三头犬,0.445911,0.00008
1062,全能龙魂,1331,至高天诺言,0.465905,0.00001
1134,亮出你的剑,1348,闪闪现现,0.547937,0.000015
1323,残忍,1344,最终形态,0.499194,0.000061
1225,双刀流,1321,砍伤,0.535563,0.000202
1195,巨人杀手,1204,叠角龙,0.585264,0.000064
1058,秘术冲拳,1340,升级：米凯尔的祝福,0.458663,0.000007
1074,缩小射线,1401,生机迸发,0.46705,0.00006
1333,逃跑计划,1338,升级：狂妄,0.54789,0.000802
1108,自我毁灭,1353,坦克引擎,0.481432,0.001709
1026,唯快不破,1349,终极唤醒,0.488305,0.000058
1334,升级：雪球,1345,心灵净化,0.473481,0.000435
1034,防护面纱,1051,点亮他们！,0.501557,0.000067
2002,虚空裂隙,2024,由暴生急,0.451473,0.000016
1035,感受燃烧,2002,虚空裂隙,0.482144,0.000023
1048,珠光护手,1238,质变：棱彩阶,0.504804,0.003036
1066,量子计算,1402,属性叠属性叠属性！,0.523602,0.000014
1007,大力,1067,古式佳酿,0.5197,0.000193
1034,防护面纱,1076,天音爆,0.487137,0.000034
1326,夜狩,1420,咏叹奏鸣,0.491704,0.000093
1068,循环往复,1319,升级：献祭,0.496556,0.000311
1068,循环往复,1105,家园卫士,0.539029,0.000528
1029,虚幻武器,2010,双发快射,0.49082,0.000155
1088,终极刷新,1138,渴血,0.457947,0.000356
1112,终极不可阻挡,1342,雪球扭蛋机,0.457319,0.000103
1062,全能龙魂,1386,转得我眩晕了,0.431154,0.000001
1020,黎明使者的坚决,1084,穿针引线,0.47062,0.000198
1018,巨像的勇气,1187,闪光弹,0.461638,0.000026
1325,玻璃大炮,1386,转得我眩晕了,0.413695,0.000001
1019,全凭身法,1048,珠光护手,0.485136,0.000557
1400,最终都市列车,1421,舞会女王,0.542329,0.000128
1361,任务：艾卡西亚的陷落,2010,双发快射,0.475174,0.000006
1032,裁决使,1116,闪现向前,0.470787,0.000302
1331,至高天诺言,1336,升级：无尽之刃,0.408107,0.000005
1023,魔鬼之舞,1339,激光治疗,0.445334,0.000003
1154,任务：海牛阿福的勇士,1389,男爵之手,0.536061,0.000003
1057,山脉龙魂,1388,无限循环往复,0.481721,0.000114
1029,虚幻武器,1405,速度恶魔,0.479398,0.000299
1002,尖端发明家,1372,小猫咪找妈妈,0.460886,0.000043
1071,更万用的瞄准镜,1136,扇巴掌,0.497234,0.000487
1035,感受燃烧,1044,冰寒,0.487982,0.000215
1392,神圣雪球,1411,升级：荆棘之甲,0.483204,0.000028
1070,无休回复,1243,质变：混沌,0.506038,0.000303
1181,重量级打击手,1339,激光治疗,0.467874,0.000022
1305,练腿日,1386,转得我眩晕了,0.428571,0.000001
1150,面包和果酱,1353,坦克引擎,0.480463,0.001108
1327,坚若磐石,2008,负重爆气,0.465356,0.000075
1316,刃下生风,1375,吞噬灵魂,0.47735,0.000044
1058,秘术冲拳,1379,未知符文_1379,0.450073,0.000002
1330,活力再生,1347,吵闹鬼,0.456302,0.000011
1007,大力,1305,练腿日,0.51106,0.000171
1311,溢流,1316,刃下生风,0.479343,0.000127
1403,属性叠属性！,1418,砸开那颗蛋,0.505076,0.000002
1082,残暴之力,1104,仆从大师,0.468306,0.000021
1039,冰霜 幽灵,2009,狂热者,0.468972,0.000022
1038,有始有终,1421,舞会女王,0.508067,0.00004
1316,刃下生风,1386,转得我眩晕了,0.434294,0
1314,强力护盾,1420,咏叹奏鸣,0.497732,0.00006
1104,仆从大师,1340,升级：米凯尔的祝福,0.496972,0.000002
1156,任务：沃格勒特的巫师帽,1379,未知符文_1379,0.461506,0.000001
1046,炼狱龙魂,1379,未知符文_1379,0.421591,0.000002
1326,夜狩,1392,神圣雪球,0.429662,0.000051
1053,科学狂人,1409,魄罗爆破手,0.519831,0.000123
1103,面包和黄油,1386,转得我眩晕了,0.421658,0.000002
1053,科学狂人,1324,蛋白粉奶昔,0.499267,0.000096
1243,质变：混沌,2004,信念者的强化,0.50525,0.000007
1018,巨像的勇气,1032,裁决使,0.475948,0.000393
1107,接二连三,1379,未知符文_1379,0.466514,0.000006
1006,利刃华尔兹,1324,蛋白粉奶昔,0.444269,0.000058
1037,急救用具,1042,恶趣味,0.47033,0.000151
1138,渴血,12317,潘朵拉的盒子,0.518888,0.000003
1006,利刃华尔兹,1061,回力OK镖,0.472737,0.000075
1006,利刃华尔兹,1330,活力再生,0.43043,0.000023
1062,全能龙魂,1384,捐赠,0.537795,0.000105
1342,雪球扭蛋机,2026,杀意翻涌,0.479788,0.00008
1047,关键暴击,1104,仆从大师,0.46291,0.000016
1044,冰寒,1103,面包和黄油,0.485516,0.000773
1015,死亡之环,1198,圣火,0.456087,0.000404
1067,古式佳酿,1319,升级：献祭,0.493884,0.000532
0,无符文,1107,接二连三,0.585335,0.029091
1035,感受燃烧,1088,终极刷新,0.470022,0.000089
1198,圣火,1391,红包,0.507218,0.000065
1344,最终形态,1420,咏叹奏鸣,0.520297,0.000157
1052,闪电打击,1411,升级：荆棘之甲,0.495341,0.000013
1058,秘术冲拳,1064,坚韧,0.456301,0.000279
1050,基石法师,1211,杀戮时间到了,0.489736,0.000676
1329,史上最大雪球,1348,闪闪现现,0.333333,0
1338,升级：狂妄,2010,双发快射,0.483627,0.000272
1046,炼狱龙魂,1313,作弊：我能回城！,0.478913,0.000697
1052,闪电打击,2008,负重爆气,0.466967,0.000137
1305,练腿日,1373,缩小引擎,0.519589,0.000276
1044,冰寒,2016,注魔,0.474196,0.000059
1081,踢踏舞,12317,潘朵拉的盒子,0.55834,0
1339,激光治疗,1340,升级：米凯尔的祝福,0.515829,0.000047
1187,闪光弹,1421,舞会女王,0.484828,0
1046,炼狱龙魂,2006,飞身踢,0.469179,0.000233
1018,巨像的勇气,1039,冰霜 幽灵,0.49529,0.000362
1112,终极不可阻挡,1113,老练狙神,0.449327,0.000109
1092,易损,2010,双发快射,0.510576,0.000258
1025,俯冲轰炸,1195,巨人杀手,0.539158,0.000784
1054,物法皆修,1237,质变：黄金阶,0.462202,0.000179
1028,侵蚀,1420,咏叹奏鸣,0.531728,0.000086
1076,天音爆,1342,雪球扭蛋机,0.477408,0.000038
1075,慢炖,1326,夜狩,0.461642,0.000057
1047,关键暴击,1339,激光治疗,0.41821,0.000009
1129,神射法师,1138,渴血,0.507687,0.000814
1060,海洋龙魂,1301,神圣干预,0.485999,0.000144
1076,天音爆,1315,快中求稳,0.458111,0.000011
1112,终极不可阻挡,1116,闪现向前,0.453359,0.000036
1134,亮出你的剑,1198,圣火,0.424237,0.000003
1048,珠光护手,1220,连拨击锤,0.454028,0.000342
1061,回力OK镖,1324,蛋白粉奶昔,0.480241,0.000056
1194,精怪魔法,1391,红包,0.522792,0.000097
1063,狂徒豪气,2006,飞身踢,0.493279,0.0001
1356,暴击飞弹,1421,舞会女王,0.481814,0.000001
1045,炼狱导管,1243,质变：混沌,0.514559,0.0004
1181,重量级打击手,1198,圣火,0.487255,0.000208
1009,霸符兄弟,1069,退敌力场,0.475225,0.000054
1035,感受燃烧,1308,火狐,0.527938,0.000068
1034,防护面纱,1337,尊我为王,0.49994,0.000049
1316,刃下生风,1347,吵闹鬼,0.447584,0.000012
1026,唯快不破,1076,天音爆,0.464711,0.000007
1046,炼狱龙魂,1339,激光治疗,0.448251,0.000015
1069,退敌力场,1353,坦克引擎,0.453541,0.000377
1084,穿针引线,1321,砍伤,0.466339,0.000251
1097,巫师式思考,1116,闪现向前,0.47309,0.000076
1315,快中求稳,1418,砸开那颗蛋,0.527717,0.000004
1074,缩小射线,1372,小猫咪找妈妈,0.453313,0.000013
1392,神圣雪球,1401,生机迸发,1,0
1041,歌利亚巨人,1411,升级：荆棘之甲,0.553046,0.000403
1133,魔法飞弹,1225,双刀流,0.50392,0.000725
1060,海洋龙魂,1206,魔法转物理,0.498595,0.000134
1007,大力,1409,魄罗爆破手,0.496033,0.000124
1015,死亡之环,1331,至高天诺言,0.45732,0.000045
1105,家园卫士,1400,最终都市列车,0.546549,0.000068
1023,魔鬼之舞,2004,信念者的强化,0.425657,0.000001
1316,刃下生风,1329,史上最大雪球,0.482623,0.000086
1316,刃下生风,1333,逃跑计划,0.541954,0.000133
1006,利刃华尔兹,1070,无休回复,0.487998,0.000124
2007,你肩上的恶魔,2018,纯粹主义者 - 术师,0.409832,0.000014
1134,亮出你的剑,1349,终极唤醒,0.525528,0.000044
1063,狂徒豪气,1079,战争交响乐,0.512995,0.000313
1198,圣火,1346,吸血习性,0.477538,0.000336
1330,活力再生,1372,小猫咪找妈妈,0.465769,0.000001
1025,俯冲轰炸,1085,折磨者,0.476974,0.000111
1070,无休回复,1314,强力护盾,0.464983,0.000078
1194,精怪魔法,2005,扳机炼狱,0.453905,0.000012
1092,易损,1211,杀戮时间到了,0.492865,0.000878
0,无符文,1344,最终形态,0.59603,0.022197
1019,全凭身法,1045,炼狱导管,0.499809,0.000141
1020,黎明使者的坚决,1108,自我毁灭,0.479733,0.000186
1347,吵闹鬼,1349,终极唤醒,0.448897,0.000035
1029,虚幻武器,1338,升级：狂妄,0.473868,0.00059
1205,物理转魔法,1375,吞噬灵魂,0.478679,0.000444
1339,激光治疗,1996,升级：耀光,0.414331,0.000003
1045,炼狱导管,1220,连拨击锤,0.454933,0.000121
1318,升级：中娅,1414,卡皮巴拉空投,0.439142,0.000029
1009,霸符兄弟,1322,罪恶快感,0.507182,0.000343
1237,质变：黄金阶,1308,火狐,0.553379,0.000115
1006,利刃华尔兹,2002,虚空裂隙,0.471702,0.000015
1060,海洋龙魂,1321,砍伤,0.500763,0.000143
1305,练腿日,1390,超凡邪恶,0.508786,0.000379
1053,科学狂人,1338,升级：狂妄,0.534687,0.000335
1077,灵魂虹吸,1321,砍伤,0.491683,0.000193
1116,闪现向前,1332,不祥契约,0.467298,0.000021
1066,量子计算,1075,慢炖,0.479968,0.00024
1068,循环往复,1136,扇巴掌,0.510971,0.000931
1023,魔鬼之舞,1388,无限循环往复,0.498167,0.000138
1025,俯冲轰炸,1379,未知符文_1379,0.425904,0.000001
0,无符文,1150,面包和果酱,0.578132,0.016523
1074,缩小射线,1136,扇巴掌,0.458737,0.000218
1067,古式佳酿,2006,飞身踢,0.485588,0.000311
1013,星界躯体,1036,火上浇油,0.458952,0.000245
1027,大地苏醒,1092,易损,0.462441,0.000058
1046,炼狱龙魂,1420,咏叹奏鸣,0.512185,0.000147
1007,大力,1339,激光治疗,0.404407,0.000002
1333,逃跑计划,1373,缩小引擎,0.549815,0.000426
1349,终极唤醒,1402,属性叠属性叠属性！,0.508364,0.000013
1187,闪光弹,1379,未知符文_1379,0.357143,0
1026,唯快不破,2009,狂热者,0.506204,0.000034
1036,火上浇油,1205,物理转魔法,0.459261,0.000366
1020,黎明使者的坚决,1023,魔鬼之舞,0.502679,0.00015
1098,急急小子,1400,最终都市列车,0.507455,0.000068
1015,死亡之环,1133,魔法飞弹,0.462517,0.000345
1070,无休回复,1373,缩小引擎,0.57168,0.000231
1006,利刃华尔兹,1180,超强大脑,0.467581,0.000053
1134,亮出你的剑,1353,坦克引擎,0.56903,0.000212
1067,古式佳酿,1180,超强大脑,0.491583,0.000294
1027,大地苏醒,1418,砸开那颗蛋,0.443429,0.000001
1027,大地苏醒,2003,魄罗之王的弹跳,0.479635,0.000006
1080,会心防御,1134,亮出你的剑,0.633035,0.000225
1029,虚幻武器,1416,海克斯科技龙魂,0.474229,0.000086
1214,旋转至胜,1411,升级：荆棘之甲,0.509951,0.000009
1136,扇巴掌,2006,飞身踢,0.503299,0.001054
1006,利刃华尔兹,1058,秘术冲拳,0.456666,0.000198
12317,潘朵拉的盒子,1335,夺金,0.457213,0
1007,大力,1020,黎明使者的坚决,0.504663,0.000079
1151,面包和奶酪,1375,吞噬灵魂,0.469629,0.000208
1054,物法皆修,1329,史上最大雪球,0.433717,0.000036
1103,面包和黄油,1338,升级：狂妄,0.475385,0.00079
1134,亮出你的剑,1346,吸血习性,0.618713,0.002004
1079,战争交响乐,1108,自我毁灭,0.458417,0.000129
1004,回归基本功,1392,神圣雪球,0.469309,0.000012
1327,坚若磐石,1356,暴击飞弹,0.440719,0.000009
1022,灵巧,1337,尊我为王,0.513792,0.000165
1108,自我毁灭,2004,信念者的强化,0.513859,0.000013
1150,面包和果酱,1329,史上最大雪球,0.455489,0.000112
1321,砍伤,2010,双发快射,0.533472,0.000052
1070,无休回复,12317,潘朵拉的盒子,0.498986,0
1036,火上浇油,1062,全能龙魂,0.488944,0.00015
1149,不动如山,1390,超凡邪恶,0.471948,0.000247
1036,火上浇油,1327,坚若磐石,0.441217,0.000069
1337,尊我为王,1353,坦克引擎,0.509562,0.000435
1070,无休回复,1092,易损,0.519338,0.000184
1020,黎明使者的坚决,1379,未知符文_1379,0.431621,0.000001
1318,升级：中娅,1335,夺金,0.497611,0.0001
1337,尊我为王,1349,终极唤醒,0.467128,0.000101
1341,帽上加帽,1421,舞会女王,0.480191,0.000014
1070,无休回复,1372,小猫咪找妈妈,0.496511,0.000029
1305,练腿日,1344,最终形态,0.503603,0.00036
1002,尖端发明家,1081,踢踏舞,0.457632,0.000265
1308,火狐,1319,升级：献祭,0.506055,0.000085
1134,亮出你的剑,1375,吞噬灵魂,0.526235,0.000026
1237,质变：黄金阶,2001,当心小蛋糕！,0.516661,0.000133
1029,虚幻武器,1314,强力护盾,0.465567,0.000123
1052,闪电打击,2026,杀意翻涌,0.500886,0.000135
1072,炽烈黎明,1331,至高天诺言,0.459245,0.000016
1019,全凭身法,1108,自我毁灭,0.469759,0.000258
1105,家园卫士,1225,双刀流,0.56385,0.000363
1045,炼狱导管,1317,升级：弯刀,0.40127,0.000002
1301,神圣干预,1401,生机迸发,0.491851,0.000081
1030,尤里卡,1390,超凡邪恶,0.530268,0.004558
1013,星界躯体,1042,恶趣味,0.480061,0.001082
1056,由心及物,2018,纯粹主义者 - 术师,0.498444,0.000066
1045,炼狱导管,1237,质变：黄金阶,0.52031,0.000609
1333,逃跑计划,1339,激光治疗,0.488872,0.000028
1072,炽烈黎明,1308,火狐,0.514442,0.000045
1118,会心治疗,1404,属性！,0.520817,0.0001
1052,闪电打击,1141,全心为你,0.456785,0.000015
1108,自我毁灭,2016,注魔,0.465297,0.000013
1070,无休回复,1346,吸血习性,0.532545,0.000793
1051,点亮他们！,1187,闪光弹,0.496882,0.000018
1035,感受燃烧,1324,蛋白粉奶昔,0.484499,0.000065
1324,蛋白粉奶昔,1397,地狱三头犬,0.456302,0.00003
1112,终极不可阻挡,1225,双刀流,0.508133,0.000192
1150,面包和果酱,1414,卡皮巴拉空投,0.432819,0.000022
1057,山脉龙魂,1401,生机迸发,0.474046,0.000048
1353,坦克引擎,1400,最终都市列车,0.496439,0.000621
1057,山脉龙魂,1116,闪现向前,0.457257,0.000021
1002,尖端发明家,1025,俯冲轰炸,0.478248,0.000482
1048,珠光护手,2001,当心小蛋糕！,0.504239,0.000276
1073,暗影疾奔,1134,亮出你的剑,0.649593,0.000297
1045,炼狱导管,1375,吞噬灵魂,0.493845,0.000383
1326,夜狩,1373,缩小引擎,0.472765,0.000373
1027,大地苏醒,1330,活力再生,0.419761,0.000004
1025,俯冲轰炸,1063,狂徒豪气,0.519306,0.000253
1310,小丑学院,1424,???,0.499524,0.000014
1107,接二连三,1211,杀戮时间到了,0.456775,0.000365
1414,卡皮巴拉空投,2002,虚空裂隙,0.457881,0.000019
1138,渴血,1334,升级：雪球,0.493429,0.000541
0,无符文,1314,强力护盾,0.546769,0.006044
1015,死亡之环,1346,吸血习性,0.47905,0.000577
1032,裁决使,1170,万用瞄准镜,0.465225,0.001273
1061,回力OK镖,1397,地狱三头犬,0.456757,0.000047
1415,双生火焰,2006,飞身踢,0.465302,0.000109
1002,尖端发明家,1413,和我一起困在这里,0.453121,0.000028
1320,升级：收集者,1327,坚若磐石,0.428662,0.000016
1084,穿针引线,1103,面包和黄油,0.462254,0.001106
1002,尖端发明家,1308,火狐,0.48337,0.000203
1027,大地苏醒,1392,神圣雪球,0.453422,0.000008
1108,自我毁灭,1321,砍伤,0.472871,0.000199
1390,超凡邪恶,2009,狂热者,0.490637,0.000764
1349,终极唤醒,1375,吞噬灵魂,0.470591,0.000101
1009,霸符兄弟,1095,风语者的祝福,0.530048,0.000061
1195,巨人杀手,1313,作弊：我能回城！,0.536624,0.001442
1029,虚幻武器,1390,超凡邪恶,0.487837,0.000824
1187,闪光弹,1353,坦克引擎,0.477222,0.000181
1154,任务：海牛阿福的勇士,1420,咏叹奏鸣,0.526398,0.000038
1170,万用瞄准镜,1316,刃下生风,0.467281,0.000087
1046,炼狱龙魂,1072,炽烈黎明,0.472338,0.00013
1170,万用瞄准镜,1318,升级：中娅,0.450523,0.000027
1080,会心防御,1379,未知符文_1379,0.451269,0.000002
1034,防护面纱,1384,捐赠,0.520979,0.000126
1076,天音爆,1391,红包,0.520459,0.000069
1095,风语者的祝福,1390,超凡邪恶,0.497309,0.000152
1019,全凭身法,1064,坚韧,0.466988,0.000166
1056,由心及物,1195,巨人杀手,0.564165,0.00126
1086,精准奇才,1088,终极刷新,0.450641,0.000059
1082,残暴之力,1116,闪现向前,0.46161,0.000052
1061,回力OK镖,1149,不动如山,0.482464,0.000076
1080,会心防御,1187,闪光弹,0.487478,0.000037
1002,尖端发明家,1397,地狱三头犬,0.442175,0.00008
1023,魔鬼之舞,1208,轨道镭射,0.474691,0.00002
1007,大力,1194,精怪魔法,0.480906,0.00008
1041,歌利亚巨人,1152,任务：钢化你心,0.549001,0.00563
0,无符文,1400,最终都市列车,0.642085,0.014813
1035,感受燃烧,1107,接二连三,0.461622,0.000072
1006,利刃华尔兹,1322,罪恶快感,0.462425,0.000677
1058,秘术冲拳,1413,和我一起困在这里,0.483517,0.00001
1098,急急小子,1154,任务：海牛阿福的勇士,0.487218,0.000053
1029,虚幻武器,1310,小丑学院,0.537753,0.000495
1206,魔法转物理,1321,砍伤,0.49637,0.000179
1116,闪现向前,1133,魔法飞弹,0.478954,0.000137
1007,大力,1058,秘术冲拳,0.481151,0.000401
1118,会心治疗,1389,男爵之手,0.526837,0.000028
1079,战争交响乐,1194,精怪魔法,0.453992,0.000083
1029,虚幻武器,1337,尊我为王,0.511703,0.00013
1039,冰霜 幽灵,1206,魔法转物理,0.477824,0.000063
1041,歌利亚巨人,1330,活力再生,0.471801,0.000056
1314,强力护盾,1330,活力再生,0.390323,0
1072,炽烈黎明,1346,吸血习性,0.508032,0.000312
1323,残忍,1335,夺金,0.489622,0.000028
1004,回归基本功,1317,升级：弯刀,0.428742,0.000004
1332,不祥契约,1996,升级：耀光,0.484409,0.000051
1323,残忍,1330,活力再生,0.446823,0.000005
1313,作弊：我能回城！,1339,激光治疗,0.47031,0.000055
1023,魔鬼之舞,1086,精准奇才,0.43338,0.000011
1087,台风,1141,全心为你,0.46418,0.000016
1136,扇巴掌,1313,作弊：我能回城！,0.510631,0.001105
1339,激光治疗,2018,纯粹主义者 - 术师,0.469042,0.000006
1063,狂徒豪气,1391,红包,0.565518,0.000172
1054,物法皆修,1073,暗影疾奔,0.448538,0.000125
1081,踢踏舞,1375,吞噬灵魂,0.492724,0.000959
1134,亮出你的剑,1379,未知符文_1379,0.397679,0
1349,终极唤醒,1353,坦克引擎,0.473086,0.000529
1075,慢炖,12317,潘朵拉的盒子,0.532767,0
1405,速度恶魔,1406,祖母的辣椒油,0.552408,0.000689
1116,闪现向前,1328,暴击律动,0.486224,0.000066
1013,星界躯体,1103,面包和黄油,0.466337,0.000602
1198,圣火,1420,咏叹奏鸣,0.526675,0.000262
1418,砸开那颗蛋,2002,虚空裂隙,0.490338,0.000004
1156,任务：沃格勒特的巫师帽,1308,火狐,0.54811,0.000296
1027,大地苏醒,2018,纯粹主义者 - 术师,0.454041,0.000011
1007,大力,2004,信念者的强化,0.440507,0.000001
1133,魔法飞弹,1151,面包和奶酪,0.507897,0.001578
1054,物法皆修,1342,雪球扭蛋机,0.432855,0.000046
1027,大地苏醒,1338,升级：狂妄,0.512011,0.000296
1047,关键暴击,1322,罪恶快感,0.48237,0.000822
1071,更万用的瞄准镜,1356,暴击飞弹,0.533754,0.00078
1037,急救用具,1243,质变：混沌,0.478971,0.000196
1390,超凡邪恶,2001,当心小蛋糕！,0.499909,0.000516
1180,超强大脑,1388,无限循环往复,0.527593,0.000279
1129,神射法师,1214,旋转至胜,0.481205,0.00007
1136,扇巴掌,1187,闪光弹,0.482934,0.000038
1333,逃跑计划,1390,超凡邪恶,0.534244,0.000547
1105,家园卫士,1421,舞会女王,0.519887,0.000016
1315,快中求稳,1358,弹球,0.487932,0.000099
1336,升级：无尽之刃,1341,帽上加帽,0.444189,0.00002
1225,双刀流,1308,火狐,0.510905,0.000042
1060,海洋龙魂,1136,扇巴掌,0.521557,0.000373
1060,海洋龙魂,1327,坚若磐石,0.484924,0.000126
1069,退敌力场,1324,蛋白粉奶昔,0.421437,0.000055
1011,你摸不到,1301,神圣干预,0.444985,0.000072
1180,超强大脑,1330,活力再生,0.447631,0.000007
1150,面包和果酱,1205,物理转魔法,0.4657,0.000655
1098,急急小子,1332,不祥契约,0.485905,0.000087
1214,旋转至胜,1243,质变：混沌,0.50886,0.000111
1337,尊我为王,2001,当心小蛋糕！,0.554856,0.000025
1118,会心治疗,1391,红包,0.538495,0.000417
1052,闪电打击,1361,任务：艾卡西亚的陷落,0.487564,0.000022
1019,全凭身法,1389,男爵之手,0.522368,0.000007
1108,自我毁灭,1424,???,0.467198,0.000023
1009,霸符兄弟,1314,强力护盾,0.484713,0.000038
1313,作弊：我能回城！,1409,魄罗爆破手,0.501358,0.000308
1073,暗影疾奔,1156,任务：沃格勒特的巫师帽,0.549333,0.000242
1063,狂徒豪气,1085,折磨者,0.467704,0.000043
1070,无休回复,1424,???,0.464843,0.000009
1050,基石法师,1403,属性叠属性！,0.523218,0.000067
1006,利刃华尔兹,1098,急急小子,0.449608,0.000091
1028,侵蚀,1400,最终都市列车,0.520705,0.000091
1073,暗影疾奔,1112,终极不可阻挡,0.484772,0.00021
1004,回归基本功,1061,回力OK镖,0.53164,0.000065
1315,快中求稳,2016,注魔,0.499613,0.000012
1018,巨像的勇气,1118,会心治疗,0.453395,0.00038
1151,面包和奶酪,1421,舞会女王,0.481019,0.000028
1342,雪球扭蛋机,2002,虚空裂隙,0.501238,0.000089
1310,小丑学院,1335,夺金,0.525493,0.000061
1195,巨人杀手,1390,超凡邪恶,0.544652,0.00221
1047,关键暴击,1116,闪现向前,0.461097,0.000047
1048,珠光护手,1349,终极唤醒,0.470795,0.00036
1004,回归基本功,1030,尤里卡,0.525686,0.000256
1053,科学狂人,1076,天音爆,0.497247,0.000029
1074,缩小射线,1404,属性！,0.502086,0.000043
1002,尖端发明家,1332,不祥契约,0.44874,0.000146
1019,全凭身法,1342,雪球扭蛋机,0.473308,0.00016
1075,慢炖,1334,升级：雪球,0.478626,0.000241
1053,科学狂人,1358,弹球,0.488169,0.000042
1046,炼狱龙魂,1325,玻璃大炮,0.444269,0.000353
1072,炽烈黎明,1107,接二连三,0.43994,0.000063
1237,质变：黄金阶,1418,砸开那颗蛋,0.501679,0.000003
1170,万用瞄准镜,2018,纯粹主义者 - 术师,0.393898,0.000024
1337,尊我为王,1384,捐赠,0.553396,0.000073
1187,闪光弹,1335,夺金,0.451593,0.00001
1333,逃跑计划,1392,神圣雪球,0.491398,0.000078
1052,闪电打击,1152,任务：钢化你心,0.464077,0.000435
1007,大力,2010,双发快射,0.515991,0.000127
1180,超强大脑,1424,???,0.466252,0.000011
1027,大地苏醒,1358,弹球,0.455264,0.000027
1075,慢炖,1107,接二连三,0.452038,0.00008
1181,重量级打击手,2006,飞身踢,0.519286,0.001013
1026,唯快不破,1405,速度恶魔,0.538846,0.000123
1411,升级：荆棘之甲,2005,扳机炼狱,0.476174,0.00002
1086,精准奇才,1397,地狱三头犬,0.445537,0.00005
1032,裁决使,1411,升级：荆棘之甲,0.512092,0.000112
1015,死亡之环,1097,巫师式思考,0.461543,0.000263
1095,风语者的祝福,1204,叠角龙,0.470439,0.000007
1344,最终形态,2026,杀意翻涌,0.490395,0.000172
1019,全凭身法,1118,会心治疗,0.475128,0.000315
1071,更万用的瞄准镜,1082,残暴之力,0.487591,0.000894
1066,量子计算,1384,捐赠,0.51589,0.000115
1026,唯快不破,1420,咏叹奏鸣,0.558225,0.000042
1082,残暴之力,1345,心灵净化,0.459715,0.000609
1038,有始有终,1308,火狐,0.548115,0.000498
1041,歌利亚巨人,1214,旋转至胜,0.504462,0.000239
1321,砍伤,2008,负重爆气,0.475325,0.000086
1020,黎明使者的坚决,1181,重量级打击手,0.52003,0.000569
1314,强力护盾,1390,超凡邪恶,0.468963,0.000134
1056,由心及物,1079,战争交响乐,0.468842,0.00008
1050,基石法师,1195,巨人杀手,0.53952,0.000771
1107,接二连三,1390,超凡邪恶,0.463748,0.00019
1025,俯冲轰炸,1424,???,0.477034,0.000023
1004,回归基本功,1320,升级：收集者,0.504964,0.000364
1092,易损,1204,叠角龙,0.552895,0.000045
1152,任务：钢化你心,1316,刃下生风,0.434759,0.000088
1335,夺金,1337,尊我为王,0.517938,0.000025
1058,秘术冲拳,1421,舞会女王,0.514852,0.00002
1034,防护面纱,1321,砍伤,0.467438,0.000056
1310,小丑学院,1330,活力再生,0.50008,0.000041
1073,暗影疾奔,1342,雪球扭蛋机,0.504438,0.000252
1311,溢流,1313,作弊：我能回城！,0.501517,0.000749
1063,狂徒豪气,1345,心灵净化,0.483573,0.000352
1108,自我毁灭,1406,祖母的辣椒油,0.510511,0.000266
1087,台风,1098,急急小子,0.442764,0.000097
1149,不动如山,1243,质变：混沌,0.469911,0.00026
1098,急急小子,2005,扳机炼狱,0.457136,0.000019
1087,台风,1214,旋转至胜,0.459388,0.000037
1073,暗影疾奔,1326,夜狩,0.485819,0.001341
1068,循环往复,2001,当心小蛋糕！,0.497153,0.000217
1039,冰霜 幽灵,1347,吵闹鬼,0.444216,0.000022
1023,魔鬼之舞,1996,升级：耀光,0.518486,0.000166
1027,大地苏醒,1048,珠光护手,0.479268,0.000143
1103,面包和黄油,2004,信念者的强化,0.455476,0.000017
1250,一板一眼,1323,残忍,0.401992,0.000009
1329,史上最大雪球,1401,生机迸发,0.608696,0
1053,科学狂人,1133,魔法飞弹,0.526866,0.000453
1063,狂徒豪气,2010,双发快射,0.544752,0.000064
1027,大地苏醒,1046,炼狱龙魂,0.474923,0.000131
1069,退敌力场,1072,炽烈黎明,0.452467,0.00003
1025,俯冲轰炸,1375,吞噬灵魂,0.488214,0.000316
1095,风语者的祝福,1301,神圣干预,0.532978,0.000108
1331,至高天诺言,1347,吵闹鬼,0.4,0
1301,神圣干预,1327,坚若磐石,0.460557,0.000136
1042,恶趣味,1320,升级：收集者,0.451061,0.000022
1335,夺金,1389,男爵之手,0.552633,0.000006
1028,侵蚀,1079,战争交响乐,0.479777,0.000177
1141,全心为你,1413,和我一起困在这里,0.452139,0.000002
1050,基石法师,1136,扇巴掌,0.497445,0.00035
1050,基石法师,1413,和我一起困在这里,0.452733,0.000006
1194,精怪魔法,1348,闪闪现现,0.439402,0.000018
1097,巫师式思考,1108,自我毁灭,0.462301,0.000169
1073,暗影疾奔,1335,夺金,0.519298,0.000098
1327,坚若磐石,2006,飞身踢,0.47148,0.000161
1375,吞噬灵魂,1384,捐赠,0.50126,0.000366
1336,升级：无尽之刃,1400,最终都市列车,0.535414,0.000205
1180,超强大脑,1208,轨道镭射,0.481895,0.000032
1337,尊我为王,1406,祖母的辣椒油,0.558803,0.000064
1319,升级：献祭,1414,卡皮巴拉空投,0.436876,0.000034
1047,关键暴击,1331,至高天诺言,0.4394,0.000009
1074,缩小射线,1329,史上最大雪球,0.435848,0.000092
1071,更万用的瞄准镜,1087,台风,0.499045,0.002332
1305,练腿日,1348,闪闪现现,0.462228,0.000025
1074,缩小射线,1375,吞噬灵魂,0.446314,0.000103
1060,海洋龙魂,1198,圣火,0.490187,0.000137
1330,活力再生,1421,舞会女王,0.377399,0
1103,面包和黄油,1331,至高天诺言,0.452051,0.000038
0,无符文,1032,裁决使,0.606424,0.092908
1027,大地苏醒,1067,古式佳酿,0.517176,0.000151
1026,唯快不破,1133,魔法飞弹,0.524531,0.000276
1411,升级：荆棘之甲,2026,杀意翻涌,0.533116,0.000012
1072,炽烈黎明,1342,雪球扭蛋机,0.47473,0.000041
1151,面包和奶酪,1187,闪光弹,0.468784,0.000069
1402,属性叠属性叠属性！,2006,飞身踢,0.501847,0.000027
1082,残暴之力,1996,升级：耀光,0.49408,0.000261
1081,踢踏舞,1208,轨道镭射,0.452811,0.000059
1134,亮出你的剑,1339,激光治疗,0.401255,0.000001
1118,会心治疗,1331,至高天诺言,0.473876,0.000165
1028,侵蚀,1392,神圣雪球,0.458661,0.000039
1086,精准奇才,1335,夺金,0.487712,0.000026
1070,无休回复,2008,负重爆气,0.502007,0.000117
1019,全凭身法,1029,虚幻武器,0.483367,0.00041
1062,全能龙魂,1373,缩小引擎,0.539107,0.000122
1053,科学狂人,2018,纯粹主义者 - 术师,0.498395,0.000028
1039,冰霜 幽灵,1335,夺金,0.462104,0.00005
1057,山脉龙魂,1418,砸开那颗蛋,0.480906,0.000001
1154,任务：海牛阿福的勇士,1406,祖母的辣椒油,0.496435,0.000058
1020,黎明使者的坚决,1328,暴击律动,0.494988,0.000071
0,无符文,1097,巫师式思考,0.577697,0.031037
1208,轨道镭射,1301,神圣干预,0.456622,0.000031
1011,你摸不到,1068,循环往复,0.471395,0.000203
1084,穿针引线,1996,升级：耀光,0.490621,0.00048
1409,魄罗爆破手,2007,你肩上的恶魔,0.43398,0.000064
1019,全凭身法,1037,急救用具,0.486093,0.000111
1032,裁决使,1373,缩小引擎,0.494661,0.00168
1032,裁决使,1316,刃下生风,0.481587,0.001274
1023,魔鬼之舞,1373,缩小引擎,0.511887,0.000147
1062,全能龙魂,1409,魄罗爆破手,0.512708,0.000105
1085,折磨者,2003,魄罗之王的弹跳,0.477697,0.000017
1060,海洋龙魂,1075,慢炖,0.533017,0.000467
1194,精怪魔法,1206,魔法转物理,0.470635,0.000115
1138,渴血,2009,狂热者,0.523028,0.000467
1032,裁决使,1334,升级：雪球,0.484508,0.001064
1011,你摸不到,1373,缩小引擎,0.482422,0.000086
1038,有始有终,1086,精准奇才,0.497454,0.000244
1134,亮出你的剑,1323,残忍,0.474578,0.000004
1023,魔鬼之舞,1389,男爵之手,0.524374,0.000007
1053,科学狂人,2003,魄罗之王的弹跳,0.512599,0.000013
1322,罪恶快感,2016,注魔,0.459604,0.000039
1088,终极刷新,1996,升级：耀光,0.462496,0.000057
1009,霸符兄弟,1318,升级：中娅,0.496942,0.000135
1104,仆从大师,1118,会心治疗,0.451515,0.000033
1051,点亮他们！,1400,最终都市列车,0.499429,0.000069
1025,俯冲轰炸,1384,捐赠,0.538279,0.00032
1087,台风,1340,升级：米凯尔的祝福,0.48391,0.000007
1116,闪现向前,1344,最终形态,0.48239,0.000089
1015,死亡之环,12317,潘朵拉的盒子,0.495161,0
1206,魔法转物理,2005,扳机炼狱,0.462787,0.000123
1029,虚幻武器,1060,海洋龙魂,0.496631,0.000397
1107,接二连三,1416,海克斯科技龙魂,0.45774,0.000069
1048,珠光护手,2007,你肩上的恶魔,0.446073,0.000065
1077,灵魂虹吸,1316,刃下生风,0.485362,0.000172
1028,侵蚀,1390,超凡邪恶,0.515611,0.000405
1034,防护面纱,1414,卡皮巴拉空投,0.441626,0.000014
1002,尖端发明家,1074,缩小射线,0.435397,0.000216
1116,闪现向前,1338,升级：狂妄,0.470974,0.000138
1007,大力,1204,叠角龙,0.54763,0.00001
1103,面包和黄油,1154,任务：海牛阿福的勇士,0.469926,0.000134
1062,全能龙魂,1195,巨人杀手,0.552253,0.000323
1329,史上最大雪球,2018,纯粹主义者 - 术师,0.464268,0.000049
1054,物法皆修,1347,吵闹鬼,0.4427,0.000034
1072,炽烈黎明,1154,任务：海牛阿福的勇士,0.46462,0.000023
1048,珠光护手,12317,潘朵拉的盒子,0.519075,0.000001
1042,恶趣味,1087,台风,0.459305,0.000017
1028,侵蚀,1060,海洋龙魂,0.518575,0.000161
1204,叠角龙,1333,逃跑计划,0.557111,0.000025
1333,逃跑计划,1375,吞噬灵魂,0.510311,0.000215
1401,生机迸发,1406,祖母的辣椒油,0.517168,0.000159
1047,关键暴击,1372,小猫咪找妈妈,0.461203,0.000012
1045,炼狱导管,1072,炽烈黎明,0.515174,0.000298
1030,尤里卡,1050,基石法师,0.512064,0.001465
1156,任务：沃格勒特的巫师帽,1336,升级：无尽之刃,0.43078,0.000011
1413,和我一起困在这里,1420,咏叹奏鸣,0.494679,0.000035
1068,循环往复,1204,叠角龙,0.548522,0.000058
1009,霸符兄弟,1088,终极刷新,0.474368,0.000127
1046,炼狱龙魂,1105,家园卫士,0.511484,0.000309
1317,升级：弯刀,1345,心灵净化,0.409601,0.000016
1141,全心为你,1319,升级：献祭,0.455288,0.000015
1104,仆从大师,1220,连拨击锤,0.441442,0.000007
1220,连拨击锤,1336,升级：无尽之刃,0.475068,0.000802
1041,歌利亚巨人,1361,任务：艾卡西亚的陷落,0.575592,0.000334
1038,有始有终,1330,活力再生,0.489449,0.000119
1057,山脉龙魂,1064,坚韧,0.462354,0.000698
1311,溢流,1341,帽上加帽,0.4891,0.0009
1038,有始有终,1180,超强大脑,0.533661,0.000521
1053,科学狂人,1250,一板一眼,0.523632,0.000222
1058,秘术冲拳,1424,???,0.442719,0.000007
1326,夜狩,2002,虚空裂隙,0.462679,0.000039
1317,升级：弯刀,1338,升级：狂妄,0.426332,0.000035
1250,一板一眼,1375,吞噬灵魂,0.441346,0.000081
1198,圣火,1243,质变：混沌,0.46969,0.000134
1404,属性！,2009,狂热者,0.533448,0.000044
1075,慢炖,1243,质变：混沌,0.503277,0.000312
1115,最万用的瞄准镜,2001,当心小蛋糕！,0.508175,0.000074
1045,炼狱导管,1064,坚韧,0.483866,0.000479
1198,圣火,1225,双刀流,0.486581,0.000035
1214,旋转至胜,2026,杀意翻涌,0.495702,0.000029
1320,升级：收集者,1353,坦克引擎,0.475734,0.000458
1337,尊我为王,2007,你肩上的恶魔,0.472057,0.000007
1112,终极不可阻挡,1156,任务：沃格勒特的巫师帽,0.473052,0.000155
1315,快中求稳,1405,速度恶魔,0.51149,0.000115
1225,双刀流,1411,升级：荆棘之甲,0.504993,0.000008
1337,尊我为王,1389,男爵之手,0.551384,0.000003
1026,唯快不破,1316,刃下生风,0.510032,0.000105
1082,残暴之力,1424,???,0.441961,0.000014
1050,基石法师,1070,无休回复,0.512985,0.000136
1051,点亮他们！,1405,速度恶魔,0.480881,0.000092
1308,火狐,1375,吞噬灵魂,0.506768,0.000224
1062,全能龙魂,1333,逃跑计划,0.553918,0.00019
1051,点亮他们！,1204,叠角龙,0.540937,0.000006
1103,面包和黄油,1205,物理转魔法,0.474517,0.001072
2004,信念者的强化,2008,负重爆气,0.478719,0.000041
1077,灵魂虹吸,1105,家园卫士,0.521482,0.00022
1187,闪光弹,1388,无限循环往复,0.475918,0.000001
1138,渴血,1322,罪恶快感,0.503758,0.002762
1011,你摸不到,1345,心灵净化,0.446838,0.000232
1308,火狐,1388,无限循环往复,0.541893,0.000342
1077,灵魂虹吸,1225,双刀流,0.563778,0.001304
1104,仆从大师,1141,全心为你,0.456948,0.000006
1087,台风,1373,缩小引擎,0.476643,0.000387
1088,终极刷新,1411,升级：荆棘之甲,0.488842,0.00002
1211,杀戮时间到了,2007,你肩上的恶魔,0.421676,0.000049
1347,吵闹鬼,2008,负重爆气,0.465754,0.000026
1092,易损,1400,最终都市列车,0.519148,0.000191
1151,面包和奶酪,1328,暴击律动,0.46796,0.000212
1056,由心及物,1315,快中求稳,0.534761,0.000129
1030,尤里卡,2001,当心小蛋糕！,0.522496,0.000208
1118,会心治疗,1341,帽上加帽,0.448491,0.000242
1020,黎明使者的坚决,1339,激光治疗,0.453479,0.000019
1250,一板一眼,1420,咏叹奏鸣,0.492457,0.000105
1013,星界躯体,1054,物法皆修,0.439109,0.000125
1324,蛋白粉奶昔,1414,卡皮巴拉空投,0.422929,0.000009
1356,暴击飞弹,1403,属性叠属性！,0.543444,0.000102
1076,天音爆,1373,缩小引擎,0.538023,0.000084
1225,双刀流,1317,升级：弯刀,0.458496,0.000007
1311,溢流,1384,捐赠,0.525828,0.000452
0,无符文,1098,急急小子,0.587279,0.00938
1057,山脉龙魂,1416,海克斯科技龙魂,0.469808,0.000021
1064,坚韧,1075,慢炖,0.507161,0.002087
1400,最终都市列车,1420,咏叹奏鸣,0.545203,0.000267
1064,坚韧,1072,炽烈黎明,0.469796,0.000123
1077,灵魂虹吸,1421,舞会女王,0.49152,0.00002
1011,你摸不到,1198,圣火,0.430772,0.000026
1023,魔鬼之舞,1129,神射法师,0.500414,0.000108
1066,量子计算,1081,踢踏舞,0.453583,0.000105
1041,歌利亚巨人,1384,捐赠,0.521025,0.000628
1112,终极不可阻挡,1314,强力护盾,0.440771,0.000047
1151,面包和奶酪,1321,砍伤,0.465217,0.000142
1356,暴击飞弹,1413,和我一起困在这里,0.433523,0.000002
1134,亮出你的剑,1205,物理转魔法,0.45624,0.000051
1118,会心治疗,1154,任务：海牛阿福的勇士,0.49043,0.000119
1076,天音爆,1082,残暴之力,0.436467,0.000006
1054,物法皆修,1424,???,0.414596,0.000003
1353,坦克引擎,1405,速度恶魔,0.487114,0.00078
1056,由心及物,1331,至高天诺言,0.484679,0.00007
1413,和我一起困在这里,1421,舞会女王,0.50124,0.000006
1061,回力OK镖,1180,超强大脑,0.516396,0.000078
1116,闪现向前,2016,注魔,0.464516,0.000008
1042,恶趣味,1150,面包和果酱,0.479638,0.000182
1129,神射法师,1208,轨道镭射,0.453645,0.000038
1409,魄罗爆破手,1421,舞会女王,0.487359,0.00006
1011,你摸不到,1113,老练狙神,0.444995,0.00009
1060,海洋龙魂,1133,魔法飞弹,0.520711,0.001046
1095,风语者的祝福,1340,升级：米凯尔的祝福,0.612695,0.000083
1337,尊我为王,1391,红包,0.584875,0.000089
1151,面包和奶酪,2001,当心小蛋糕！,0.481664,0.000104
1097,巫师式思考,1104,仆从大师,0.51728,0.00013
1023,魔鬼之舞,1054,物法皆修,0.479811,0.000114
1170,万用瞄准镜,1211,杀戮时间到了,0.455119,0.000274
1052,闪电打击,1069,退敌力场,0.469032,0.00014
1026,唯快不破,1332,不祥契约,0.516206,0.000088
1041,歌利亚巨人,2004,信念者的强化,0.444305,0.000005
1320,升级：收集者,1338,升级：狂妄,0.474493,0.002299
1225,双刀流,1372,小猫咪找妈妈,0.470937,0.000008
1092,易损,1372,小猫咪找妈妈,0.456596,0.00001
1038,有始有终,2003,魄罗之王的弹跳,0.486302,0.000058
1136,扇巴掌,2004,信念者的强化,0.483763,0.000048
1349,终极唤醒,2026,杀意翻涌,0.46231,0.000044
1048,珠光护手,1194,精怪魔法,0.467436,0.000272
1323,残忍,1405,速度恶魔,0.492262,0.00014
1029,虚幻武器,1061,回力OK镖,0.484757,0.000135
1156,任务：沃格勒特的巫师帽,2026,杀意翻涌,0.505589,0.000047
1319,升级：献祭,2026,杀意翻涌,0.499075,0.000041
1063,狂徒豪气,2009,狂热者,0.510732,0.000049
1313,作弊：我能回城！,2026,杀意翻涌,0.471359,0.00009
1070,无休回复,1322,罪恶快感,0.52171,0.000375
1018,巨像的勇气,2018,纯粹主义者 - 术师,0.450593,0.000013
1044,冰寒,1116,闪现向前,0.482958,0.00006
1315,快中求稳,1397,地狱三头犬,0.502973,0.000107
1346,吸血习性,1418,砸开那颗蛋,0.47126,0.000007
1063,狂徒豪气,2002,虚空裂隙,0.508753,0.000024
1007,大力,1340,升级：米凯尔的祝福,0.461781,0.000002
1087,台风,1403,属性叠属性！,0.519725,0.000093
1097,巫师式思考,1134,亮出你的剑,0.516918,0.000031
1023,魔鬼之舞,1237,质变：黄金阶,0.509286,0.000208
1154,任务：海牛阿福的勇士,1336,升级：无尽之刃,0.522111,0.000105
1069,退敌力场,1118,会心治疗,0.438397,0.000113
1347,吵闹鬼,2018,纯粹主义者 - 术师,0.444867,0.000005
1038,有始有终,1060,海洋龙魂,0.529401,0.000528
1310,小丑学院,1400,最终都市列车,0.579499,0.004533
1015,死亡之环,1424,???,0.455573,0.000005
1032,裁决使,1341,帽上加帽,0.481849,0.002149
1071,更万用的瞄准镜,1308,火狐,0.490398,0.00008
1030,尤里卡,1346,吸血习性,0.540979,0.003314
1181,重量级打击手,1334,升级：雪球,0.485274,0.000364
1039,冰霜 幽灵,1063,狂徒豪气,0.485437,0.000092
1316,刃下生风,1341,帽上加帽,0.464288,0.000047
1107,接二连三,1108,自我毁灭,0.4496,0.000117
1187,闪光弹,1389,男爵之手,0.539474,0
1208,轨道镭射,1337,尊我为王,0.442848,0.000062
1211,杀戮时间到了,2006,飞身踢,0.452442,0.000159
1039,冰霜 幽灵,1386,转得我眩晕了,0.439966,0.000001
1321,砍伤,1373,缩小引擎,0.490481,0.000129
12317,潘朵拉的盒子,1379,未知符文_1379,0.52381,0
1341,帽上加帽,1348,闪闪现现,0.453169,0.000036
1041,歌利亚巨人,1079,战争交响乐,0.491402,0.000318
1079,战争交响乐,1082,残暴之力,0.459512,0.000427
1095,风语者的祝福,2001,当心小蛋糕！,0.50624,0.00002
1026,唯快不破,1358,弹球,0.476702,0.00003
1025,俯冲轰炸,1149,不动如山,0.480924,0.000288
1205,物理转魔法,1238,质变：棱彩阶,0.504655,0.002235
1082,残暴之力,1319,升级：献祭,0.480063,0.000067
1104,仆从大师,2024,由暴生急,0.444893,0.000002
1060,海洋龙魂,1338,升级：狂妄,0.506726,0.000286
1013,星界躯体,1420,咏叹奏鸣,0.507123,0.000423
1220,连拨击锤,1321,砍伤,0.476257,0.000074
1050,基石法师,1214,旋转至胜,0.522516,0.000018
1041,歌利亚巨人,1056,由心及物,0.493642,0.001065
1208,轨道镭射,12317,潘朵拉的盒子,0.5,0
1138,渴血,2024,由暴生急,0.487184,0.000187
1081,踢踏舞,1150,面包和果酱,0.460415,0.000172
1118,会心治疗,1390,超凡邪恶,0.466639,0.000689
1004,回归基本功,1077,灵魂虹吸,0.530866,0.000246
1338,升级：狂妄,1349,终极唤醒,0.479395,0.000349
1060,海洋龙魂,1358,弹球,0.481514,0.000087
1072,炽烈黎明,1141,全心为你,0.46237,0.000057
1068,循环往复,1409,魄罗爆破手,0.503771,0.000496
1198,圣火,2005,扳机炼狱,0.433558,0.000009
1027,大地苏醒,1060,海洋龙魂,0.49115,0.000052
1086,精准奇才,1311,溢流,0.465612,0.000202
1086,精准奇才,1331,至高天诺言,0.459956,0.000005
1013,星界躯体,1411,升级：荆棘之甲,0.537816,0.000418
1077,灵魂虹吸,1317,升级：弯刀,0.420456,0.000011
1015,死亡之环,2024,由暴生急,0.430373,0.000007
1105,家园卫士,2026,杀意翻涌,0.507172,0.000035
1346,吸血习性,1416,海克斯科技龙魂,0.504281,0.00036
1054,物法皆修,1085,折磨者,0.419699,0.000022
1133,魔法飞弹,1214,旋转至胜,0.532613,0.000122
1002,尖端发明家,1341,帽上加帽,0.453201,0.000361
1019,全凭身法,1346,吸血习性,0.51774,0.002083
1340,升级：米凯尔的祝福,1403,属性叠属性！,0.535437,0.000007
1026,唯快不破,1321,砍伤,0.488832,0.000046
1002,尖端发明家,1315,快中求稳,0.480557,0.000283
1301,神圣干预,1336,升级：无尽之刃,0.46526,0.000128
1138,渴血,2016,注魔,0.485898,0.00005
1026,唯快不破,1330,活力再生,0.485702,0.000027
1081,踢踏舞,1205,物理转魔法,0.450383,0.000224
1225,双刀流,1318,升级：中娅,0.477761,0.000027
1071,更万用的瞄准镜,1379,未知符文_1379,0.468281,0.000008
1073,暗影疾奔,1340,升级：米凯尔的祝福,0.484046,0.000003
1243,质变：混沌,1406,祖母的辣椒油,0.556924,0.000224
0,无符文,1072,炽烈黎明,0.593069,0.005146
1056,由心及物,1088,终极刷新,0.468127,0.0002
1074,缩小射线,1340,升级：米凯尔的祝福,0.477699,0.000016
1026,唯快不破,1411,升级：荆棘之甲,0.515438,0.000004
1170,万用瞄准镜,1250,一板一眼,0.44126,0.000524
1187,闪光弹,1208,轨道镭射,0.447427,0.000014
1037,急救用具,1411,升级：荆棘之甲,0.510977,0.000038
1181,重量级打击手,1206,魔法转物理,0.503267,0.000278
1340,升级：米凯尔的祝福,1424,???,0.544081,0.000002
1319,升级：献祭,1333,逃跑计划,0.530839,0.000233
1113,老练狙神,1141,全心为你,0.458155,0.000095
1068,循环往复,1418,砸开那颗蛋,0.509047,0.000008
1013,星界躯体,1063,狂徒豪气,0.482445,0.000259
1405,速度恶魔,1414,卡皮巴拉空投,0.44554,0.000041
1195,巨人杀手,1416,海克斯科技龙魂,0.524072,0.000276
1225,双刀流,1358,弹球,0.470724,0.000059
1358,弹球,1397,地狱三头犬,0.43476,0.000024
1104,仆从大师,1211,杀戮时间到了,0.496276,0.000082
1007,大力,1324,蛋白粉奶昔,0.463211,0.000078
1154,任务：海牛阿福的勇士,2006,飞身踢,0.484101,0.000022
1063,狂徒豪气,1225,双刀流,0.579417,0.000367
1152,任务：钢化你心,1205,物理转魔法,0.471402,0.000925
1047,关键暴击,1337,尊我为王,0.49807,0.000084
1037,急救用具,1391,红包,0.526515,0.000163
1103,面包和黄油,1311,溢流,0.481503,0.000758
1358,弹球,1420,咏叹奏鸣,0.503861,0.000116
1030,尤里卡,1225,双刀流,0.47112,0.000084
1002,尖端发明家,1067,古式佳酿,0.477792,0.000679
1138,渴血,1149,不动如山,0.463027,0.000136
1194,精怪魔法,2006,飞身踢,0.455739,0.000026
1079,战争交响乐,1361,任务：艾卡西亚的陷落,0.505674,0.000014
1066,量子计算,1409,魄罗爆破手,0.488836,0.000129
1061,回力OK镖,1404,属性！,0.546678,0.000027
1058,秘术冲拳,1085,折磨者,0.443338,0.000052
1339,激光治疗,1397,地狱三头犬,0.406859,0.000005
1346,吸血习性,1996,升级：耀光,0.530934,0.00126
1023,魔鬼之舞,1115,最万用的瞄准镜,0.505135,0.000191
1198,圣火,1400,最终都市列车,0.475236,0.000042
1324,蛋白粉奶昔,2016,注魔,0.451409,0.000015
1034,防护面纱,1092,易损,0.495805,0.000188
1141,全心为你,1346,吸血习性,0.447792,0.000048
1345,心灵净化,2026,杀意翻涌,0.455864,0.00014
1071,更万用的瞄准镜,2001,当心小蛋糕！,0.517332,0.000291
1004,回归基本功,1087,台风,0.476839,0.000174
1032,裁决使,1313,作弊：我能回城！,0.48745,0.002119
1025,俯冲轰炸,1052,闪电打击,0.495198,0.000253
1205,物理转魔法,1316,刃下生风,0.464661,0.000076
1087,台风,1310,小丑学院,0.50792,0.000192
1112,终极不可阻挡,1415,双生火焰,0.455587,0.000044
1029,虚幻武器,1066,量子计算,0.465042,0.000211
1011,你摸不到,1238,质变：棱彩阶,0.478339,0.000343
1076,天音爆,2010,双发快射,0.482667,0.000008
1134,亮出你的剑,1414,卡皮巴拉空投,0.499061,0.000006
1214,旋转至胜,1301,神圣干预,0.475515,0.000046
1411,升级：荆棘之甲,2001,当心小蛋糕！,0.530702,0.000052
0,无符文,1103,面包和黄油,0.588744,0.02744
1103,面包和黄油,1402,属性叠属性叠属性！,0.490317,0.000056
1318,升级：中娅,1415,双生火焰,0.478924,0.000158
1319,升级：献祭,1337,尊我为王,0.535879,0.000083
1206,魔法转物理,1406,祖母的辣椒油,0.438697,0.000061
1151,面包和奶酪,1337,尊我为王,0.504667,0.000099
1056,由心及物,1424,???,0.483017,0.000026
1018,巨像的勇气,1046,炼狱龙魂,0.450437,0.000068
1023,魔鬼之舞,1072,炽烈黎明,0.466169,0.000028
1133,魔法飞弹,1323,残忍,0.4921,0.000917
1211,杀戮时间到了,1996,升级：耀光,0.478488,0.000132
1375,吞噬灵魂,1415,双生火焰,0.47156,0.000101
1022,灵巧,1037,急救用具,0.489017,0.000103
1002,尖端发明家,1105,家园卫士,0.487953,0.00018
1325,玻璃大炮,2010,双发快射,0.440237,0.00004
1071,更万用的瞄准镜,1323,残忍,0.45438,0.000066
1023,魔鬼之舞,1424,???,0.450863,0.000007
1038,有始有终,1346,吸血习性,0.555446,0.002603
1397,地狱三头犬,1402,属性叠属性叠属性！,0.524065,0.000013
1077,灵魂虹吸,1413,和我一起困在这里,0.464387,0.000012
1321,砍伤,2018,纯粹主义者 - 术师,0.422267,0.000022
1073,暗影疾奔,1334,升级：雪球,0.515257,0.000353
1070,无休回复,1401,生机迸发,0.493965,0.000049
1029,虚幻武器,1372,小猫咪找妈妈,0.450496,0.000015
1067,古式佳酿,1301,神圣干预,0.475373,0.000258
1062,全能龙魂,1301,神圣干预,0.48722,0.000086
1018,巨像的勇气,1327,坚若磐石,0.46479,0.000505
1051,点亮他们！,1418,砸开那颗蛋,0.463484,0.000001
1036,火上浇油,1318,升级：中娅,0.459331,0.000126
1250,一板一眼,2004,信念者的强化,0.385915,0.000001
1149,不动如山,1250,一板一眼,0.429572,0.000043
1064,坚韧,1112,终极不可阻挡,0.4454,0.000212
1053,科学狂人,1323,残忍,0.517238,0.00008
1356,暴击飞弹,1372,小猫咪找妈妈,0.468149,0.000004
1204,叠角龙,1317,升级：弯刀,0.346154,0
1319,升级：献祭,1416,海克斯科技龙魂,0.487902,0.000035
1066,量子计算,1150,面包和果酱,0.462611,0.000137
1039,冰霜 幽灵,1420,咏叹奏鸣,0.575737,0.00085
1243,质变：混沌,1384,捐赠,0.557314,0.000203
1027,大地苏醒,1118,会心治疗,0.503628,0.000111
1105,家园卫士,1325,玻璃大炮,0.489201,0.00013
1030,尤里卡,1322,罪恶快感,0.497022,0.000298
1086,精准奇才,1415,双生火焰,0.464803,0.000117
1314,强力护盾,1329,史上最大雪球,0.455022,0.000075
1333,逃跑计划,1415,双生火焰,0.517645,0.000101
1305,练腿日,1319,升级：献祭,0.50599,0.00016
1206,魔法转物理,1324,蛋白粉奶昔,0.458056,0.000092
1301,神圣干预,1310,小丑学院,0.520106,0.000343
1237,质变：黄金阶,1400,最终都市列车,0.542338,0.000126
1205,物理转魔法,1348,闪闪现现,0.452798,0.000053
1027,大地苏醒,1214,旋转至胜,0.518157,0.000047
1073,暗影疾奔,1424,???,0.469437,0.000014
1042,恶趣味,1375,吞噬灵魂,0.486194,0.000675
1067,古式佳酿,1334,升级：雪球,0.482793,0.000231
1044,冰寒,1391,红包,0.55097,0.000562
0,无符文,1391,红包,0.694394,0.028148
1311,溢流,1389,男爵之手,0.544102,0.000034
1149,不动如山,2008,负重爆气,0.465661,0.00009
0,无符文,1375,吞噬灵魂,0.613881,0.024527
1225,双刀流,1392,神圣雪球,0.471414,0.00002
1039,冰霜 幽灵,1133,魔法飞弹,0.46194,0.000257
1118,会心治疗,2010,双发快射,0.523088,0.000303
1051,点亮他们！,1243,质变：混沌,0.497882,0.000261
1052,闪电打击,1413,和我一起困在这里,0.472988,0.000014
1026,唯快不破,1335,夺金,0.51681,0.00004
1334,升级：雪球,1344,最终形态,0.49058,0.000302
1397,地狱三头犬,1401,生机迸发,0.474731,0.000032
1079,战争交响乐,1397,地狱三头犬,0.467585,0.000247
1011,你摸不到,1066,量子计算,0.46259,0.000098
1006,利刃华尔兹,1138,渴血,0.476141,0.000799
1037,急救用具,1151,面包和奶酪,0.482805,0.000234
1326,夜狩,2005,扳机炼狱,0.429378,0.00012
1018,巨像的勇气,1379,未知符文_1379,0.427184,0
1048,珠光护手,1372,小猫咪找妈妈,0.455877,0.000016
1305,练腿日,1337,尊我为王,0.508384,0.000086
1064,坚韧,1134,亮出你的剑,0.555674,0.000049
1107,接二连三,1333,逃跑计划,0.538553,0.000563
1063,狂徒豪气,1133,魔法飞弹,0.485019,0.000199
1206,魔法转物理,1358,弹球,0.459932,0.000129
1009,霸符兄弟,1056,由心及物,0.548552,0.000832
1037,急救用具,1334,升级：雪球,0.466283,0.000134
1112,终极不可阻挡,1129,神射法师,0.447536,0.00017
1067,古式佳酿,1316,刃下生风,0.494201,0.000115
1007,大力,1054,物法皆修,0.455609,0.000164
1308,火狐,1391,红包,0.577721,0.000374
1009,霸符兄弟,1034,防护面纱,0.5106,0.000102
1311,溢流,1326,夜狩,0.462987,0.000279
1064,坚韧,1316,刃下生风,0.453809,0.000058
1112,终极不可阻挡,1194,精怪魔法,0.456198,0.000245
1085,折磨者,1345,心灵净化,0.460625,0.000227
1386,转得我眩晕了,2024,由暴生急,0.412005,0
1332,不祥契约,2001,当心小蛋糕！,0.487752,0.00003
1402,属性叠属性叠属性！,1415,双生火焰,0.504485,0.000053
1006,利刃华尔兹,1086,精准奇才,0.443949,0.000044
1098,急急小子,1372,小猫咪找妈妈,0.484125,0.000016
1112,终极不可阻挡,1181,重量级打击手,0.480641,0.000204
1411,升级：荆棘之甲,1416,海克斯科技龙魂,0.531202,0.000012
1039,冰霜 幽灵,1325,玻璃大炮,0.432207,0.000033
1007,大力,2016,注魔,0.480432,0.00001
1020,黎明使者的坚决,1105,家园卫士,0.504883,0.000078
1108,自我毁灭,1315,快中求稳,0.495503,0.000154
1088,终极刷新,1133,魔法飞弹,0.473404,0.00067
1006,利刃华尔兹,1342,雪球扭蛋机,0.545455,0
1070,无休回复,1097,巫师式思考,0.509109,0.000277
1025,俯冲轰炸,1411,升级：荆棘之甲,0.541192,0.000073
1034,防护面纱,1204,叠角龙,0.528666,0.00001
0,无符文,1329,史上最大雪球,0.591856,0.01087
1141,全心为你,1379,未知符文_1379,0.471974,0.000014
1072,炽烈黎明,1133,魔法飞弹,0.505364,0.000561
1037,急救用具,1358,弹球,0.455625,0.000063
1305,练腿日,1333,逃跑计划,0.545575,0.000309
1156,任务：沃格勒特的巫师帽,1400,最终都市列车,0.514471,0.000135
1238,质变：棱彩阶,1301,神圣干预,0.493337,0.000582
1195,巨人杀手,1413,和我一起困在这里,0.501927,0.000015
1321,砍伤,1415,双生火焰,0.473795,0.00002
1027,大地苏醒,1064,坚韧,0.451842,0.00007
1323,残忍,1353,坦克引擎,0.515096,0.001653
1112,终极不可阻挡,1328,暴击律动,0.460235,0.000125
1316,刃下生风,1337,尊我为王,0.496805,0.000063
1180,超强大脑,1334,升级：雪球,0.508215,0.000143
1118,会心治疗,1243,质变：混沌,0.487603,0.000569
1050,基石法师,1336,升级：无尽之刃,0.462739,0.000025
1034,防护面纱,1320,升级：收集者,0.484783,0.000224
1018,巨像的勇气,1348,闪闪现现,0.43495,0.000014
1156,任务：沃格勒特的巫师帽,1250,一板一眼,0.426357,0.000022
1079,战争交响乐,1384,捐赠,0.513043,0.000268
1047,关键暴击,1108,自我毁灭,0.453902,0.000113
1039,冰霜 幽灵,1379,未知符文_1379,0.448214,0.000001
1042,恶趣味,1092,易损,0.462866,0.000071
1039,冰霜 幽灵,2007,你肩上的恶魔,0.409017,0.000018
1079,战争交响乐,1358,弹球,0.438657,0.000047
1011,你摸不到,1346,吸血习性,0.487269,0.000589
1037,急救用具,1116,闪现向前,0.464182,0.000023
1039,冰霜 幽灵,1220,连拨击锤,0.431891,0.000044
1028,侵蚀,1250,一板一眼,0.493248,0.000219
1108,自我毁灭,1318,升级：中娅,0.458085,0.00007
1151,面包和奶酪,1238,质变：棱彩阶,0.498609,0.001094
1025,俯冲轰炸,1150,面包和果酱,0.478168,0.000265
1002,尖端发明家,1220,连拨击锤,0.431098,0.000146
1027,大地苏醒,1081,踢踏舞,0.465074,0.000056
1316,刃下生风,1411,升级：荆棘之甲,0.488047,0.000003
1084,穿针引线,1336,升级：无尽之刃,0.497425,0.00106
1308,火狐,1310,小丑学院,0.557348,0.000182
1030,尤里卡,1413,和我一起困在这里,0.477522,0.000008
1421,舞会女王,2004,信念者的强化,0.496996,0.000001
1086,精准奇才,1211,杀戮时间到了,0.478957,0.000141
1020,黎明使者的坚决,1138,渴血,0.493854,0.000301
1331,至高天诺言,1345,心灵净化,0.46323,0.000052
1346,吸血习性,1361,任务：艾卡西亚的陷落,0.50829,0.000171
1320,升级：收集者,1414,卡皮巴拉空投,0.427567,0.000044
1063,狂徒豪气,1149,不动如山,0.473605,0.000096
1328,暴击律动,1333,逃跑计划,0.561506,0.000538
1036,火上浇油,1353,坦克引擎,0.479304,0.000697
1002,尖端发明家,1053,科学狂人,0.505024,0.000269
1004,回归基本功,1335,夺金,0.524819,0.000032
1187,闪光弹,2026,杀意翻涌,0.470618,0.000001
1341,帽上加帽,1411,升级：荆棘之甲,0.520695,0.00001
1134,亮出你的剑,1340,升级：米凯尔的祝福,0.450796,0.000001
1004,回归基本功,1181,重量级打击手,0.516658,0.000182
1053,科学狂人,1308,火狐,0.547171,0.000067
1015,死亡之环,1080,会心防御,0.471786,0.000058
1335,夺金,1358,弹球,0.473091,0.000021
1076,天音爆,1353,坦克引擎,0.463564,0.00023
1097,巫师式思考,1194,精怪魔法,0.465579,0.000276
1092,易损,1411,升级：荆棘之甲,0.508557,0.00002
1064,坚韧,1108,自我毁灭,0.468049,0.000691
1004,回归基本功,1205,物理转魔法,0.560962,0.000547
1400,最终都市列车,2024,由暴生急,0.50519,0.000043
1022,灵巧,1321,砍伤,0.506216,0.000553
1038,有始有终,1413,和我一起困在这里,0.480205,0.000022
1214,旋转至胜,1315,快中求稳,0.536246,0.000106
1333,逃跑计划,1372,小猫咪找妈妈,0.502804,0.000023
1015,死亡之环,1047,关键暴击,0.446411,0.000051
1007,大力,2008,负重爆气,0.496097,0.000103
1338,升级：狂妄,1996,升级：耀光,0.489023,0.000316
1115,最万用的瞄准镜,1414,卡皮巴拉空投,0.430938,0.000012
1129,神射法师,1321,砍伤,0.473522,0.000117
1047,关键暴击,1405,速度恶魔,0.464223,0.000144
1025,俯冲轰炸,2009,狂热者,0.516549,0.00008
1103,面包和黄油,1348,闪闪现现,0.443413,0.000054
1032,裁决使,1345,心灵净化,0.475074,0.003836
1086,精准奇才,2016,注魔,0.454924,0.00003
1105,家园卫士,1237,质变：黄金阶,0.520605,0.000197
1108,自我毁灭,2005,扳机炼狱,0.457813,0.000086
1141,全心为你,1356,暴击飞弹,0.459676,0.000011
1044,冰寒,2009,狂热者,0.473392,0.000121
1068,循环往复,1318,升级：中娅,0.496523,0.000625
1112,终极不可阻挡,1406,祖母的辣椒油,0.492327,0.000107
1064,坚韧,1238,质变：棱彩阶,0.492735,0.001317
1002,尖端发明家,1026,唯快不破,0.461153,0.000071
1050,基石法师,1402,属性叠属性叠属性！,0.509139,0.000032
1098,急急小子,1195,巨人杀手,0.523436,0.000603
1328,暴击律动,1420,咏叹奏鸣,0.508459,0.000103
1018,巨像的勇气,1205,物理转魔法,0.446313,0.000112
1056,由心及物,1405,速度恶魔,0.523286,0.000242
1330,活力再生,1338,升级：狂妄,0.467703,0.000142
1170,万用瞄准镜,1324,蛋白粉奶昔,0.447388,0.000096
1023,魔鬼之舞,1079,战争交响乐,0.495127,0.000357
1077,灵魂虹吸,1389,男爵之手,0.544434,0.000014
1170,万用瞄准镜,1361,任务：艾卡西亚的陷落,0.507054,0.000033
1013,星界躯体,1335,夺金,0.457114,0.000087
1080,会心防御,1341,帽上加帽,0.471917,0.00007
1011,你摸不到,1403,属性叠属性！,0.519873,0.000029
1013,星界躯体,1211,杀戮时间到了,0.44871,0.000342
1032,裁决使,1084,穿针引线,0.474055,0.004992
1079,战争交响乐,1403,属性叠属性！,0.532207,0.000092
1069,退敌力场,1150,面包和果酱,0.441514,0.00008
1375,吞噬灵魂,1414,卡皮巴拉空投,0.437271,0.000069
1198,圣火,1418,砸开那颗蛋,0.486557,0.000014
1038,有始有终,2006,飞身踢,0.499528,0.00024
1027,大地苏醒,2004,信念者的强化,0.444084,0
1118,会心治疗,1318,升级：中娅,0.443915,0.00014
1198,圣火,1315,快中求稳,0.49109,0.000044
1308,火狐,1327,坚若磐石,0.48472,0.000045
1076,天音爆,1141,全心为你,0.486559,0.0006
1011,你摸不到,1311,溢流,0.467147,0.00012
1074,缩小射线,1397,地狱三头犬,0.442837,0.000255
1149,不动如山,1400,最终都市列车,0.493097,0.000131
1029,虚幻武器,1325,玻璃大炮,0.460724,0.000159
1009,霸符兄弟,1243,质变：混沌,0.51039,0.000325
1009,霸符兄弟,1082,残暴之力,0.493888,0.000141
1037,急救用具,1062,全能龙魂,0.492836,0.000081
12317,潘朵拉的盒子,1317,升级：弯刀,0.363636,0
1205,物理转魔法,2001,当心小蛋糕！,0.503681,0.000475
1004,回归基本功,1054,物法皆修,0.468865,0.00007
1342,雪球扭蛋机,1379,未知符文_1379,0.408822,0.000001
1073,暗影疾奔,1379,未知符文_1379,0.416667,0
1087,台风,1401,生机迸发,0.484252,0.000069
1069,退敌力场,1373,缩小引擎,0.480347,0.000084
1313,作弊：我能回城！,1420,咏叹奏鸣,0.53127,0.000219
1063,狂徒豪气,1170,万用瞄准镜,0.507272,0.000216
1134,亮出你的剑,1151,面包和奶酪,0.559001,0.000112
1020,黎明使者的坚决,1204,叠角龙,0.509083,0.000017
1073,暗影疾奔,1075,慢炖,0.511747,0.000127
1048,珠光护手,1072,炽烈黎明,0.471137,0.000267
1048,珠光护手,1069,退敌力场,0.446101,0.000255
1373,缩小引擎,2006,飞身踢,0.508891,0.000613
1070,无休回复,1107,接二连三,0.508004,0.000209
1310,小丑学院,1339,激光治疗,0.25,0
1009,霸符兄弟,2026,杀意翻涌,0.499228,0.000025
1238,质变：棱彩阶,1341,帽上加帽,0.503597,0.00114
1133,魔法飞弹,1331,至高天诺言,0.459189,0.000074
1061,回力OK镖,1085,折磨者,0.484663,0.000046
1045,炼狱导管,1086,精准奇才,0.49156,0.000197
1150,面包和果酱,2009,狂热者,0.462964,0.000098
1324,蛋白粉奶昔,1341,帽上加帽,0.452782,0.000107
0,无符文,1342,雪球扭蛋机,0.610277,0.01217
1107,接二连三,1150,面包和果酱,0.452501,0.0002
1004,回归基本功,1072,炽烈黎明,0.497795,0.000041
1129,神射法师,1328,暴击律动,0.462882,0.000214
1092,易损,1329,史上最大雪球,0.476988,0.000139
1030,尤里卡,1068,循环往复,0.507163,0.002056
1019,全凭身法,1198,圣火,0.472165,0.000037
1389,男爵之手,2005,扳机炼狱,0.497582,0.000003
1018,巨像的勇气,1042,恶趣味,0.475425,0.000669
1098,急急小子,1198,圣火,0.466984,0.000051
1138,渴血,1214,旋转至胜,0.514817,0.000346
1330,活力再生,1349,终极唤醒,0.418115,0.00002
1108,自我毁灭,1327,坚若磐石,0.460856,0.000152
1006,利刃华尔兹,1074,缩小射线,0.440713,0.000193
1314,强力护盾,1339,激光治疗,0.433928,0.000014
1112,终极不可阻挡,1347,吵闹鬼,0.441625,0.000024
1208,轨道镭射,1310,小丑学院,0.75,0
1080,会心防御,1129,神射法师,0.472178,0.000094
1036,火上浇油,1418,砸开那颗蛋,0.455226,0.000001
1076,天音爆,1118,会心治疗,0.484758,0.000464
1138,渴血,1379,未知符文_1379,0.462057,0.000005
1085,折磨者,1325,玻璃大炮,0.435185,0.000025
1332,不祥契约,1339,激光治疗,0.449862,0.000007
1194,精怪魔法,1392,神圣雪球,0.438255,0.00001
1149,不动如山,1341,帽上加帽,0.453437,0.00009
1039,冰霜 幽灵,1214,旋转至胜,0.480707,0.000039
1072,炽烈黎明,1311,溢流,0.481968,0.000178
1051,点亮他们！,2003,魄罗之王的弹跳,0.441397,0.000024
1151,面包和奶酪,1413,和我一起困在这里,0.447146,0.000011
1238,质变：棱彩阶,1389,男爵之手,0.559872,0.000021
1002,尖端发明家,1129,神射法师,0.451863,0.000346
1036,火上浇油,1081,踢踏舞,0.50254,0.000892
1388,无限循环往复,2002,虚空裂隙,0.521498,0.000184
1104,仆从大师,2018,纯粹主义者 - 术师,0.496613,0.000008
1006,利刃华尔兹,1011,你摸不到,0.447793,0.000106
1058,秘术冲拳,1076,天音爆,0.442172,0.000022
1057,山脉龙魂,1406,祖母的辣椒油,0.491146,0.000095
1346,吸血习性,1379,未知符文_1379,0.453465,0.000008
1411,升级：荆棘之甲,2016,注魔,0.498993,0.000003
1027,大地苏醒,1069,退敌力场,0.418492,0.000017
1329,史上最大雪球,1996,升级：耀光,0.474335,0.000065
1068,循环往复,1420,咏叹奏鸣,0.559739,0.000331
1015,死亡之环,1075,慢炖,0.503511,0.00018
1108,自我毁灭,2001,当心小蛋糕！,0.489152,0.00014
1105,家园卫士,1404,属性！,0.554841,0.000025
1315,快中求稳,1326,夜狩,0.491089,0.000661
1034,防护面纱,1347,吵闹鬼,0.476604,0.000028
1023,魔鬼之舞,1349,终极唤醒,0.481928,0.000102
1077,灵魂虹吸,1084,穿针引线,0.488807,0.000954
1066,量子计算,1082,残暴之力,0.484036,0.000202
1149,不动如山,1317,升级：弯刀,0.405587,0.000001
1047,关键暴击,1211,杀戮时间到了,0.464419,0.000378
1392,神圣雪球,1402,属性叠属性叠属性！,0.479983,0.000009
1322,罪恶快感,1341,帽上加帽,0.466371,0.000153
1996,升级：耀光,2002,虚空裂隙,0.494302,0.000034
1150,面包和果酱,1319,升级：献祭,0.481295,0.000182
1035,感受燃烧,2001,当心小蛋糕！,0.486629,0.000027
1225,双刀流,12317,潘朵拉的盒子,0.561884,0.000001
1018,巨像的勇气,1411,升级：荆棘之甲,0.51637,0.000097
1116,闪现向前,1401,生机迸发,0.545455,0
1411,升级：荆棘之甲,2004,信念者的强化,0.466679,0.000003
1310,小丑学院,2008,负重爆气,0.516787,0.000291
1195,巨人杀手,2009,狂热者,0.531761,0.000622
1004,回归基本功,2003,魄罗之王的弹跳,0.488915,0.00001
1037,急救用具,1237,质变：黄金阶,0.483673,0.000188
1054,物法皆修,1067,古式佳酿,0.456519,0.000143
1050,基石法师,1373,缩小引擎,0.522614,0.000248
1133,魔法飞弹,1334,升级：雪球,0.497276,0.000707
1098,急急小子,1406,祖母的辣椒油,0.536913,0.000147
1320,升级：收集者,1348,闪闪现现,0.433839,0.000024
1071,更万用的瞄准镜,1414,卡皮巴拉空投,0.433947,0.000039
1019,全凭身法,1080,会心防御,0.477271,0.000096
1067,古式佳酿,1327,坚若磐石,0.465078,0.000379
1400,最终都市列车,2004,信念者的强化,0.46068,0.000008
1062,全能龙魂,1338,升级：狂妄,0.509747,0.000237
1028,侵蚀,2026,杀意翻涌,0.481535,0.000024
1211,杀戮时间到了,1250,一板一眼,0.455509,0.000466
1056,由心及物,1075,慢炖,0.510732,0.000525
1030,尤里卡,1056,由心及物,0.535166,0.002168
1136,扇巴掌,1319,升级：献祭,0.497146,0.000591
1070,无休回复,1342,雪球扭蛋机,0.507129,0.000089
1331,至高天诺言,1379,未知符文_1379,0.460167,0.000002
1347,吵闹鬼,1390,超凡邪恶,0.478758,0.00008
1066,量子计算,1320,升级：收集者,0.474621,0.000203
1051,点亮他们！,1194,精怪魔法,0.476398,0.000064
1022,灵巧,1214,旋转至胜,0.495367,0.000151
1154,任务：海牛阿福的勇士,1314,强力护盾,0.463034,0.000034
1088,终极刷新,1388,无限循环往复,0.470681,0.000067
1097,巫师式思考,1237,质变：黄金阶,0.493126,0.000482
1409,魄罗爆破手,1418,砸开那颗蛋,0.502639,0.00001
1032,裁决使,2008,负重爆气,0.470341,0.00145
1334,升级：雪球,1996,升级：耀光,0.483911,0.000091
1105,家园卫士,2004,信念者的强化,0.503293,0.000014
1047,关键暴击,1105,家园卫士,0.50471,0.000201
1053,科学狂人,2007,你肩上的恶魔,0.470398,0.00001
1071,更万用的瞄准镜,1154,任务：海牛阿福的勇士,0.523087,0.000253
1095,风语者的祝福,1225,双刀流,0.498166,0.000028
1388,无限循环往复,1405,速度恶魔,0.512058,0.00066
1064,坚韧,1336,升级：无尽之刃,0.470679,0.000098
1009,霸符兄弟,1064,坚韧,0.502056,0.000266
1004,回归基本功,1064,坚韧,0.485977,0.000165
1050,基石法师,1208,轨道镭射,0.470974,0.000038
1315,快中求稳,1344,最终形态,0.52409,0.000603
1035,感受燃烧,1181,重量级打击手,0.517458,0.000159
1020,黎明使者的坚决,1327,坚若磐石,0.47185,0.000178
1042,恶趣味,2003,魄罗之王的弹跳,0.496134,0.00003
1011,你摸不到,1237,质变：黄金阶,0.465041,0.000106
1015,死亡之环,1152,任务：钢化你心,0.524383,0.000646
1018,巨像的勇气,1391,红包,0.510784,0.000101
1342,雪球扭蛋机,1348,闪闪现现,0,0
1310,小丑学院,1403,属性叠属性！,0.571095,0.000152
1080,会心防御,1308,火狐,0.506173,0.000024
1051,点亮他们！,2018,纯粹主义者 - 术师,0.427973,0.000022
1107,接二连三,1389,男爵之手,0.513357,0.000013
1181,重量级打击手,1337,尊我为王,0.528491,0.00017
1058,秘术冲拳,1084,穿针引线,0.450005,0.000808
1098,急急小子,1107,接二连三,0.443009,0.000135
1305,练腿日,1335,夺金,0.499122,0.000091
1187,闪光弹,1308,火狐,0.519453,0
1041,歌利亚巨人,1358,弹球,0.462621,0.000195
1113,老练狙神,1361,任务：艾卡西亚的陷落,0.430063,0.000001
1315,快中求稳,1353,坦克引擎,0.488819,0.000594
1088,终极刷新,1214,旋转至胜,0.457918,0.000053
1015,死亡之环,1149,不动如山,0.485945,0.00014
1057,山脉龙魂,1115,最万用的瞄准镜,0.457548,0.000068
1048,珠光护手,1154,任务：海牛阿福的勇士,0.500815,0.000152
1073,暗影疾奔,2001,当心小蛋糕！,0.53776,0.000178
1208,轨道镭射,1347,吵闹鬼,0.25,0
1004,回归基本功,1324,蛋白粉奶昔,0.49969,0.000076
1070,无休回复,1204,叠角龙,0.529371,0.000018
1315,快中求稳,1392,神圣雪球,0.47445,0.000056
1118,会心治疗,1321,砍伤,0.480581,0.000383
1414,卡皮巴拉空投,1996,升级：耀光,0.440534,0.000014
0,无符文,1321,砍伤,0.5854,0.009719
1347,吵闹鬼,2024,由暴生急,0.44522,0.000006
1330,活力再生,2024,由暴生急,0.454604,0.000025
1025,俯冲轰炸,1061,回力OK镖,0.533301,0.000222
1152,任务：钢化你心,1187,闪光弹,0.497491,0.000151
1348,闪闪现现,1386,转得我眩晕了,0.333333,0
1333,逃跑计划,2018,纯粹主义者 - 术师,0.499309,0.000039
1327,坚若磐石,1340,升级：米凯尔的祝福,0.479569,0.000017
1134,亮出你的剑,2008,负重爆气,0.54608,0.000055
1152,任务：钢化你心,1414,卡皮巴拉空投,0.428429,0.000076
0,无符文,2010,双发快射,0.633985,0.008203
1206,魔法转物理,1349,终极唤醒,0.478868,0.000168
1020,黎明使者的坚决,1064,坚韧,0.47923,0.000791
1013,星界躯体,1406,祖母的辣椒油,0.488843,0.000458
1181,重量级打击手,1342,雪球扭蛋机,0.497507,0.000292
1053,科学狂人,1345,心灵净化,0.500965,0.000351
1133,魔法飞弹,1301,神圣干预,0.476955,0.000483
1051,点亮他们！,1086,精准奇才,0.451393,0.000086
1075,慢炖,1129,神射法师,0.455649,0.000123
1042,恶趣味,1243,质变：混沌,0.478456,0.000223
1322,罪恶快感,1400,最终都市列车,0.521755,0.000358
1073,暗影疾奔,1149,不动如山,0.481417,0.000068
1050,基石法师,1353,坦克引擎,0.481895,0.000461
1151,面包和奶酪,1390,超凡邪恶,0.495965,0.000812
1046,炼狱龙魂,1409,魄罗爆破手,0.484634,0.000409
1039,冰霜 幽灵,1250,一板一眼,0.462355,0.0001
1107,接二连三,1391,红包,0.547254,0.000337
1081,踢踏舞,1129,神射法师,0.473944,0.000286
1026,唯快不破,1308,火狐,0.554936,0.000031
1349,终极唤醒,1413,和我一起困在这里,0.478136,0.000006
1022,灵巧,1388,无限循环往复,0.475991,0.000308
1047,关键暴击,2001,当心小蛋糕！,0.484581,0.000074
1315,快中求稳,1375,吞噬灵魂,0.490603,0.000112
1004,回归基本功,1310,小丑学院,0.547576,0.0002
1044,冰寒,1338,升级：狂妄,0.456341,0.000109
1042,恶趣味,1113,老练狙神,0.478053,0.000073
1313,作弊：我能回城！,1335,夺金,0.488643,0.000116
1112,终极不可阻挡,1204,叠角龙,0.468267,0.000005
1018,巨像的勇气,1401,生机迸发,0.480164,0.000065
1053,科学狂人,1415,双生火焰,0.512893,0.000058
1056,由心及物,1076,天音爆,0.490429,0.000159
1134,亮出你的剑,1152,任务：钢化你心,0.558409,0.000146
1060,海洋龙魂,1087,台风,0.482066,0.000121
1015,死亡之环,1061,回力OK镖,0.502642,0.000051
1338,升级：狂妄,1379,未知符文_1379,0.422674,0.000002
1180,超强大脑,2006,飞身踢,0.472652,0.000053
1198,圣火,1405,速度恶魔,0.469601,0.000059
1057,山脉龙魂,1237,质变：黄金阶,0.478949,0.000132
1035,感受燃烧,1409,魄罗爆破手,0.494822,0.000091
1042,恶趣味,1321,砍伤,0.475491,0.000153
1214,旋转至胜,1323,残忍,0.466259,0.000006
1057,山脉龙魂,1305,练腿日,0.488624,0.000099
1035,感受燃烧,1047,关键暴击,0.463686,0.000063
1324,蛋白粉奶昔,1345,心灵净化,0.444664,0.000285
1011,你摸不到,1029,虚幻武器,0.465552,0.000123
1092,易损,1150,面包和果酱,0.471606,0.000289
1335,夺金,2001,当心小蛋糕！,0.504449,0.00052
1026,唯快不破,1331,至高天诺言,0.434556,0.000003
1115,最万用的瞄准镜,2026,杀意翻涌,0.495351,0.000089
1149,不动如山,1356,暴击飞弹,0.448969,0.000004
1072,炽烈黎明,1150,面包和果酱,0.475079,0.000093
1020,黎明使者的坚决,1028,侵蚀,0.499392,0.000143
1029,虚幻武器,1388,无限循环往复,0.489611,0.000359
1060,海洋龙魂,1151,面包和奶酪,0.503808,0.000325
1211,杀戮时间到了,1328,暴击律动,0.47012,0.000325
1080,会心防御,1319,升级：献祭,0.485479,0.000063
1156,任务：沃格勒特的巫师帽,1342,雪球扭蛋机,0.491426,0.000142
1080,会心防御,1405,速度恶魔,0.48708,0.00007
1404,属性！,1421,舞会女王,0.513017,0.000016
1039,冰霜 幽灵,1413,和我一起困在这里,0.478817,0.000022
1057,山脉龙魂,1072,炽烈黎明,0.465115,0.000037
1075,慢炖,1420,咏叹奏鸣,0.515134,0.000221
1042,恶趣味,1406,祖母的辣椒油,0.502369,0.000188
1243,质变：混沌,1338,升级：狂妄,0.498457,0.000546
1039,冰霜 幽灵,1047,关键暴击,0.440477,0.000061
1402,属性叠属性叠属性！,1411,升级：荆棘之甲,0.546609,0.000012
1313,作弊：我能回城！,1340,升级：米凯尔的祝福,0.519975,0.000059
1340,升级：米凯尔的祝福,1349,终极唤醒,0.502305,0.000014
1046,炼狱龙魂,1346,吸血习性,0.511637,0.002872
1009,霸符兄弟,1334,升级：雪球,0.506503,0.000181
1076,天音爆,1154,任务：海牛阿福的勇士,0.469918,0.000017
12317,潘朵拉的盒子,1314,强力护盾,0.518551,0
1029,虚幻武器,1321,砍伤,0.510823,0.000299
1082,残暴之力,2018,纯粹主义者 - 术师,0.442538,0.000035
1170,万用瞄准镜,12317,潘朵拉的盒子,0.494868,0.000001
1170,万用瞄准镜,1390,超凡邪恶,0.465532,0.000222
1039,冰霜 幽灵,1329,史上最大雪球,0.463956,0.000153
1225,双刀流,1405,速度恶魔,0.508722,0.000211
1311,溢流,1356,暴击飞弹,0.462954,0.000105
1320,升级：收集者,1332,不祥契约,0.446873,0.000044
1344,最终形态,1414,卡皮巴拉空投,0.44693,0.000017
1039,冰霜 幽灵,1074,缩小射线,0.444381,0.000105
1018,巨像的勇气,1112,终极不可阻挡,0.43044,0.000045
1015,死亡之环,1028,侵蚀,0.51642,0.000134
1020,黎明使者的坚决,1115,最万用的瞄准镜,0.474578,0.000096
1074,缩小射线,1311,溢流,0.448111,0.000205
1028,侵蚀,1138,渴血,0.508522,0.000396
1211,杀戮时间到了,1238,质变：棱彩阶,0.50389,0.001964
1136,扇巴掌,1386,转得我眩晕了,0.439554,0.000004
1116,闪现向前,1326,夜狩,0.444099,0.000074
1006,利刃华尔兹,2010,双发快射,0.452323,0.00007
1088,终极刷新,1358,弹球,0.444346,0.000046
1082,残暴之力,1187,闪光弹,0.47047,0.000077
1206,魔法转物理,1386,转得我眩晕了,0.455217,0.000001
1134,亮出你的剑,1238,质变：棱彩阶,0.60147,0.00063
1211,杀戮时间到了,1337,尊我为王,0.500717,0.000163
1225,双刀流,1418,砸开那颗蛋,0.489305,0
1115,最万用的瞄准镜,1375,吞噬灵魂,0.462622,0.000089
1344,最终形态,1406,祖母的辣椒油,0.513801,0.00016
1243,质变：混沌,1301,神圣干预,0.485305,0.000294
1037,急救用具,1322,罪恶快感,0.47556,0.000162
1080,会心防御,1098,急急小子,0.470139,0.000047
1044,冰寒,1238,质变：棱彩阶,0.513327,0.001569
1156,任务：沃格勒特的巫师帽,1313,作弊：我能回城！,0.502971,0.000487
1029,虚幻武器,1181,重量级打击手,0.494943,0.000793
1070,无休回复,2003,魄罗之王的弹跳,0.495297,0.000022
1084,穿针引线,1105,家园卫士,0.506989,0.000526
1141,全心为你,1338,升级：狂妄,0.431944,0.000011
1054,物法皆修,1208,轨道镭射,0.448603,0.000019
1058,秘术冲拳,1344,最终形态,0.496945,0.000312
1050,基石法师,1338,升级：狂妄,0.461731,0.000045
1113,老练狙神,1319,升级：献祭,0.437446,0.000006
1029,虚幻武器,1323,残忍,0.477883,0.000269
1331,至高天诺言,1403,属性叠属性！,0.503041,0.000006
1136,扇巴掌,1323,残忍,0.503675,0.001095
1134,亮出你的剑,1314,强力护盾,0.423823,0
1095,风语者的祝福,1180,超强大脑,0.465874,0.000041
1204,叠角龙,1331,至高天诺言,0.502536,0.000001
1208,轨道镭射,1328,暴击律动,0.456611,0.000021
1058,秘术冲拳,1318,升级：中娅,0.44068,0.000055
1007,大力,2002,虚空裂隙,0.470175,0.00001
1156,任务：沃格勒特的巫师帽,1330,活力再生,0.45193,0.000011
1061,回力OK镖,1194,精怪魔法,0.480652,0.000049
1316,刃下生风,2008,负重爆气,0.47702,0.000079
1072,炽烈黎明,1205,物理转魔法,0.480599,0.000256
1009,霸符兄弟,1225,双刀流,0.544814,0.000292
1038,有始有终,1313,作弊：我能回城！,0.513513,0.000599
1361,任务：艾卡西亚的陷落,1414,卡皮巴拉空投,0.487113,0.000013
1007,大力,1301,神圣干预,0.484626,0.000087
1026,唯快不破,1097,巫师式思考,0.503863,0.000112
1080,会心防御,1416,海克斯科技龙魂,0.483822,0.000023
1036,火上浇油,1389,男爵之手,0.513674,0.000011
1170,万用瞄准镜,1310,小丑学院,0.515767,0.000327
2008,负重爆气,2010,双发快射,0.465878,0.000083
1225,双刀流,2007,你肩上的恶魔,0.483572,0.000026
1315,快中求稳,1346,吸血习性,0.555115,0.001859
0,无符文,1071,更万用的瞄准镜,0.617621,0.048372
1042,恶趣味,1170,万用瞄准镜,0.457005,0.000044
1194,精怪魔法,1336,升级：无尽之刃,0.476231,0.000114
1048,珠光护手,1108,自我毁灭,0.469852,0.000497
1311,溢流,1392,神圣雪球,0.454397,0.000055
1015,死亡之环,1225,双刀流,0.482666,0.000026
1007,大力,1415,双生火焰,0.4899,0.000045
1348,闪闪现现,1400,最终都市列车,0.498024,0
1116,闪现向前,12317,潘朵拉的盒子,0.488967,0
1032,裁决使,1308,火狐,0.515413,0.00063
1243,质变：混沌,1402,属性叠属性叠属性！,0.578102,0.000132
1068,循环往复,1310,小丑学院,0.521713,0.000766
1013,星界躯体,1053,科学狂人,0.506294,0.000493
1104,仆从大师,1338,升级：狂妄,0.475975,0.000053
1315,快中求稳,1325,玻璃大炮,0.465834,0.000049
1015,死亡之环,1118,会心治疗,0.464882,0.001039
1314,强力护盾,2003,魄罗之王的弹跳,0.463875,0.000016
1066,量子计算,1400,最终都市列车,0.541371,0.00025
1006,利刃华尔兹,1349,终极唤醒,0.451753,0.000121
1314,强力护盾,2009,狂热者,0.459428,0.000014
1042,恶趣味,1086,精准奇才,0.469605,0.000016
1039,冰霜 幽灵,1088,终极刷新,0.443627,0.000117
1034,防护面纱,1332,不祥契约,0.473987,0.00007
1056,由心及物,1070,无休回复,0.510896,0.000292
1150,面包和果酱,1331,至高天诺言,0.47099,0.000039
1317,升级：弯刀,1326,夜狩,0.401806,0.00004
1136,扇巴掌,1151,面包和奶酪,0.487629,0.00048
1036,火上浇油,1060,海洋龙魂,0.489299,0.000212
1018,巨像的勇气,1027,大地苏醒,0.455097,0.000032
1007,大力,1338,升级：狂妄,0.520228,0.001136
2005,扳机炼狱,2007,你肩上的恶魔,0.430616,0.000009
1042,恶趣味,1379,未知符文_1379,0.432832,0.000001
1154,任务：海牛阿福的勇士,1353,坦克引擎,0.488786,0.000293
1013,星界躯体,1104,仆从大师,0.456071,0.000034
1149,不动如山,1326,夜狩,0.442652,0.00004
1018,巨像的勇气,1081,踢踏舞,0.448343,0.000059
1194,精怪魔法,1390,超凡邪恶,0.471118,0.000259
1098,急急小子,1421,舞会女王,0.498964,0.000015
1075,慢炖,1316,刃下生风,0.443526,0.000026
1334,升级：雪球,2006,飞身踢,0.466227,0.000199
1204,叠角龙,1330,活力再生,0.535219,0.000007
1315,快中求稳,1390,超凡邪恶,0.514883,0.00025
1050,基石法师,1392,神圣雪球,0.450445,0.000026
0,无符文,1204,叠角龙,0.666834,0.00115
1136,扇巴掌,1138,渴血,0.511626,0.000683
1060,海洋龙魂,1305,练腿日,0.516568,0.000184
1332,不祥契约,1348,闪闪现现,0.44833,0.000013
1060,海洋龙魂,2003,魄罗之王的弹跳,0.494137,0.000028
1081,踢踏舞,1311,溢流,0.450659,0.000144
1042,恶趣味,1071,更万用的瞄准镜,0.464578,0.000097
1004,回归基本功,1019,全凭身法,0.5018,0.000118
1105,家园卫士,1108,自我毁灭,0.492048,0.00007
1337,尊我为王,2026,杀意翻涌,0.49273,0.000024
1388,无限循环往复,2006,飞身踢,0.502722,0.000222
1154,任务：海牛阿福的勇士,1328,暴击律动,0.520228,0.000148
1346,吸血习性,1356,暴击飞弹,0.569448,0.0011
1076,天音爆,2004,信念者的强化,0.500084,0.000116
1141,全心为你,1315,快中求稳,0.451241,0.000012
1107,接二连三,1326,夜狩,0.474283,0.000472
1058,秘术冲拳,1187,闪光弹,0.448693,0.000078
1151,面包和奶酪,1325,玻璃大炮,0.451669,0.000146
1035,感受燃烧,1403,属性叠属性！,0.534604,0.000029
1129,神射法师,1391,红包,0.545496,0.000335
1077,灵魂虹吸,1103,面包和黄油,0.466473,0.000385
1108,自我毁灭,1405,速度恶魔,0.486431,0.000143
1025,俯冲轰炸,1104,仆从大师,0.484725,0.000037
1050,基石法师,1324,蛋白粉奶昔,0.463061,0.000086
1048,珠光护手,1323,残忍,0.479912,0.000273
1009,霸符兄弟,1104,仆从大师,0.522446,0.00004
1080,会心防御,1337,尊我为王,0.516013,0.000047
1401,生机迸发,1415,双生火焰,0.473736,0.000055
1345,心灵净化,1384,捐赠,0.497993,0.000448
1095,风语者的祝福,1409,魄罗爆破手,0.523794,0.000069
1088,终极刷新,2004,信念者的强化,0.467891,0.000004
1330,活力再生,1390,超凡邪恶,0.457716,0.000038
1413,和我一起困在这里,2016,注魔,0.467283,0.000003
1151,面包和奶酪,1204,叠角龙,0.529767,0.000037
1039,冰霜 幽灵,1353,坦克引擎,0.490291,0.002141
1004,回归基本功,1332,不祥契约,0.528988,0.000094
1156,任务：沃格勒特的巫师帽,1397,地狱三头犬,0.463282,0.000016
1115,最万用的瞄准镜,1310,小丑学院,0.521504,0.000227
1069,退敌力场,1320,升级：收集者,0.445869,0.000118
1129,神射法师,1347,吵闹鬼,0.460538,0.000056
1181,重量级打击手,1336,升级：无尽之刃,0.46499,0.000124
1075,慢炖,1250,一板一眼,0.460455,0.000114
1020,黎明使者的坚决,1420,咏叹奏鸣,0.515871,0.000073
1195,巨人杀手,1323,残忍,0.531871,0.000195
1047,关键暴击,1330,活力再生,0.458157,0.000109
1032,裁决使,1208,轨道镭射,0.469289,0.00016
1095,风语者的祝福,1313,作弊：我能回城！,0.483988,0.000166
1205,物理转魔法,2018,纯粹主义者 - 术师,0.475754,0.000176
1321,砍伤,1330,活力再生,0.450926,0.000004
1007,大力,1308,火狐,0.493518,0.000011
1009,霸符兄弟,1379,未知符文_1379,0.469895,0.000002
1037,急救用具,2003,魄罗之王的弹跳,0.465957,0.000026
1080,会心防御,1112,终极不可阻挡,0.473585,0.000066
1057,山脉龙魂,1077,灵魂虹吸,0.461515,0.000058
1057,山脉龙魂,1313,作弊：我能回城！,0.477716,0.000302
1170,万用瞄准镜,1375,吞噬灵魂,0.464348,0.000115
1136,扇巴掌,1334,升级：雪球,0.48273,0.000424
1347,吵闹鬼,1996,升级：耀光,0.483638,0.000032
1214,旋转至胜,1333,逃跑计划,0.562113,0.000129
1066,量子计算,1348,闪闪现现,0.439972,0.000019
1108,自我毁灭,1134,亮出你的剑,0.593281,0.000055
1037,急救用具,1415,双生火焰,0.465301,0.000042
1064,坚韧,1150,面包和果酱,0.466335,0.000409
1205,物理转魔法,1372,小猫咪找妈妈,0.465268,0.000042
1041,歌利亚巨人,1326,夜狩,0.465875,0.000483
1181,重量级打击手,1346,吸血习性,0.504087,0.00125
1156,任务：沃格勒特的巫师帽,2018,纯粹主义者 - 术师,0.482147,0.000101
1015,死亡之环,1071,更万用的瞄准镜,0.46413,0.000074
1205,物理转魔法,1402,属性叠属性叠属性！,0.515638,0.000105
1308,火狐,1424,???,0.50291,0.000024
1141,全心为你,1320,升级：收集者,0.415396,0.000009
1087,台风,1316,刃下生风,0.450915,0.000054
1018,巨像的勇气,1180,超强大脑,0.436992,0.000049
1037,急救用具,1113,老练狙神,0.465144,0.000098
1058,秘术冲拳,1118,会心治疗,0.495759,0.000703
1006,利刃华尔兹,1375,吞噬灵魂,0.451602,0.000111
1007,大力,1038,有始有终,0.526746,0.000342
1098,急急小子,2009,狂热者,0.470913,0.000056
1068,循环往复,2005,扳机炼狱,0.461858,0.000084
1032,裁决使,1389,男爵之手,0.517545,0.000075
1336,升级：无尽之刃,1361,任务：艾卡西亚的陷落,0.469707,0.000011
1051,点亮他们！,1373,缩小引擎,0.494914,0.000285
1072,炽烈黎明,1322,罪恶快感,0.455834,0.000082
1018,巨像的勇气,1028,侵蚀,0.471258,0.000122
1115,最万用的瞄准镜,2002,虚空裂隙,0.454465,0.000013
1134,亮出你的剑,1390,超凡邪恶,0.504089,0.000061
1310,小丑学院,1340,升级：米凯尔的祝福,0.481058,0.000008
1050,基石法师,1388,无限循环往复,0.504475,0.000251
1061,回力OK镖,1416,海克斯科技龙魂,0.507109,0.000043
1006,利刃华尔兹,1080,会心防御,0.475977,0.00014
12317,潘朵拉的盒子,1310,小丑学院,0.506094,0
1181,重量级打击手,2001,当心小蛋糕！,0.509844,0.000203
1057,山脉龙魂,1133,魔法飞弹,0.481291,0.000203
1056,由心及物,1338,升级：狂妄,0.498946,0.000127
0,无符文,1066,量子计算,0.587873,0.011104
1330,活力再生,1348,闪闪现现,0.426976,0.000004
1062,全能龙魂,1133,魔法飞弹,0.518269,0.000486
1025,俯冲轰炸,1358,弹球,0.476703,0.000204
1030,尤里卡,1375,吞噬灵魂,0.513528,0.000524
1129,神射法师,1404,属性！,0.51978,0.000071
1015,死亡之环,1390,超凡邪恶,0.478464,0.000423
1097,巫师式思考,1328,暴击律动,0.465663,0.000078
1006,利刃华尔兹,1340,升级：米凯尔的祝福,0.449801,0.000005
1013,星界躯体,1996,升级：耀光,0.472396,0.000095
1336,升级：无尽之刃,1353,坦克引擎,0.496566,0.000314
1028,侵蚀,1070,无休回复,0.516316,0.000164
1015,死亡之环,1414,卡皮巴拉空投,0.438496,0.000007
1051,点亮他们！,1092,易损,0.497526,0.000341
1063,狂徒豪气,1401,生机迸发,0.510614,0.00006
1006,利刃华尔兹,1211,杀戮时间到了,0.453404,0.000354
1080,会心防御,1225,双刀流,0.554448,0.00041
1332,不祥契约,1388,无限循环往复,0.48391,0.000074
1344,最终形态,1356,暴击飞弹,0.483099,0.000022
1046,炼狱龙魂,1057,山脉龙魂,0.470388,0.00014
1087,台风,1118,会心治疗,0.483549,0.000496
1356,暴击飞弹,1402,属性叠属性叠属性！,0.521503,0.000059
1069,退敌力场,1404,属性！,0.498685,0.000011
1018,巨像的勇气,1062,全能龙魂,0.485066,0.000077
1204,叠角龙,1319,升级：献祭,0.492447,0
1081,踢踏舞,1319,升级：献祭,0.471474,0.000079
1076,天音爆,1187,闪光弹,0.437683,0.000002
1088,终极刷新,1331,至高天诺言,0.446426,0.000012
1346,吸血习性,1424,???,0.46463,0.000072
1243,质变：混沌,1322,罪恶快感,0.492736,0.00069
1198,圣火,1375,吞噬灵魂,0.464518,0.000101
1136,扇巴掌,1342,雪球扭蛋机,0.484518,0.000298
1341,帽上加帽,2024,由暴生急,0.451158,0.000017
1007,大力,1421,舞会女王,0.523182,0.000022
1409,魄罗爆破手,1416,海克斯科技龙魂,0.498327,0.000198
1335,夺金,1349,终极唤醒,0.471854,0.00003
1029,虚幻武器,1401,生机迸发,0.480744,0.000081
1075,慢炖,2001,当心小蛋糕！,0.501333,0.000073
1338,升级：狂妄,1342,雪球扭蛋机,0.480161,0.000253
1418,砸开那颗蛋,2018,纯粹主义者 - 术师,0.504805,0.000001
1103,面包和黄油,1141,全心为你,0.455512,0.000116
1056,由心及物,1243,质变：混沌,0.509183,0.000497
1068,循环往复,1416,海克斯科技龙魂,0.489621,0.000139
1006,利刃华尔兹,1388,无限循环往复,0.462372,0.00008
1038,有始有终,1085,折磨者,0.48466,0.000122
1313,作弊：我能回城！,1332,不祥契约,0.473627,0.000203
1004,回归基本功,1141,全心为你,0.47595,0.000035
1087,台风,2002,虚空裂隙,0.460006,0.000037
1013,星界躯体,1301,神圣干预,0.471469,0.000501
1397,地狱三头犬,2009,狂热者,0.481749,0.000139
1085,折磨者,1301,神圣干预,0.46239,0.000094
1361,任务：艾卡西亚的陷落,1413,和我一起困在这里,0.513924,0.000012
1154,任务：海牛阿福的勇士,1340,升级：米凯尔的祝福,0.484375,0.000003
1047,关键暴击,1113,老练狙神,0.447046,0.000369
1152,任务：钢化你心,1349,终极唤醒,0.465711,0.000306
1036,火上浇油,1328,暴击律动,0.50252,0.001042
1149,不动如山,1406,祖母的辣椒油,0.48714,0.000168
1170,万用瞄准镜,1214,旋转至胜,0.4768,0.000058
1345,心灵净化,1349,终极唤醒,0.458242,0.000371
1214,旋转至胜,2018,纯粹主义者 - 术师,0.500217,0.000013
1044,冰寒,1379,未知符文_1379,0.433041,0.000003
1075,慢炖,1315,快中求稳,0.510914,0.000156
1332,不祥契约,1373,缩小引擎,0.50267,0.000183
1039,冰霜 幽灵,1194,精怪魔法,0.445511,0.000071
1329,史上最大雪球,1341,帽上加帽,0.478647,0.000178
1073,暗影疾奔,1085,折磨者,0.472986,0.000027
1333,逃跑计划,1386,转得我眩晕了,0.480338,0.000001
1067,古式佳酿,1420,咏叹奏鸣,0.530448,0.000268
1067,古式佳酿,1149,不动如山,0.46435,0.000419
1087,台风,1327,坚若磐石,0.440032,0.000016
1326,夜狩,1332,不祥契约,0.43756,0.000077
1053,科学狂人,1214,旋转至胜,0.551442,0.000065
1170,万用瞄准镜,1388,无限循环往复,0.462813,0.000205
1082,残暴之力,1301,神圣干预,0.459018,0.000124
1317,升级：弯刀,1340,升级：米凯尔的祝福,0.432292,0
1118,会心治疗,1198,圣火,0.453041,0.000821
1071,更万用的瞄准镜,1195,巨人杀手,0.544521,0.003235
1238,质变：棱彩阶,1996,升级：耀光,0.521683,0.000512
1047,关键暴击,1208,轨道镭射,0.44329,0.000022
1337,尊我为王,1416,海克斯科技龙魂,0.504324,0.000017
1325,玻璃大炮,1413,和我一起困在这里,0.431105,0.000002
1061,回力OK镖,1334,升级：雪球,0.499064,0.000098
1060,海洋龙魂,1108,自我毁灭,0.484794,0.000117
1113,老练狙神,1220,连拨击锤,0.419407,0.000342
1353,坦克引擎,1996,升级：耀光,0.502679,0.000284
1301,神圣干预,1372,小猫咪找妈妈,0.520964,0.000056
1181,重量级打击手,1424,???,0.458552,0.000021
1066,量子计算,2024,由暴生急,0.452913,0.000018
1116,闪现向前,1373,缩小引擎,0.499472,0.000101
1041,歌利亚巨人,1129,神射法师,0.471892,0.000369
1046,炼狱龙魂,1403,属性叠属性！,0.520992,0.000111
1053,科学狂人,1305,练腿日,0.53157,0.00019
1038,有始有终,1416,海克斯科技龙魂,0.51207,0.000231
1018,巨像的勇气,2004,信念者的强化,0.450296,0.000002
1054,物法皆修,1194,精怪魔法,0.459079,0.000052
1002,尖端发明家,1225,双刀流,0.477908,0.000237
1214,旋转至胜,1386,转得我眩晕了,0.444857,0
1035,感受燃烧,1104,仆从大师,0.491021,0.000014
1035,感受燃烧,1069,退敌力场,0.456735,0.000042
1075,慢炖,1424,???,0.458888,0.000007
1361,任务：艾卡西亚的陷落,1391,红包,0.562697,0.00019
1029,虚幻武器,1180,超强大脑,0.49164,0.000199
1384,捐赠,1416,海克斯科技龙魂,0.51844,0.000158
1322,罪恶快感,1416,海克斯科技龙魂,0.46997,0.000109
1025,俯冲轰炸,1038,有始有终,0.514535,0.000524
1108,自我毁灭,1129,神射法师,0.464574,0.000209
1034,防护面纱,1038,有始有终,0.51513,0.000358
1372,小猫咪找妈妈,1415,双生火焰,0.464173,0.000011
1079,战争交响乐,1225,双刀流,0.545422,0.000862
0,无符文,1386,转得我眩晕了,0.547221,0.000112
1015,死亡之环,1348,闪闪现现,0.445939,0.00001
1034,防护面纱,1084,穿针引线,0.478621,0.000407
1071,更万用的瞄准镜,1225,双刀流,0.567043,0.004005
1039,冰霜 幽灵,1401,生机迸发,0.494292,0.000088
1034,防护面纱,1195,巨人杀手,0.53689,0.000598
1029,虚幻武器,1301,神圣干预,0.462062,0.000203
1205,物理转魔法,1315,快中求稳,0.507605,0.000245
1180,超强大脑,12317,潘朵拉的盒子,0.477811,0.000001
1060,海洋龙魂,2024,由暴生急,0.472509,0.000017
1311,溢流,1403,属性叠属性！,0.532606,0.000173
1041,歌利亚巨人,1373,缩小引擎,0.506197,0.00058
1308,火狐,1336,升级：无尽之刃,0.475849,0.000029
1308,火狐,1329,史上最大雪球,0.51591,0.000158
1048,珠光护手,1411,升级：荆棘之甲,0.471293,0.000031
1310,小丑学院,1390,超凡邪恶,0.514702,0.000485
1391,红包,2007,你肩上的恶魔,0.484698,0.000074
1390,超凡邪恶,1405,速度恶魔,0.515007,0.001482
1322,罪恶快感,1409,魄罗爆破手,0.475706,0.000285
1243,质变：混沌,1319,升级：献祭,0.49418,0.000232
1208,轨道镭射,1225,双刀流,0.472649,0.000062
1042,恶趣味,1361,任务：艾卡西亚的陷落,0.545061,0.000184
1042,恶趣味,1214,旋转至胜,0.479088,0.000015
1103,面包和黄油,1321,砍伤,0.469039,0.000192
1019,全凭身法,1068,循环往复,0.481255,0.00062
1002,尖端发明家,1004,回归基本功,0.49272,0.00019
1020,黎明使者的坚决,1320,升级：收集者,0.474069,0.000097
1032,裁决使,1333,逃跑计划,0.534723,0.002063
1057,山脉龙魂,1070,无休回复,0.474012,0.000146
1220,连拨击锤,1310,小丑学院,0.505368,0.000196
1104,仆从大师,2010,双发快射,0.425112,0.000002
1037,急救用具,1057,山脉龙魂,0.46097,0.000109
1009,霸符兄弟,1150,面包和果酱,0.497242,0.000224
1064,坚韧,1323,残忍,0.490431,0.000578
1068,循环往复,1133,魔法飞弹,0.520924,0.0029
1180,超强大脑,1325,玻璃大炮,0.480636,0.00014
1025,俯冲轰炸,1057,山脉龙魂,0.478847,0.000146
1022,灵巧,2001,当心小蛋糕！,0.529802,0.000276
1356,暴击飞弹,1397,地狱三头犬,0.495735,0.000132
1250,一板一眼,1414,卡皮巴拉空投,0.410144,0.000022
1025,俯冲轰炸,1103,面包和黄油,0.479049,0.000403
1023,魔鬼之舞,1384,捐赠,0.525694,0.000131
1046,炼狱龙魂,1052,闪电打击,0.463674,0.000497
1141,全心为你,1392,神圣雪球,0.434382,0.000006
1056,由心及物,1105,家园卫士,0.538151,0.000212
1037,急救用具,1064,坚韧,0.459039,0.000607
12317,潘朵拉的盒子,1313,作弊：我能回城！,0.482359,0.000077
1019,全凭身法,1036,火上浇油,0.462676,0.000156
1138,渴血,1323,残忍,0.476752,0.000087
1328,暴击律动,1338,升级：狂妄,0.483114,0.000749
1076,天音爆,1324,蛋白粉奶昔,0.479155,0.000216
1038,有始有终,1389,男爵之手,0.550044,0.000053
1107,接二连三,1305,练腿日,0.488778,0.000372
1086,精准奇才,1181,重量级打击手,0.441276,0.000026
1243,质变：混沌,2006,飞身踢,0.516461,0.000105
1079,战争交响乐,1310,小丑学院,0.506639,0.000228
1020,黎明使者的坚决,1416,海克斯科技龙魂,0.474482,0.000021
1319,升级：献祭,1420,咏叹奏鸣,0.503849,0.000178
1071,更万用的瞄准镜,1314,强力护盾,0.464592,0.000107
1013,星界躯体,1118,会心治疗,0.457404,0.001344
1388,无限循环往复,1414,卡皮巴拉空投,0.454072,0.000031
1243,质变：混沌,1305,练腿日,0.496913,0.000345
1084,穿针引线,1170,万用瞄准镜,0.464994,0.000859
1030,尤里卡,1348,闪闪现现,0.479663,0.00007
1068,循环往复,1301,神圣干预,0.490869,0.000343
1338,升级：狂妄,1405,速度恶魔,0.484236,0.00062
1349,终极唤醒,1390,超凡邪恶,0.473623,0.000308
1238,质变：棱彩阶,1243,质变：混沌,0.552287,0.00445
1035,感受燃烧,1414,卡皮巴拉空投,1,0
1052,闪电打击,1414,卡皮巴拉空投,0.441141,0.000026
1195,巨人杀手,1414,卡皮巴拉空投,0.488234,0.000044
1036,火上浇油,1181,重量级打击手,0.489392,0.000307
1020,黎明使者的坚决,1211,杀戮时间到了,0.473235,0.000186
1108,自我毁灭,1346,吸血习性,0.49744,0.000955
1023,魔鬼之舞,1152,任务：钢化你心,0.532779,0.000878
1060,海洋龙魂,1345,心灵净化,0.49077,0.000526
1054,物法皆修,1243,质变：混沌,0.47139,0.000114
1211,杀戮时间到了,1361,任务：艾卡西亚的陷落,0.491565,0.000033
1338,升级：狂妄,1386,转得我眩晕了,0.418964,0.000004
1060,海洋龙魂,1063,狂徒豪气,0.524654,0.000148
1075,慢炖,1187,闪光弹,0.49129,0.000059
1156,任务：沃格勒特的巫师帽,1358,弹球,0.476999,0.000086
1079,战争交响乐,1413,和我一起困在这里,0.456634,0.000005
1211,杀戮时间到了,1220,连拨击锤,0.445984,0.000224
1113,老练狙神,1389,男爵之手,0.505149,0.000026
1039,冰霜 幽灵,1349,终极唤醒,0.456795,0.000103
1386,转得我眩晕了,2009,狂热者,0.445141,0.000001
1113,老练狙神,1384,捐赠,0.49335,0.000356
1053,科学狂人,1150,面包和果酱,0.505022,0.000158
1048,珠光护手,1996,升级：耀光,0.510948,0.000556
1056,由心及物,1404,属性！,0.536516,0.000046
1225,双刀流,1414,卡皮巴拉空投,0.471853,0.000015
1115,最万用的瞄准镜,1313,作弊：我能回城！,0.475411,0.000433
1036,火上浇油,1113,老练狙神,0.455574,0.000401
1104,仆从大师,1112,终极不可阻挡,0.469544,0.000021
1319,升级：献祭,2009,狂热者,0.496562,0.000032
1326,夜狩,1390,超凡邪恶,0.455359,0.00025
1138,渴血,2005,扳机炼狱,0.467504,0.000269
1194,精怪魔法,1420,咏叹奏鸣,0.515628,0.000057
1028,侵蚀,1046,炼狱龙魂,0.488389,0.000256
1334,升级：雪球,1356,暴击飞弹,0.467133,0.000042
1205,物理转魔法,1358,弹球,0.462628,0.000295
1097,巫师式思考,2002,虚空裂隙,0.497667,0.000492
1149,不动如山,1211,杀戮时间到了,0.451373,0.000165
1339,激光治疗,1420,咏叹奏鸣,0.53041,0.000119
1077,灵魂虹吸,1996,升级：耀光,0.500878,0.000304
1070,无休回复,1250,一板一眼,0.495659,0.000157
1058,秘术冲拳,1322,罪恶快感,0.467968,0.001078
1329,史上最大雪球,1415,双生火焰,0.471659,0.000092
1198,圣火,1326,夜狩,0.435115,0.000018
1154,任务：海牛阿福的勇士,1392,神圣雪球,0.454494,0.000004
1400,最终都市列车,1996,升级：耀光,0.516719,0.000097
1321,砍伤,1379,未知符文_1379,0.439977,0.000001
1081,踢踏舞,2007,你肩上的恶魔,0.425465,0.000019
1115,最万用的瞄准镜,1314,强力护盾,0.44094,0.000043
1054,物法皆修,1341,帽上加帽,0.436546,0.000144
0,无符文,1421,舞会女王,0.627072,0.003339
1181,重量级打击手,2018,纯粹主义者 - 术师,0.451515,0.000032
1310,小丑学院,1349,终极唤醒,0.502339,0.000197
1305,练腿日,1413,和我一起困在这里,0.475014,0.000011
1013,星界躯体,1180,超强大脑,0.43461,0.000131
1045,炼狱导管,1214,旋转至胜,0.58602,0.000126
1064,坚韧,1392,神圣雪球,0.438422,0.000055
1332,不祥契约,1333,逃跑计划,0.527083,0.000177
1116,闪现向前,1156,任务：沃格勒特的巫师帽,0.492732,0.00006
1214,旋转至胜,2009,狂热者,0.492642,0.000014
1015,死亡之环,1180,超强大脑,0.441152,0.000078
1154,任务：海牛阿福的勇士,1313,作弊：我能回城！,0.478715,0.000129
1048,珠光护手,1086,精准奇才,0.467846,0.000291
1384,捐赠,1414,卡皮巴拉空投,0.464201,0.000056
1337,尊我为王,1372,小猫咪找妈妈,0.596382,0.000013
1026,唯快不破,1388,无限循环往复,0.527534,0.000082
1022,灵巧,1041,歌利亚巨人,0.513145,0.00076
1026,唯快不破,1066,量子计算,0.489583,0.000045
1028,侵蚀,1321,砍伤,0.487731,0.000164
1015,死亡之环,1324,蛋白粉奶昔,0.560046,0.000355
1019,全凭身法,1322,罪恶快感,0.467073,0.000724
1133,魔法飞弹,1346,吸血习性,0.534163,0.00477
1311,溢流,1414,卡皮巴拉空投,0.448494,0.000048
1323,残忍,1996,升级：耀光,0.467319,0.000024
1088,终极刷新,1346,吸血习性,0.47553,0.000724
1013,星界躯体,1087,台风,0.474711,0.000125
1019,全凭身法,2005,扳机炼狱,0.459333,0.000039
1060,海洋龙魂,1237,质变：黄金阶,0.506211,0.000249
1081,踢踏舞,2010,双发快射,0.54371,0.000366
1180,超强大脑,1346,吸血习性,0.520959,0.000793
1379,未知符文_1379,1415,双生火焰,0.459635,0.000004
1195,巨人杀手,1420,咏叹奏鸣,0.572407,0.000527
1054,物法皆修,1081,踢踏舞,0.500516,0.000485
1331,至高天诺言,1337,尊我为王,0.577629,0.000012
1057,山脉龙魂,1397,地狱三头犬,0.447819,0.000034
1067,古式佳酿,1341,帽上加帽,0.49258,0.000439
1187,闪光弹,1211,杀戮时间到了,0.479758,0.000179
1056,由心及物,1063,狂徒豪气,0.547209,0.000151
1018,巨像的勇气,2007,你肩上的恶魔,0.391604,0.000005
1220,连拨击锤,1322,罪恶快感,0.463752,0.001129
1084,穿针引线,2009,狂热者,0.475963,0.000389
1194,精怪魔法,1345,心灵净化,0.459366,0.000302
1026,唯快不破,2018,纯粹主义者 - 术师,0.480437,0.000013
1047,关键暴击,1418,砸开那颗蛋,0.467244,0.000001
1250,一板一眼,1416,海克斯科技龙魂,0.461936,0.000067
1086,精准奇才,2024,由暴生急,0.422571,0.000027
1056,由心及物,1329,史上最大雪球,0.492558,0.000233
1141,全心为你,1403,属性叠属性！,0.499342,0.00002
1113,老练狙神,1333,逃跑计划,0.513352,0.000452
1069,退敌力场,1411,升级：荆棘之甲,0.480222,0.00001
1027,大地苏醒,1388,无限循环往复,0.499785,0.000036
1029,虚幻武器,1088,终极刷新,0.447821,0.000184
1013,星界躯体,1315,快中求稳,0.479884,0.000245
1045,炼狱导管,1372,小猫咪找妈妈,0.473685,0.000021
1156,任务：沃格勒特的巫师帽,1414,卡皮巴拉空投,0.450852,0.000018
1046,炼狱龙魂,1411,升级：荆棘之甲,0.513879,0.000021
1006,利刃华尔兹,1397,地狱三头犬,0.460625,0.000109
1023,魔鬼之舞,1116,闪现向前,0.47776,0.00003
1198,圣火,1238,质变：棱彩阶,0.478024,0.000351
1058,秘术冲拳,1358,弹球,0.446694,0.000071
1058,秘术冲拳,1103,面包和黄油,0.473991,0.000548
1310,小丑学院,1316,刃下生风,0.543438,0.00053
1170,万用瞄准镜,2003,魄罗之王的弹跳,0.448308,0.00003
1035,感受燃烧,1097,巫师式思考,0.479541,0.000184
1069,退敌力场,1348,闪闪现现,0.42731,0.000009
1301,神圣干预,1358,弹球,0.458114,0.000067
1149,不动如山,1337,尊我为王,0.490671,0.000063
1071,更万用的瞄准镜,1404,属性！,0.544548,0.00012
1214,旋转至胜,2002,虚空裂隙,0.548259,0.000018
1195,巨人杀手,1339,激光治疗,0.49168,0.000021
1310,小丑学院,1332,不祥契约,0.500902,0.000096
1326,夜狩,1349,终极唤醒,0.447006,0.000255
1050,基石法师,1347,吵闹鬼,0.478315,0.000048
1044,冰寒,1082,残暴之力,0.45279,0.000056
1133,魔法飞弹,1152,任务：钢化你心,0.462259,0.000684
1320,升级：收集者,2005,扳机炼狱,0.439933,0.000197
1011,你摸不到,1118,会心治疗,0.444427,0.000131
1011,你摸不到,1411,升级：荆棘之甲,0.479008,0.000007
1064,坚韧,1409,魄罗爆破手,0.474566,0.000206
1220,连拨击锤,1338,升级：狂妄,0.449409,0.000438
1028,侵蚀,1375,吞噬灵魂,0.484815,0.000182
1081,踢踏舞,1333,逃跑计划,0.55142,0.000454
1009,霸符兄弟,1042,恶趣味,0.503794,0.000066
1022,灵巧,2024,由暴生急,0.479309,0.000149
1050,基石法师,1073,暗影疾奔,0.506792,0.000107
1170,万用瞄准镜,1389,男爵之手,0.51689,0.000012
1134,亮出你的剑,1401,生机迸发,0.583349,0.000046
1138,渴血,2007,你肩上的恶魔,0.457778,0.000117
1079,战争交响乐,2024,由暴生急,0.447387,0.000073
1029,虚幻武器,2024,由暴生急,0.450546,0.000057
1107,接二连三,1214,旋转至胜,0.44829,0.000073
1073,暗影疾奔,1327,坚若磐石,0.474735,0.000043
1047,关键暴击,1313,作弊：我能回城！,0.471444,0.000335
0,无符文,1418,砸开那颗蛋,0.612484,0.000277
1071,更万用的瞄准镜,1141,全心为你,0.458636,0.000033
1301,神圣干预,1338,升级：狂妄,0.461564,0.000241
1405,速度恶魔,1420,咏叹奏鸣,0.541232,0.000327
1056,由心及物,1138,渴血,0.516676,0.000355
1337,尊我为王,1388,无限循环往复,0.539725,0.000043
1073,暗影疾奔,1194,精怪魔法,0.489982,0.00011
1332,不祥契约,1347,吵闹鬼,0.461981,0.000026
1044,冰寒,1319,升级：献祭,0.481627,0.000154
1073,暗影疾奔,1077,灵魂虹吸,0.523284,0.000452
1098,急急小子,1180,超强大脑,0.51091,0.000147
1035,感受燃烧,1156,任务：沃格勒特的巫师帽,0.477903,0.000057
1027,大地苏醒,1053,科学狂人,0.510912,0.000053
1011,你摸不到,1047,关键暴击,0.449585,0.000097
1009,霸符兄弟,1067,古式佳酿,0.524005,0.000298
1205,物理转魔法,1404,属性！,0.523623,0.000106
1154,任务：海牛阿福的勇士,1206,魔法转物理,0.560552,0.000207
1107,接二连三,1372,小猫咪找妈妈,0.464742,0.000006
1237,质变：黄金阶,1391,红包,0.576561,0.0003
1336,升级：无尽之刃,2003,魄罗之王的弹跳,0.46054,0.00004
1098,急急小子,1337,尊我为王,0.498009,0.000051
1019,全凭身法,1129,神射法师,0.501141,0.0005
1331,至高天诺言,1342,雪球扭蛋机,0.363636,0
1071,更万用的瞄准镜,1316,刃下生风,0.484267,0.0002
1032,裁决使,1402,属性叠属性叠属性！,0.505073,0.00023
1416,海克斯科技龙魂,2003,魄罗之王的弹跳,0.467343,0.000019
1060,海洋龙魂,1421,舞会女王,0.508736,0.000026
1320,升级：收集者,1386,转得我眩晕了,0.444667,0.000003
1060,海洋龙魂,1180,超强大脑,0.5096,0.000202
1002,尖端发明家,1138,渴血,0.461451,0.000714
1044,冰寒,1336,升级：无尽之刃,0.474905,0.000077
1108,自我毁灭,1356,暴击飞弹,0.474482,0.000018
1066,量子计算,1336,升级：无尽之刃,0.47088,0.000119
1108,自我毁灭,1138,渴血,0.484715,0.00033
1046,炼狱龙魂,1327,坚若磐石,0.451322,0.000062
1318,升级：中娅,1361,任务：艾卡西亚的陷落,0.492602,0.000008
1067,古式佳酿,1339,激光治疗,0.45276,0.000053
1141,全心为你,1397,地狱三头犬,0.417989,0.000005
1103,面包和黄油,1320,升级：收集者,0.449378,0.000582
1208,轨道镭射,1349,终极唤醒,0.455617,0.000061
1214,旋转至胜,1319,升级：献祭,0.492422,0.000049
1088,终极刷新,1198,圣火,0.444961,0.000058
1029,虚幻武器,2002,虚空裂隙,0.483651,0.000165
1194,精怪魔法,1204,叠角龙,0.466782,0.000007
1027,大地苏醒,1034,防护面纱,0.468334,0.000036
1051,点亮他们！,1313,作弊：我能回城！,0.485656,0.000254
1206,魔法转物理,1313,作弊：我能回城！,0.481029,0.000441
1205,物理转魔法,1339,激光治疗,0.455625,0.000049
1339,激光治疗,2001,当心小蛋糕！,0.472716,0.000008
1325,玻璃大炮,1400,最终都市列车,0.508497,0.000119
1052,闪电打击,1220,连拨击锤,0.477422,0.001416
1009,霸符兄弟,1086,精准奇才,0.494815,0.000108
1006,利刃华尔兹,1316,刃下生风,0.463668,0.000199
1009,霸符兄弟,1134,亮出你的剑,0.592557,0.000108
1330,活力再生,1356,暴击飞弹,0.491493,0.000106
1044,冰寒,1344,最终形态,0.495073,0.000251
2010,双发快射,2024,由暴生急,0.473418,0.000143
1051,点亮他们！,1388,无限循环往复,0.479334,0.000154
1392,神圣雪球,2004,信念者的强化,0.427533,0.000002
1018,巨像的勇气,1406,祖母的辣椒油,0.48413,0.000141
1037,急救用具,1054,物法皆修,0.448118,0.000037
0,无符文,1025,俯冲轰炸,0.590855,0.021026
1409,魄罗爆破手,2026,杀意翻涌,0.477859,0.000105
1023,魔鬼之舞,1310,小丑学院,0.521619,0.000272
1204,叠角龙,1344,最终形态,0.510272,0.000017
1397,地狱三头犬,1400,最终都市列车,0.51459,0.000057
1050,基石法师,1409,魄罗爆破手,0.503937,0.000269
1326,夜狩,1339,激光治疗,0.386445,0.000001
1034,防护面纱,1112,终极不可阻挡,0.461685,0.00008
1073,暗影疾奔,1313,作弊：我能回城！,0.510759,0.000495
1152,任务：钢化你心,1358,弹球,0.446912,0.000156
1054,物法皆修,1187,闪光弹,0.43506,0.000024
1208,轨道镭射,1372,小猫咪找妈妈,0.459131,0.000005
1079,战争交响乐,1315,快中求稳,0.515376,0.000285
1058,秘术冲拳,1356,暴击飞弹,0.476579,0.000215
1048,珠光护手,1311,溢流,0.501728,0.002664
1316,刃下生风,1379,未知符文_1379,0.367958,0
1421,舞会女王,2001,当心小蛋糕！,0.501225,0.000018
1112,终极不可阻挡,1346,吸血习性,0.495794,0.000975
1324,蛋白粉奶昔,1346,吸血习性,0.454375,0.000636
1004,回归基本功,1052,闪电打击,0.493194,0.000232
1030,尤里卡,1152,任务：钢化你心,0.455217,0.000429
1064,坚韧,1996,升级：耀光,0.484839,0.000095
1424,???,2026,杀意翻涌,0.443147,0.000008
1061,回力OK镖,1315,快中求稳,0.527019,0.000052
1063,狂徒豪气,1384,捐赠,0.543975,0.00017
1007,大力,1195,巨人杀手,0.552836,0.00109
1023,魔鬼之舞,1050,基石法师,0.473841,0.00003
1187,闪光弹,1328,暴击律动,0.475375,0.000036
1418,砸开那颗蛋,2007,你肩上的恶魔,0.403065,0
1150,面包和果酱,1198,圣火,0.461339,0.000152
1086,精准奇才,1220,连拨击锤,0.433619,0.000093
1044,冰寒,1181,重量级打击手,0.485704,0.000297
1321,砍伤,1353,坦克引擎,0.490785,0.001333
1070,无休回复,1151,面包和奶酪,0.507345,0.000224
1002,尖端发明家,1075,慢炖,0.508973,0.001085
1009,霸符兄弟,1305,练腿日,0.520647,0.000145
1406,祖母的辣椒油,1411,升级：荆棘之甲,0.54435,0.000105
1325,玻璃大炮,1356,暴击飞弹,0.454884,0.000058
1220,连拨击锤,1342,雪球扭蛋机,0.442795,0.000069
1198,圣火,1206,魔法转物理,0.457892,0.000028
1194,精怪魔法,1397,地狱三头犬,0.450712,0.000068
1036,火上浇油,1339,激光治疗,0.430275,0.000011
1009,霸符兄弟,1018,巨像的勇气,0.497382,0.000072
1194,精怪魔法,1301,神圣干预,0.454044,0.000084
1073,暗影疾奔,1996,升级：耀光,0.519476,0.000226
1310,小丑学院,1406,祖母的辣椒油,0.538134,0.000206
1050,基石法师,1344,最终形态,0.490624,0.0001
1037,急救用具,1319,升级：献祭,0.485014,0.000163
1170,万用瞄准镜,1220,连拨击锤,0.454176,0.000894
1349,终极唤醒,2003,魄罗之王的弹跳,0.461868,0.00001
1151,面包和奶酪,1243,质变：混沌,0.479222,0.000419
1327,坚若磐石,1391,红包,0.5099,0.000116
1062,全能龙魂,1205,物理转魔法,0.508598,0.000264
1002,尖端发明家,1088,终极刷新,0.439925,0.000181
1066,量子计算,1996,升级：耀光,0.478221,0.000072
1039,冰霜 幽灵,1113,老练狙神,0.442702,0.000054
1020,黎明使者的坚决,1053,科学狂人,0.514071,0.000132
1054,物法皆修,1103,面包和黄油,0.43447,0.000239
1313,作弊：我能回城！,2008,负重爆气,0.479591,0.000333
1411,升级：荆棘之甲,2024,由暴生急,0.475733,0.000002
1061,回力OK镖,1187,闪光弹,0.466016,0.000014
1151,面包和奶酪,1329,史上最大雪球,0.465438,0.000131
1086,精准奇才,1328,暴击律动,0.444713,0.00015
1073,暗影疾奔,1406,祖母的辣椒油,0.526407,0.000091
1198,圣火,1401,生机迸发,0.464576,0.000033
1187,闪光弹,1243,质变：混沌,0.471031,0.000143
1237,质变：黄金阶,2010,双发快射,0.53302,0.000089
1073,暗影疾奔,1331,至高天诺言,0.430668,0.000004
1325,玻璃大炮,2008,负重爆气,0.442175,0.000125
12317,潘朵拉的盒子,1375,吞噬灵魂,0.491305,0.000001
1329,史上最大雪球,1379,未知符文_1379,0.430227,0.000001
1108,自我毁灭,1340,升级：米凯尔的祝福,0.55063,0.000019
1058,秘术冲拳,1088,终极刷新,0.433257,0.000122
1051,点亮他们！,1085,折磨者,0.453845,0.000017
1023,魔鬼之舞,1151,面包和奶酪,0.481633,0.00015
1336,升级：无尽之刃,2005,扳机炼狱,0.453331,0.000095
1170,万用瞄准镜,1332,不祥契约,0.460514,0.000064
1358,弹球,1404,属性！,0.494049,0.000067
1074,缩小射线,1414,卡皮巴拉空投,0.421239,0.000022
1027,大地苏醒,1138,渴血,0.500241,0.000285
1023,魔鬼之舞,1325,玻璃大炮,0.452172,0.000039
1048,珠光护手,1332,不祥契约,0.48602,0.000345
1322,罪恶快感,2018,纯粹主义者 - 术师,0.434208,0.000069
1074,缩小射线,1424,???,0.424673,0.000013
1313,作弊：我能回城！,1404,属性！,0.507482,0.000077
1028,侵蚀,1208,轨道镭射,0.4832,0.000029
1057,山脉龙魂,1405,速度恶魔,0.474697,0.000051
1011,你摸不到,1180,超强大脑,0.464588,0.000082
1068,循环往复,1071,更万用的瞄准镜,0.492951,0.000808
1337,尊我为王,2024,由暴生急,0.477733,0.000013
1066,量子计算,1342,雪球扭蛋机,0.477515,0.000131
1389,男爵之手,2008,负重爆气,0.517687,0.00003
1181,重量级打击手,12317,潘朵拉的盒子,0.496195,0.000002
1037,急救用具,1088,终极刷新,0.455457,0.000101
1056,由心及物,1402,属性叠属性叠属性！,0.531319,0.000069
1045,炼狱导管,1404,属性！,0.544659,0.0001
1238,质变：棱彩阶,1375,吞噬灵魂,0.508917,0.000435
1076,天音爆,2005,扳机炼狱,0.436406,0.000002
1063,狂徒豪气,1134,亮出你的剑,0.644022,0.000141
1067,古式佳酿,1331,至高天诺言,0.46773,0.000053
1075,慢炖,1400,最终都市列车,0.519248,0.000202
1011,你摸不到,1194,精怪魔法,0.454408,0.000144
1338,升级：狂妄,1401,生机迸发,0.479316,0.000137
1042,恶趣味,1133,魔法飞弹,0.478818,0.000265
1070,无休回复,1118,会心治疗,0.489267,0.000379
1225,双刀流,1402,属性叠属性叠属性！,0.567277,0.000048
1004,回归基本功,1421,舞会女王,0.521432,0.000007
1047,关键暴击,1060,海洋龙魂,0.483592,0.000153
1113,老练狙神,1321,砍伤,0.412476,0.000011
1076,天音爆,1225,双刀流,0.4978,0.000024
1319,升级：献祭,1346,吸血习性,0.494685,0.000529
1002,尖端发明家,1149,不动如山,0.470874,0.000431
1112,终极不可阻挡,1375,吞噬灵魂,0.448512,0.000068
1050,基石法师,1082,残暴之力,0.456317,0.000032
1206,魔法转物理,1320,升级：收集者,0.505627,0.001034
1028,侵蚀,1329,史上最大雪球,0.484572,0.00012
1045,炼狱导管,1401,生机迸发,0.49475,0.000097
1052,闪电打击,1384,捐赠,0.542767,0.000445
1237,质变：黄金阶,1390,超凡邪恶,0.520291,0.000605
1105,家园卫士,1389,男爵之手,0.553369,0.000009
1070,无休回复,1076,天音爆,0.491394,0.000074
1035,感受燃烧,1335,夺金,0.481753,0.000019
1372,小猫咪找妈妈,1403,属性叠属性！,0.509619,0.000007
1075,慢炖,1181,重量级打击手,0.539564,0.002442
1391,红包,2006,飞身踢,0.536256,0.000402
1087,台风,1323,残忍,0.440712,0.000019
1115,最万用的瞄准镜,1420,咏叹奏鸣,0.503453,0.000112
1071,更万用的瞄准镜,1204,叠角龙,0.539412,0.000066
1310,小丑学院,2026,杀意翻涌,0.527845,0.000254
1071,更万用的瞄准镜,1416,海克斯科技龙魂,0.481447,0.000124
1067,古式佳酿,1404,属性！,0.525599,0.000063
1095,风语者的祝福,1336,升级：无尽之刃,0.472372,0.000015
1032,裁决使,1405,速度恶魔,0.47989,0.001273
1044,冰寒,1067,古式佳酿,0.500233,0.000641
1211,杀戮时间到了,1397,地狱三头犬,0.454037,0.000136
1087,台风,1328,暴击律动,0.489209,0.001792
1326,夜狩,1347,吵闹鬼,0.434004,0.00004
1027,大地苏醒,1211,杀戮时间到了,0.478328,0.000166
1050,基石法师,1187,闪光弹,0.468696,0.000023
1015,死亡之环,1057,山脉龙魂,0.486582,0.000105
1027,大地苏醒,1996,升级：耀光,0.476834,0.000034
1068,循环往复,2008,负重爆气,0.492094,0.000611
1084,穿针引线,1333,逃跑计划,0.526409,0.000857
1045,炼狱导管,1337,尊我为王,0.599576,0.00027
1004,回归基本功,1050,基石法师,0.53115,0.000116
1318,升级：中娅,1338,升级：狂妄,0.421407,0.000013
1358,弹球,2007,你肩上的恶魔,0.411407,0.000021
1373,缩小引擎,2010,双发快射,0.509893,0.000221
1077,灵魂虹吸,1097,巫师式思考,0.460074,0.000184
1053,科学狂人,1341,帽上加帽,0.51276,0.000159
1067,古式佳酿,1076,天音爆,0.486244,0.000144
1037,急救用具,1323,残忍,0.470678,0.000104
1325,玻璃大炮,1404,属性！,0.494051,0.000024
1025,俯冲轰炸,1077,灵魂虹吸,0.498916,0.00023
1036,火上浇油,1064,坚韧,0.461164,0.00026
1054,物法皆修,1095,风语者的祝福,0.466764,0.00001
1116,闪现向前,2003,魄罗之王的弹跳,0.666667,0
1007,大力,1311,溢流,0.510427,0.0002
1329,史上最大雪球,1402,属性叠属性叠属性！,0.50514,0.000016
1141,全心为你,1384,捐赠,0.49472,0.000053
1041,歌利亚巨人,1418,砸开那颗蛋,0.454784,0.000006
1310,小丑学院,1401,生机迸发,0.888889,0
1069,退敌力场,1340,升级：米凯尔的祝福,0.503594,0.000017
1013,星界躯体,1133,魔法飞弹,0.466119,0.000536
1150,面包和果酱,1424,???,0.445543,0.000013
1107,接二连三,1149,不动如山,0.435499,0.000043
1030,尤里卡,1328,暴击律动,0.459621,0.000057
1054,物法皆修,1214,旋转至胜,0.459609,0.000056
1053,科学狂人,1346,吸血习性,0.561069,0.000992
1328,暴击律动,1389,男爵之手,0.54283,0.000016
1020,黎明使者的坚决,1358,弹球,0.463113,0.000032
1068,循环往复,1107,接二连三,0.467618,0.000377
1316,刃下生风,1332,不祥契约,0.451952,0.000027
1002,尖端发明家,1373,缩小引擎,0.488971,0.000417
1095,风语者的祝福,1347,吵闹鬼,0.473759,0.000015
1323,残忍,1375,吞噬灵魂,0.501403,0.000619
1156,任务：沃格勒特的巫师帽,1386,转得我眩晕了,0.461754,0.000001
1087,台风,1337,尊我为王,0.496208,0.000078
1034,防护面纱,1310,小丑学院,0.516983,0.000196
1151,面包和奶酪,1330,活力再生,0.438863,0.000033
1211,杀戮时间到了,1313,作弊：我能回城！,0.485626,0.000794
1009,霸符兄弟,1310,小丑学院,0.533365,0.000202
1205,物理转魔法,1345,心灵净化,0.47392,0.001454
1180,超强大脑,1409,魄罗爆破手,0.513532,0.000224
1319,升级：献祭,1336,升级：无尽之刃,0.453857,0.000032
1047,关键暴击,1085,折磨者,0.43031,0.00003
1020,黎明使者的坚决,1075,慢炖,0.524369,0.000478
1095,风语者的祝福,1324,蛋白粉奶昔,0.487395,0.000249
1134,亮出你的剑,1341,帽上加帽,0.483428,0.000014
1029,虚幻武器,1311,溢流,0.484659,0.000702
1085,折磨者,1347,吵闹鬼,0.448623,0.000011
1138,渴血,1358,弹球,0.467491,0.000274
1044,冰寒,1318,升级：中娅,0.49092,0.00059
1064,坚韧,1180,超强大脑,0.446849,0.000154
1310,小丑学院,1342,雪球扭蛋机,0.4,0
1045,炼狱导管,1206,魔法转物理,0.445012,0.000143
1389,男爵之手,1406,祖母的辣椒油,0.546909,0.000038
1301,神圣干预,1400,最终都市列车,0.521385,0.000298
1347,吵闹鬼,1400,最终都市列车,0.468008,0.000012
1006,利刃华尔兹,1032,裁决使,0.461685,0.001467
1048,珠光护手,1413,和我一起困在这里,0.456923,0.000021
1311,溢流,2024,由暴生急,0.473862,0.000046
1133,魔法飞弹,1347,吵闹鬼,0.486227,0.000171
1154,任务：海牛阿福的勇士,1341,帽上加帽,0.480239,0.000113
1004,回归基本功,1022,灵巧,0.508975,0.000396
1037,急救用具,1321,砍伤,0.473041,0.000102
1041,歌利亚巨人,1204,叠角龙,0.506055,0.000071
1384,捐赠,2024,由暴生急,0.502659,0.000108
1019,全凭身法,1141,全心为你,0.453804,0.000008
1088,终极刷新,2024,由暴生急,0.433451,0.000025
1149,不动如山,1156,任务：沃格勒特的巫师帽,0.459513,0.000063
1023,魔鬼之舞,1322,罪恶快感,0.496033,0.000462
1064,坚韧,1154,任务：海牛阿福的勇士,0.458292,0.000119
1205,物理转魔法,1389,男爵之手,0.524273,0.000041
1250,一板一眼,1342,雪球扭蛋机,0.48226,0.000153
1036,火上浇油,1379,未知符文_1379,0.468061,0.000004
1064,坚韧,1337,尊我为王,0.498514,0.000161
1237,质变：黄金阶,2005,扳机炼狱,0.476542,0.000059
0,无符文,12317,潘朵拉的盒子,0.536511,0.000088
1042,恶趣味,1322,罪恶快感,0.467321,0.00009
1058,秘术冲拳,1345,心灵净化,0.444687,0.000485
1004,回归基本功,1187,闪光弹,0.509498,0.00005
1062,全能龙魂,1308,火狐,0.534924,0.000057
1238,质变：棱彩阶,1335,夺金,0.498494,0.00022
1062,全能龙魂,1074,缩小射线,0.473428,0.000145
1214,旋转至胜,2004,信念者的强化,0.422713,0
1356,暴击飞弹,2002,虚空裂隙,0.48535,0.000151
1029,虚幻武器,1413,和我一起困在这里,0.467926,0.000021
1047,关键暴击,1420,咏叹奏鸣,0.505238,0.000083
1105,家园卫士,1414,卡皮巴拉空投,0.476797,0.000017
1013,星界躯体,1195,巨人杀手,0.507855,0.000406
1082,残暴之力,1204,叠角龙,0.520763,0.000011
1141,全心为你,1205,物理转魔法,0.454866,0.00012
1052,闪电打击,1057,山脉龙魂,0.46648,0.000066
1098,急急小子,1116,闪现向前,0.469387,0.000027
1029,虚幻武器,1104,仆从大师,0.479614,0.000086
1338,升级：狂妄,2024,由暴生急,0.464323,0.000212
1208,轨道镭射,1348,闪闪现现,0.666667,0
1115,最万用的瞄准镜,1320,升级：收集者,0.486387,0.001297
1058,秘术冲拳,1386,转得我眩晕了,0.435657,0.000001
12317,潘朵拉的盒子,1243,质变：混沌,0.552483,0.000012
1041,歌利亚巨人,1112,终极不可阻挡,0.469042,0.000354
1250,一板一眼,1339,激光治疗,0.366039,0.000002
1156,任务：沃格勒特的巫师帽,1170,万用瞄准镜,0.473054,0.00007
1048,珠光护手,1050,基石法师,0.479708,0.00103
1320,升级：收集者,1333,逃跑计划,0.5388,0.000567
1149,不动如山,1329,史上最大雪球,0.459029,0.000127
1019,全凭身法,1356,暴击飞弹,0.480253,0.00004
1011,你摸不到,1048,珠光护手,0.466067,0.000237
1046,炼狱龙魂,1104,仆从大师,0.495208,0.00006
1225,双刀流,1349,终极唤醒,0.480773,0.000136
0,无符文,1080,会心防御,0.584016,0.009977
1156,任务：沃格勒特的巫师帽,1195,巨人杀手,0.553379,0.000571
1007,大力,1028,侵蚀,0.498571,0.000098
1026,唯快不破,2003,魄罗之王的弹跳,0.49477,0.000008
1052,闪电打击,1073,暗影疾奔,0.539413,0.000651
1098,急急小子,1320,升级：收集者,0.453589,0.000174
1323,残忍,2006,飞身踢,0.496659,0.000113
1340,升级：米凯尔的祝福,1346,吸血习性,0.483565,0.00002
1082,残暴之力,1107,接二连三,0.453396,0.000429
1326,夜狩,1348,闪闪现现,0.419706,0.000034
1039,冰霜 幽灵,1154,任务：海牛阿福的勇士,0.454916,0.000054
1076,天音爆,1313,作弊：我能回城！,0.487143,0.000136
1237,质变：黄金阶,1404,属性！,0.567761,0.000382
1319,升级：献祭,2018,纯粹主义者 - 术师,0.469595,0.000026
1152,任务：钢化你心,1389,男爵之手,0.497424,0.000036
1319,升级：献祭,1392,神圣雪球,0.435574,0.000056
1009,霸符兄弟,1118,会心治疗,0.496111,0.000277
1332,不祥契约,2016,注魔,0.471509,0.000037
1333,逃跑计划,1391,红包,0.59764,0.000352
1011,你摸不到,1214,旋转至胜,0.475344,0.000057
1028,侵蚀,2009,狂热者,0.501798,0.000055
1071,更万用的瞄准镜,1349,终极唤醒,0.462814,0.000267
1034,防护面纱,1322,罪恶快感,0.484599,0.000304
1079,战争交响乐,1152,任务：钢化你心,0.474742,0.000424
1077,灵魂虹吸,1384,捐赠,0.537461,0.000293
1069,退敌力场,2001,当心小蛋糕！,0.466092,0.000038
1066,量子计算,1330,活力再生,0.426724,0.000012
1138,渴血,1319,升级：献祭,0.503562,0.000238
1198,圣火,1327,坚若磐石,0.450121,0.000081
1013,星界躯体,1346,吸血习性,0.472434,0.001069
1097,巫师式思考,1322,罪恶快感,0.477406,0.000246
1411,升级：荆棘之甲,2007,你肩上的恶魔,0.420466,0.000006
1214,旋转至胜,2008,负重爆气,0.516684,0.000073
1088,终极刷新,2002,虚空裂隙,0.493915,0.000038
1025,俯冲轰炸,1401,生机迸发,0.500399,0.000098
1082,残暴之力,1421,舞会女王,0.489006,0.000033
1348,闪闪现现,2016,注魔,0.387597,0
1390,超凡邪恶,1409,魄罗爆破手,0.512799,0.001827
1414,卡皮巴拉空投,2007,你肩上的恶魔,0.385521,0.000006
1138,渴血,1237,质变：黄金阶,0.516594,0.000721
1048,珠光护手,2003,魄罗之王的弹跳,0.477913,0.000057
1079,战争交响乐,1336,升级：无尽之刃,0.505843,0.000684
1329,史上最大雪球,1414,卡皮巴拉空投,0.8,0
1064,坚韧,2018,纯粹主义者 - 术师,0.44513,0.000039
1195,巨人杀手,1238,质变：棱彩阶,0.554405,0.003133
1045,炼狱导管,2006,飞身踢,0.494647,0.000107
1035,感受燃烧,1136,扇巴掌,0.493952,0.000199
1348,闪闪现现,1402,属性叠属性叠属性！,0.541738,0
1044,冰寒,1321,砍伤,0.462607,0.000082
1025,俯冲轰炸,1416,海克斯科技龙魂,0.51173,0.000062
1098,急急小子,1375,吞噬灵魂,0.511175,0.000096
1092,易损,1391,红包,0.556129,0.000324
1206,魔法转物理,1403,属性叠属性！,0.557185,0.000126
2004,信念者的强化,2024,由暴生急,0.445411,0.000003
1141,全心为你,1389,男爵之手,0.534172,0.000005
1313,作弊：我能回城！,1397,地狱三头犬,0.459591,0.000161
1002,尖端发明家,1152,任务：钢化你心,0.524469,0.002346
1087,台风,1353,坦克引擎,0.485731,0.000387
1238,质变：棱彩阶,1409,魄罗爆破手,0.516709,0.000379
1118,会心治疗,1336,升级：无尽之刃,0.524364,0.000773
1038,有始有终,1042,恶趣味,0.481651,0.000116
1103,面包和黄油,1308,火狐,0.500804,0.000183
1026,唯快不破,1421,舞会女王,0.522991,0.000009
1136,扇巴掌,1400,最终都市列车,0.498985,0.000251
1108,自我毁灭,1331,至高天诺言,0.475095,0.000013
1154,任务：海牛阿福的勇士,1324,蛋白粉奶昔,0.444618,0.00002
1019,全凭身法,1038,有始有终,0.506655,0.000425
1020,黎明使者的坚决,1036,火上浇油,0.476192,0.000112
1238,质变：棱彩阶,1313,作弊：我能回城！,0.505165,0.00165
1133,魔法飞弹,1317,升级：弯刀,0.399443,0.000003
1041,歌利亚巨人,1338,升级：狂妄,0.503364,0.001278
1326,夜狩,1331,至高天诺言,0.382746,0.000003
1058,秘术冲拳,2009,狂热者,0.488378,0.000337
1028,侵蚀,1372,小猫咪找妈妈,0.478196,0.000009
0,无符文,1389,男爵之手,0.569892,0.000988
1039,冰霜 幽灵,1116,闪现向前,0.467023,0.000033
1023,魔鬼之舞,1070,无休回复,0.506085,0.000137
1045,炼狱导管,1138,渴血,0.520169,0.000721
1211,杀戮时间到了,1405,速度恶魔,0.474456,0.000331
1042,恶趣味,1205,物理转魔法,0.463217,0.000147
12317,潘朵拉的盒子,1344,最终形态,0.569194,0.000001
1085,折磨者,1141,全心为你,0.459328,0.000025
1220,连拨击锤,1333,逃跑计划,0.519099,0.000344
1335,夺金,2009,狂热者,0.505059,0.000075
1318,升级：中娅,1996,升级：耀光,0.502425,0.000052
1107,接二连三,1375,吞噬灵魂,0.454785,0.000075
1214,旋转至胜,1330,活力再生,0.470481,0.000004
1056,由心及物,1375,吞噬灵魂,0.48787,0.000426
1019,全凭身法,1214,旋转至胜,0.522095,0.000169
1315,快中求稳,1341,帽上加帽,0.500402,0.0001
1029,虚幻武器,1039,冰霜 幽灵,0.467143,0.000248
1006,利刃华尔兹,1237,质变：黄金阶,0.474989,0.000247
1250,一板一眼,1333,逃跑计划,0.540608,0.000459
1150,面包和果酱,1334,升级：雪球,0.463625,0.000163
1075,慢炖,1116,闪现向前,0.476332,0.000041
1002,尖端发明家,1405,速度恶魔,0.459238,0.00031
1029,虚幻武器,1044,冰寒,0.472796,0.000729
1085,折磨者,1116,闪现向前,0.453236,0.000014
1019,全凭身法,1136,扇巴掌,0.498868,0.000368
1180,超强大脑,1411,升级：荆棘之甲,0.480337,0.000007
1073,暗影疾奔,2007,你肩上的恶魔,0.454454,0.000039
1113,老练狙神,1180,超强大脑,0.495655,0.000489
1379,未知符文_1379,1413,和我一起困在这里,0.446215,0
1204,叠角龙,12317,潘朵拉的盒子,0.708333,0
1250,一板一眼,1331,至高天诺言,0.359749,0.000002
1319,升级：献祭,1996,升级：耀光,0.48485,0.00005
1115,最万用的瞄准镜,1333,逃跑计划,0.53757,0.000453
12317,潘朵拉的盒子,1324,蛋白粉奶昔,0.467422,0
0,无符文,1327,坚若磐石,0.549307,0.008937
1379,未知符文_1379,1409,魄罗爆破手,0.457875,0.000004
1073,暗影疾奔,1237,质变：黄金阶,0.521534,0.000322
1030,尤里卡,1421,舞会女王,0.523654,0.000015
1041,歌利亚巨人,1345,心灵净化,0.471478,0.001202
1198,圣火,1311,溢流,0.459945,0.000275
1318,升级：中娅,1332,不祥契约,0.47656,0.000193
1044,冰寒,1072,炽烈黎明,0.50951,0.000295
1035,感受燃烧,1211,杀戮时间到了,0.486932,0.000184
1030,尤里卡,1060,海洋龙魂,0.534918,0.000941
1062,全能龙魂,1138,渴血,0.512909,0.000386
1409,魄罗爆破手,2005,扳机炼狱,0.44897,0.000076
1104,仆从大师,1214,旋转至胜,0.458286,0.000003
1326,夜狩,1400,最终都市列车,0.516235,0.000328
1181,重量级打击手,2005,扳机炼狱,0.463198,0.000071
1058,秘术冲拳,1104,仆从大师,0.432237,0.000028
1009,霸符兄弟,2018,纯粹主义者 - 术师,0.492589,0.000035
1063,狂徒豪气,2026,杀意翻涌,0.496928,0.000106
1030,尤里卡,1079,战争交响乐,0.468833,0.000074
1138,渴血,1141,全心为你,0.444101,0.000018
1070,无休回复,1108,自我毁灭,0.481027,0.000166
1032,裁决使,1118,会心治疗,0.475859,0.001625
1170,万用瞄准镜,1305,练腿日,0.48944,0.000318
1066,量子计算,1411,升级：荆棘之甲,0.518213,0.000045
1097,巫师式思考,1361,任务：艾卡西亚的陷落,0.519495,0.000029
1050,基石法师,1305,练腿日,0.503148,0.000167
1015,死亡之环,1034,防护面纱,0.464639,0.000047
1085,折磨者,1195,巨人杀手,0.512812,0.000159
1039,冰霜 幽灵,1054,物法皆修,0.431503,0.00005
1403,属性叠属性！,2006,飞身踢,0.517968,0.000101
1056,由心及物,1077,灵魂虹吸,0.48009,0.000119
1037,急救用具,1389,男爵之手,0.522443,0.00001
0,无符文,1057,山脉龙魂,0.569122,0.008206
1220,连拨击锤,1397,地狱三头犬,0.452774,0.000221
1208,轨道镭射,1333,逃跑计划,0.50425,0.000052
1045,炼狱导管,1066,量子计算,0.476441,0.000144
1097,巫师式思考,1333,逃跑计划,0.529716,0.000438
1133,魔法飞弹,1358,弹球,0.461363,0.000254
1315,快中求稳,1348,闪闪现现,0.469908,0.000015
1329,史上最大雪球,1342,雪球扭蛋机,0.519874,0.001739
1002,尖端发明家,1032,裁决使,0.461381,0.00129
1023,魔鬼之舞,1030,尤里卡,0.483416,0.00004
1042,恶趣味,1095,风语者的祝福,0.457562,0.000117
1086,精准奇才,1391,红包,0.51495,0.0001
1136,扇巴掌,2009,狂热者,0.489591,0.000123
1044,冰寒,1400,最终都市列车,0.513739,0.000166
1316,刃下生风,1400,最终都市列车,0.561713,0.000118
1342,雪球扭蛋机,1415,双生火焰,0.472328,0.00009
1187,闪光弹,1339,激光治疗,0.43684,0.000001
1004,回归基本功,1086,精准奇才,0.484925,0.000059
1084,穿针引线,1322,罪恶快感,0.470746,0.001653
1036,火上浇油,1403,属性叠属性！,0.524238,0.000085
1107,接二连三,1349,终极唤醒,0.446765,0.000142
1020,黎明使者的坚决,1170,万用瞄准镜,0.478893,0.000118
1392,神圣雪球,1420,咏叹奏鸣,0.485262,0.00005
1316,刃下生风,1389,男爵之手,0.54055,0.000006
1067,古式佳酿,1220,连拨击锤,0.45355,0.000107
0,无符文,2007,你肩上的恶魔,0.549313,0.002082
1077,灵魂虹吸,2004,信念者的强化,0.424377,0.000004
1004,回归基本功,1098,急急小子,0.557279,0.000146
1022,灵巧,1342,雪球扭蛋机,0.481946,0.000199
1156,任务：沃格勒特的巫师帽,1349,终极唤醒,0.480934,0.000109
1015,死亡之环,1250,一板一眼,0.404885,0.000008
1006,利刃华尔兹,1250,一板一眼,0.501029,0.000726
2007,你肩上的恶魔,2024,由暴生急,0.418079,0.000012
1340,升级：米凯尔的祝福,1406,祖母的辣椒油,0.54122,0.00005
1136,扇巴掌,1411,升级：荆棘之甲,0.527185,0.00021
1020,黎明使者的坚决,1194,精怪魔法,0.459316,0.000052
1039,冰霜 幽灵,1331,至高天诺言,0.472659,0.000019
1311,溢流,1390,超凡邪恶,0.513697,0.002076
1067,古式佳酿,1107,接二连三,0.465802,0.000173
1391,红包,1421,舞会女王,0.541015,0.000074
1026,唯快不破,1027,大地苏醒,0.488391,0.000024
1198,圣火,1358,弹球,0.433779,0.000021
1115,最万用的瞄准镜,1411,升级：荆棘之甲,0.486447,0.000013
1107,接二连三,2010,双发快射,0.515235,0.000581
1052,闪电打击,1098,急急小子,0.457821,0.000167
1011,你摸不到,1372,小猫咪找妈妈,0.447328,0.000006
1081,踢踏舞,1344,最终形态,0.485904,0.000112
1060,海洋龙魂,1406,祖母的辣椒油,0.555513,0.000357
1141,全心为你,1421,舞会女王,0.505616,0.000005
1348,闪闪现现,2008,负重爆气,0.46472,0
1372,小猫咪找妈妈,1389,男爵之手,0.544506,0.000001
1418,砸开那颗蛋,2009,狂热者,0.467858,0.000001
1071,更万用的瞄准镜,1409,魄罗爆破手,0.486272,0.000359
1063,狂徒豪气,1400,最终都市列车,0.536579,0.000156
1050,基石法师,1066,量子计算,0.464005,0.000071
1050,基石法师,1075,慢炖,0.469472,0.0001
1073,暗影疾奔,12317,潘朵拉的盒子,0.511742,0.000001
1075,慢炖,1118,会心治疗,0.484113,0.000803
1015,死亡之环,1069,退敌力场,0.444642,0.000033
1057,山脉龙魂,1330,活力再生,0.446718,0.000005
1373,缩小引擎,2007,你肩上的恶魔,0.451545,0.000064
1063,狂徒豪气,1181,重量级打击手,0.510728,0.000229
1181,重量级打击手,2003,魄罗之王的弹跳,0.491412,0.000073
1057,山脉龙魂,1204,叠角龙,0.491712,0.000009
1063,狂徒豪气,2004,信念者的强化,0.441155,0.000002
1301,神圣干预,1320,升级：收集者,0.450914,0.000167
1082,残暴之力,1108,自我毁灭,0.46718,0.000141
1170,万用瞄准镜,1409,魄罗爆破手,0.470206,0.000173
1373,缩小引擎,1409,魄罗爆破手,0.526676,0.00071
1214,旋转至胜,1344,最终形态,0.511496,0.000295
1057,山脉龙魂,1337,尊我为王,0.495804,0.00005
1327,坚若磐石,1386,转得我眩晕了,0.413779,0.000001
1004,回归基本功,2009,狂热者,0.507267,0.000082
1013,星界躯体,1319,升级：献祭,0.499635,0.001534
1074,缩小射线,1305,练腿日,0.470815,0.000244
1308,火狐,1421,舞会女王,0.559706,0.000193
1331,至高天诺言,1409,魄罗爆破手,0.491817,0.000024
1323,残忍,1402,属性叠属性叠属性！,0.506282,0.000015
1087,台风,1237,质变：黄金阶,0.485786,0.000247
1115,最万用的瞄准镜,1392,神圣雪球,0.440814,0.000015
1035,感受燃烧,2008,负重爆气,0.482017,0.000077
1194,精怪魔法,1314,强力护盾,0.435069,0.000029
1149,不动如山,1331,至高天诺言,0.450759,0.000024
1032,裁决使,1067,古式佳酿,0.508087,0.001817
1006,利刃华尔兹,1315,快中求稳,0.491422,0.000262
1097,巫师式思考,1316,刃下生风,0.475391,0.000074
1062,全能龙魂,1313,作弊：我能回城！,0.503484,0.000235
1313,作弊：我能回城！,1317,升级：弯刀,0.418437,0.000011
1046,炼狱龙魂,1333,逃跑计划,0.525329,0.000508
1318,升级：中娅,1323,残忍,0.473772,0.000221
1152,任务：钢化你心,1372,小猫咪找妈妈,0.433768,0.000021
1310,小丑学院,1336,升级：无尽之刃,0.53883,0.000626
1025,俯冲轰炸,1418,砸开那颗蛋,0.476081,0.000003
1037,急救用具,1044,冰寒,0.465598,0.000264
1025,俯冲轰炸,2007,你肩上的恶魔,0.47377,0.000045
1084,穿针引线,1195,巨人杀手,0.520552,0.003279
1026,唯快不破,1337,尊我为王,0.511032,0.000032
1104,仆从大师,1113,老练狙神,0.51455,0.00007
1305,练腿日,1327,坚若磐石,0.473117,0.000082
1006,利刃华尔兹,1064,坚韧,0.459899,0.000267
1095,风语者的祝福,1342,雪球扭蛋机,0.476655,0.000041
1034,防护面纱,1071,更万用的瞄准镜,0.506907,0.000326
1070,无休回复,1347,吵闹鬼,0.488775,0.000041
1323,残忍,1420,咏叹奏鸣,0.537574,0.000173
1105,家园卫士,1211,杀戮时间到了,0.518475,0.000384
1112,终极不可阻挡,2024,由暴生急,0.437797,0.00002
1077,灵魂虹吸,2001,当心小蛋糕！,0.513469,0.000124
1047,关键暴击,1310,小丑学院,0.514357,0.000409
1243,质变：混沌,1346,吸血习性,0.530295,0.001736
1080,会心防御,1326,夜狩,0.476683,0.000164
1028,侵蚀,1388,无限循环往复,0.508562,0.000184
1032,裁决使,1098,急急小子,0.485393,0.00076
1129,神射法师,1389,男爵之手,0.516379,0.00002
1011,你摸不到,1073,暗影疾奔,0.482967,0.000155
1129,神射法师,1331,至高天诺言,0.437381,0.000015
1187,闪光弹,1413,和我一起困在这里,0.471406,0
1081,踢踏舞,1329,史上最大雪球,0.446177,0.000089
1152,任务：钢化你心,1314,强力护盾,0.484749,0.000485
1047,关键暴击,1053,科学狂人,0.511677,0.000132
1020,黎明使者的坚决,1077,灵魂虹吸,0.479523,0.000101
1007,大力,1406,祖母的辣椒油,0.474463,0.000017
1152,任务：钢化你心,2005,扳机炼狱,0.445487,0.000102
1006,利刃华尔兹,1063,狂徒豪气,0.482206,0.000233
1195,巨人杀手,1318,升级：中娅,0.525838,0.000759
1011,你摸不到,1018,巨像的勇气,0.443785,0.000051
12317,潘朵拉的盒子,1418,砸开那颗蛋,0.433333,0
1321,砍伤,1349,终极唤醒,0.470324,0.000069
1073,暗影疾奔,1115,最万用的瞄准镜,0.526506,0.000365
1026,唯快不破,1187,闪光弹,0.483711,0.000018
1070,无休回复,1180,超强大脑,0.497367,0.000126
1321,砍伤,1416,海克斯科技龙魂,0.471662,0.000024
1138,渴血,1348,闪闪现现,0.462127,0.000052
1150,面包和果酱,1404,属性！,0.498709,0.000039
1047,关键暴击,1416,海克斯科技龙魂,0.462331,0.00005
1076,天音爆,1347,吵闹鬼,0.466074,0.000011
1045,炼狱导管,1095,风语者的祝福,0.487044,0.00007
1046,炼狱龙魂,1108,自我毁灭,0.464706,0.000197
1066,量子计算,1321,砍伤,0.474242,0.000099
1064,坚韧,2007,你肩上的恶魔,0.400599,0.000043
1061,回力OK镖,1243,质变：混沌,0.507265,0.00023
1058,秘术冲拳,1346,吸血习性,0.50937,0.002783
1320,升级：收集者,2009,狂热者,0.49562,0.000396
1305,练腿日,1325,玻璃大炮,0.45394,0.000092
1345,心灵净化,1420,咏叹奏鸣,0.524807,0.000311
1023,魔鬼之舞,1356,暴击飞弹,0.503998,0.000004
1315,快中求稳,2004,信念者的强化,0.452916,0.000002
1318,升级：中娅,1324,蛋白粉奶昔,0.429368,0.000041
1030,尤里卡,1414,卡皮巴拉空投,0.467796,0.000047
1073,暗影疾奔,1411,升级：荆棘之甲,0.534259,0.000014
1041,歌利亚巨人,1133,魔法飞弹,0.473846,0.000806
1154,任务：海牛阿福的勇士,1409,魄罗爆破手,0.483818,0.000061
1112,终极不可阻挡,1323,残忍,0.456663,0.00007
1039,冰霜 幽灵,1053,科学狂人,0.501272,0.000153
1066,量子计算,1421,舞会女王,0.539902,0.000294
1103,面包和黄油,1389,男爵之手,0.507854,0.00002
1211,杀戮时间到了,1305,练腿日,0.485533,0.000343
1011,你摸不到,1086,精准奇才,0.452926,0.000046
1060,海洋龙魂,1416,海克斯科技龙魂,0.501431,0.000047
1015,死亡之环,1392,神圣雪球,0.438639,0.000008
1015,死亡之环,1238,质变：棱彩阶,0.499412,0.000432
1237,质变：黄金阶,1405,速度恶魔,0.518848,0.00018
1322,罪恶快感,1375,吞噬灵魂,0.476876,0.000187
1105,家园卫士,1187,闪光弹,0.496032,0.000029
1332,不祥契约,1353,坦克引擎,0.466109,0.000468
1069,退敌力场,1073,暗影疾奔,0.466073,0.000055
1085,折磨者,1348,闪闪现现,0.437592,0.000008
1388,无限循环往复,1403,属性叠属性！,0.524056,0.000164
1129,神射法师,1156,任务：沃格勒特的巫师帽,0.517522,0.000965
1411,升级：荆棘之甲,1996,升级：耀光,0.515855,0.000014
1154,任务：海牛阿福的勇士,1333,逃跑计划,0.540128,0.000127
1077,灵魂虹吸,1390,超凡邪恶,0.474511,0.000218
1002,尖端发明家,1116,闪现向前,0.45076,0.000062
1028,侵蚀,1136,扇巴掌,0.499565,0.000281
1152,任务：钢化你心,1424,???,0.437871,0.000031
1075,慢炖,1384,捐赠,0.523843,0.000236
1104,仆从大师,2001,当心小蛋糕！,0.508419,0.000017
1138,渴血,1205,物理转魔法,0.496086,0.000706
1035,感受燃烧,1389,男爵之手,0.525819,0.000004
1009,霸符兄弟,1025,俯冲轰炸,0.50773,0.000128
1324,蛋白粉奶昔,1392,神圣雪球,0.415364,0.000009
1015,死亡之环,1141,全心为你,0.45576,0.000292
1113,老练狙神,1310,小丑学院,0.47525,0.000126
1085,折磨者,1323,残忍,0.491777,0.000361
1324,蛋白粉奶昔,1406,祖母的辣椒油,0.478525,0.000139
1373,缩小引擎,1386,转得我眩晕了,0.463621,0.000002
1318,升级：中娅,1325,玻璃大炮,0.449078,0.000128
1018,巨像的勇气,1372,小猫咪找妈妈,0.452284,0.000006
1046,炼狱龙魂,1048,珠光护手,0.474824,0.002305
1009,霸符兄弟,1046,炼狱龙魂,0.499816,0.000299
1045,炼狱导管,1420,咏叹奏鸣,0.56631,0.000351
1026,唯快不破,1038,有始有终,0.533585,0.00022
0,无符文,1070,无休回复,0.63914,0.012274
1004,回归基本功,1057,山脉龙魂,0.492481,0.000058
1037,急救用具,1081,踢踏舞,0.467333,0.000065
1068,循环往复,2026,杀意翻涌,0.479418,0.000113
1086,精准奇才,1333,逃跑计划,0.509103,0.000092
1313,作弊：我能回城！,1346,吸血习性,0.511931,0.002089
1208,轨道镭射,1323,残忍,0.4726,0.000037
1015,死亡之环,1205,物理转魔法,0.454178,0.000383
1321,砍伤,2001,当心小蛋糕！,0.498078,0.00003
1087,台风,1311,溢流,0.442538,0.00011
1088,终极刷新,1187,闪光弹,0.44419,0.000044
1018,巨像的勇气,2026,杀意翻涌,0.452051,0.000013
1243,质变：混沌,1310,小丑学院,0.53044,0.000339
1103,面包和黄油,2016,注魔,0.463201,0.000061
1404,属性！,1996,升级：耀光,0.524916,0.000041
1074,缩小射线,2002,虚空裂隙,0.456915,0.000052
1006,利刃华尔兹,1069,退敌力场,0.417127,0.000053
1105,家园卫士,1156,任务：沃格勒特的巫师帽,0.54149,0.000337
1321,砍伤,1324,蛋白粉奶昔,0.471168,0.000117
1095,风语者的祝福,1323,残忍,0.479819,0.000037
1214,旋转至胜,1322,罪恶快感,0.496917,0.000308
1087,台风,1361,任务：艾卡西亚的陷落,0.496378,0.000011
1107,接二连三,1344,最终形态,0.485969,0.000333
1052,闪电打击,1088,终极刷新,0.452827,0.000163
1325,玻璃大炮,1348,闪闪现现,0.419638,0.000017
1030,尤里卡,1349,终极唤醒,0.476448,0.000273
1070,无休回复,1320,升级：收集者,0.498981,0.000176
1011,你摸不到,1019,全凭身法,0.458922,0.000093
1105,家园卫士,1336,升级：无尽之刃,0.53578,0.000277
1046,炼狱龙魂,1081,踢踏舞,0.455459,0.000369
1022,灵巧,1056,由心及物,0.477672,0.000089
1004,回归基本功,1053,科学狂人,0.543268,0.000136
1320,升级：收集者,1420,咏叹奏鸣,0.497192,0.000194
1418,砸开那颗蛋,2004,信念者的强化,0.488102,0.000013
1105,家园卫士,1181,重量级打击手,0.519119,0.00015
1187,闪光弹,1238,质变：棱彩阶,0.49773,0.00034
1347,吵闹鬼,1416,海克斯科技龙魂,0.46467,0.000008
1046,炼狱龙魂,1338,升级：狂妄,0.484584,0.001757
1151,面包和奶酪,1214,旋转至胜,0.485629,0.00011
1116,闪现向前,1388,无限循环往复,0.482192,0.000079
2009,狂热者,2018,纯粹主义者 - 术师,0.463467,0.000078
1082,残暴之力,1214,旋转至胜,0.500364,0.000146
1206,魔法转物理,1402,属性叠属性叠属性！,0.543207,0.000074
1316,刃下生风,2005,扳机炼狱,0.45508,0.000049
1206,魔法转物理,1373,缩小引擎,0.502724,0.000502
1170,万用瞄准镜,1353,坦克引擎,0.480371,0.000781
1402,属性叠属性叠属性！,1406,祖母的辣椒油,0.541875,0.000103
1198,圣火,1392,神圣雪球,0.419682,0.000009
1032,裁决使,2018,纯粹主义者 - 术师,0.452264,0.00027
1002,尖端发明家,1112,终极不可阻挡,0.434769,0.000162
1025,俯冲轰炸,1321,砍伤,0.493187,0.000225
1046,炼狱龙魂,1401,生机迸发,0.475412,0.000076
1002,尖端发明家,1317,升级：弯刀,0.400711,0.000008
1062,全能龙魂,1391,红包,0.559162,0.000111
1060,海洋龙魂,1315,快中求稳,0.523532,0.000127
1088,终极刷新,1402,属性叠属性叠属性！,0.490049,0.000012
1072,炽烈黎明,1243,质变：混沌,0.476557,0.000192
1113,老练狙神,1349,终极唤醒,0.449423,0.000184
1342,雪球扭蛋机,2001,当心小蛋糕！,0.477147,0.000068
1358,弹球,1372,小猫咪找妈妈,0.466082,0.000007
1026,唯快不破,1029,虚幻武器,0.502909,0.000155
1029,虚幻武器,1318,升级：中娅,0.470953,0.00023
1046,炼狱龙魂,1305,练腿日,0.484606,0.000292
1066,量子计算,1340,升级：米凯尔的祝福,0.491026,0.00001
1030,尤里卡,1397,地狱三头犬,0.460045,0.000061
1403,属性叠属性！,1424,???,0.487405,0.000007
0,无符文,1353,坦克引擎,0.652217,0.079247
1045,炼狱导管,1321,砍伤,0.468962,0.000063
1092,易损,1334,升级：雪球,0.495193,0.00025
1118,会心治疗,2003,魄罗之王的弹跳,0.461882,0.00007
1107,接二连三,1413,和我一起困在这里,0.447547,0.000011
1170,万用瞄准镜,1392,神圣雪球,0.433081,0.000045
1069,退敌力场,1315,快中求稳,0.45963,0.000038
1243,质变：混沌,1321,砍伤,0.5002,0.000149
1061,回力OK镖,1361,任务：艾卡西亚的陷落,0.544628,0.000046
1073,暗影疾奔,1361,任务：艾卡西亚的陷落,0.533648,0.00003
1220,连拨击锤,1335,夺金,0.459453,0.00004
1020,黎明使者的坚决,1087,台风,0.481894,0.000069
1060,海洋龙魂,1068,循环往复,0.524756,0.00062
1050,基石法师,1149,不动如山,0.464615,0.000108
1180,超强大脑,2007,你肩上的恶魔,0.432058,0.000017
1414,卡皮巴拉空投,2001,当心小蛋糕！,0.445589,0.000018
1315,快中求稳,1409,魄罗爆破手,0.502912,0.000111
1414,卡皮巴拉空投,1418,砸开那颗蛋,0.445181,0.000001
1045,炼狱导管,1154,任务：海牛阿福的勇士,0.49687,0.000071
1042,恶趣味,2005,扳机炼狱,0.4449,0.000016
1305,练腿日,1406,祖母的辣椒油,0.540543,0.000173
1081,踢踏舞,1347,吵闹鬼,0.477565,0.000086
1013,星界躯体,2016,注魔,0.459254,0.000026
1037,急救用具,1092,易损,0.46112,0.000109
1321,砍伤,1411,升级：荆棘之甲,0.550845,0.000112
1006,利刃华尔兹,1326,夜狩,0.440106,0.000521
1105,家园卫士,1112,终极不可阻挡,0.485352,0.00008
1053,科学狂人,2004,信念者的强化,0.506811,0.000003
1068,循环往复,2006,飞身踢,0.484647,0.000283
1076,天音爆,1108,自我毁灭,0.490514,0.000029
1027,大地苏醒,1413,和我一起困在这里,0.46341,0.000003
1095,风语者的祝福,1345,心灵净化,0.4853,0.000167
1339,激光治疗,1341,帽上加帽,0.451857,0.000036
1058,秘术冲拳,2016,注魔,0.456055,0.000069
1030,尤里卡,1358,弹球,0.477883,0.000224
1015,死亡之环,1320,升级：收集者,0.440815,0.000011
1006,利刃华尔兹,1046,炼狱龙魂,0.456403,0.000492
1054,物法皆修,1116,闪现向前,0.442544,0.000025
1019,全凭身法,1413,和我一起困在这里,0.455997,0.000008
1079,战争交响乐,1356,暴击飞弹,0.507476,0.000244
1015,死亡之环,1420,咏叹奏鸣,0.521724,0.000241
1404,属性！,2018,纯粹主义者 - 术师,0.510568,0.000023
1072,炽烈黎明,1320,升级：收集者,0.436841,0.000053
1052,闪电打击,1328,暴击律动,0.522469,0.002854
1411,升级：荆棘之甲,2003,魄罗之王的弹跳,0.541912,0.000024
1072,炽烈黎明,1084,穿针引线,0.46485,0.000207
1082,残暴之力,1413,和我一起困在这里,0.459781,0.000017
1030,尤里卡,1208,轨道镭射,0.479669,0.000077
1035,感受燃烧,1085,折磨者,0.483362,0.000057
1112,终极不可阻挡,2004,信念者的强化,0.446541,0.000003
1009,霸符兄弟,1108,自我毁灭,0.490242,0.000073
1129,神射法师,1205,物理转魔法,0.484091,0.002206
1308,火狐,1415,双生火焰,0.515376,0.000167
1195,巨人杀手,2001,当心小蛋糕！,0.545566,0.000257
1058,秘术冲拳,1415,双生火焰,0.460897,0.00018
1027,大地苏醒,1225,双刀流,0.493036,0.000072
1331,至高天诺言,2008,负重爆气,0.482922,0.000021
1103,面包和黄油,1319,升级：献祭,0.473012,0.000239
1042,恶趣味,1339,激光治疗,0.461592,0.000025
1062,全能龙魂,1092,易损,0.505624,0.000162
1095,风语者的祝福,1415,双生火焰,0.488285,0.00002
1074,缩小射线,1115,最万用的瞄准镜,0.467334,0.000717
1056,由心及物,1327,坚若磐石,0.474083,0.000235
1068,循环往复,1118,会心治疗,0.482916,0.000797
1041,歌利亚巨人,1108,自我毁灭,0.489684,0.001086
1151,面包和奶酪,1402,属性叠属性叠属性！,0.498041,0.000039
1034,防护面纱,2024,由暴生急,0.467616,0.000017
1305,练腿日,2006,飞身踢,0.493506,0.000163
1002,尖端发明家,1156,任务：沃格勒特的巫师帽,0.476756,0.000358
1194,精怪魔法,1404,属性！,0.507099,0.00002
1038,有始有终,1208,轨道镭射,0.479875,0.000043
1026,唯快不破,2004,信念者的强化,0.462211,0.000001
1112,终极不可阻挡,1372,小猫咪找妈妈,0.447435,0.000006
1321,砍伤,1337,尊我为王,0.608196,0.000153
1067,古式佳酿,1409,魄罗爆破手,0.497025,0.00025
1310,小丑学院,1409,魄罗爆破手,0.520197,0.000372
1085,折磨者,1420,咏叹奏鸣,0.505916,0.000068
1002,尖端发明家,1052,闪电打击,0.448009,0.000246
1039,冰霜 幽灵,1340,升级：米凯尔的祝福,0.543279,0.000025
1308,火狐,1344,最终形态,0.525037,0.000093
1007,大力,1105,家园卫士,0.526446,0.000121
1053,科学狂人,1195,巨人杀手,0.564707,0.000424
1070,无休回复,2007,你肩上的恶魔,0.44419,0.000025
1220,连拨击锤,2002,虚空裂隙,0.423535,0.000015
12317,潘朵拉的盒子,2004,信念者的强化,0.5311,0
1048,珠光护手,1070,无休回复,0.49922,0.000387
1061,回力OK镖,1108,自我毁灭,0.531285,0.001012
1028,侵蚀,1333,逃跑计划,0.5436,0.000205
1052,闪电打击,1389,男爵之手,0.537627,0.000017
1057,山脉龙魂,1404,属性！,0.507039,0.000019
1238,质变：棱彩阶,2010,双发快射,0.535914,0.000175
1238,质变：棱彩阶,1322,罪恶快感,0.509449,0.002075
1030,尤里卡,1136,扇巴掌,0.535772,0.001357
1009,霸符兄弟,1344,最终形态,0.531818,0.000218
1344,最终形态,1384,捐赠,0.535512,0.000353
1335,夺金,1390,超凡邪恶,0.513207,0.000287
1076,天音爆,2009,狂热者,0.471229,0.000009
1332,不祥契约,2018,纯粹主义者 - 术师,0.452708,0.000032
1067,古式佳酿,1084,穿针引线,0.486999,0.000671
1009,霸符兄弟,1372,小猫咪找妈妈,0.504921,0.000028
1115,最万用的瞄准镜,1338,升级：狂妄,0.483362,0.000675
1069,退敌力场,1170,万用瞄准镜,0.449552,0.000098
1056,由心及物,1108,自我毁灭,0.478324,0.000155
1042,恶趣味,1316,刃下生风,0.453561,0.000012
1080,会心防御,2008,负重爆气,0.475838,0.000072
1133,魔法飞弹,2016,注魔,0.477137,0.000201
1067,古式佳酿,1342,雪球扭蛋机,0.485247,0.000171
1068,循环往复,2010,双发快射,0.475847,0.000086
1319,升级：献祭,1386,转得我眩晕了,0.451916,0.000002
1237,质变：黄金阶,1402,属性叠属性叠属性！,0.573236,0.000221
1086,精准奇才,1411,升级：荆棘之甲,0.481266,0.000001
1391,红包,2008,负重爆气,0.540537,0.000745
1150,面包和果酱,1204,叠角龙,0.507919,0.00002
1058,秘术冲拳,1079,战争交响乐,0.474292,0.000362
1107,接二连三,1347,吵闹鬼,0.470985,0.000088
1007,大力,1044,冰寒,0.471063,0.00004
1129,神射法师,1319,升级：献祭,0.473234,0.000103
1115,最万用的瞄准镜,1356,暴击飞弹,0.523024,0.000414
1058,秘术冲拳,1133,魔法飞弹,0.45554,0.000516
1116,闪现向前,1349,终极唤醒,0.455275,0.000037
1018,巨像的勇气,1334,升级：雪球,0.457644,0.000117
1320,升级：收集者,1421,舞会女王,0.477735,0.000047
1073,暗影疾奔,1421,舞会女王,0.531345,0.000062
1323,残忍,1324,蛋白粉奶昔,0.474802,0.00008
0,无符文,1414,卡皮巴拉空投,0.564646,0.001766
1051,点亮他们！,1349,终极唤醒,0.460448,0.000074
1039,冰霜 幽灵,2006,飞身踢,0.488398,0.000284
1035,感受燃烧,1390,超凡邪恶,0.483416,0.000179
1324,蛋白粉奶昔,1401,生机迸发,0.457231,0.000062
1113,老练狙神,1320,升级：收集者,0.437467,0.000639
0,无符文,1069,退敌力场,0.530412,0.00507
1386,转得我眩晕了,2016,注魔,0.47338,0
1104,仆从大师,1420,咏叹奏鸣,0.55415,0.000021
1032,裁决使,1406,祖母的辣椒油,0.526564,0.001318
1023,魔鬼之舞,1062,全能龙魂,0.512749,0.000106
1115,最万用的瞄准镜,1198,圣火,0.441639,0.000031
1036,火上浇油,1038,有始有终,0.488724,0.000306
1325,玻璃大炮,1996,升级：耀光,0.46322,0.000078
1004,回归基本功,1345,心灵净化,0.503937,0.000292
1332,不祥契约,1406,祖母的辣椒油,0.512688,0.000238
1057,山脉龙魂,1085,折磨者,0.459297,0.000078
1108,自我毁灭,1333,逃跑计划,0.515831,0.000194
1025,俯冲轰炸,1030,尤里卡,0.506731,0.000548
1358,弹球,1413,和我一起困在这里,0.447637,0.000015
1039,冰霜 幽灵,1058,秘术冲拳,0.455468,0.000129
1305,练腿日,2002,虚空裂隙,0.509403,0.000073
1413,和我一起困在这里,1418,砸开那颗蛋,0.456486,0.000001
1002,尖端发明家,1305,练腿日,0.477453,0.000304
1084,穿针引线,1180,超强大脑,0.489116,0.000643
1004,回归基本功,1116,闪现向前,0.504872,0.000027
1064,坚韧,1187,闪光弹,0.468695,0.00007
1080,会心防御,1391,红包,0.571839,0.000126
1320,升级：收集者,1336,升级：无尽之刃,0.50804,0.001656
1057,山脉龙魂,1375,吞噬灵魂,0.464188,0.000227
1331,至高天诺言,1349,终极唤醒,0.457021,0.000011
1115,最万用的瞄准镜,1336,升级：无尽之刃,0.513031,0.001118
1316,刃下生风,1418,砸开那颗蛋,0.447368,0
1007,大力,1030,尤里卡,0.435493,0.000014
1392,神圣雪球,1405,速度恶魔,0.458445,0.000119
1015,死亡之环,1087,台风,0.457424,0.000024
1019,全凭身法,1321,砍伤,0.467997,0.00008
1060,海洋龙魂,1335,夺金,0.510048,0.000105
1061,回力OK镖,1136,扇巴掌,0.511683,0.000148
1079,战争交响乐,1311,溢流,0.459481,0.000165
1029,虚幻武器,1036,火上浇油,0.501154,0.000578
1337,尊我为王,1340,升级：米凯尔的祝福,0.580817,0.000012
1070,无休回复,1348,闪闪现现,0.471585,0.000022
1320,升级：收集者,2008,负重爆气,0.464844,0.000315
1018,巨像的勇气,1361,任务：艾卡西亚的陷落,0.533004,0.000081
1020,黎明使者的坚决,1324,蛋白粉奶昔,0.484189,0.000236
1308,火狐,2010,双发快射,0.474729,0.000025
1141,全心为你,1335,夺金,0.466834,0.000017
1022,灵巧,1349,终极唤醒,0.464453,0.00023
1009,霸符兄弟,1138,渴血,0.52671,0.0004
1034,防护面纱,1061,回力OK镖,0.509082,0.000069
1181,重量级打击手,1416,海克斯科技龙魂,0.500993,0.000059
1050,基石法师,1204,叠角龙,0.533003,0.000018
1087,台风,1405,速度恶魔,0.459863,0.0001
1064,坚韧,1332,不祥契约,0.46049,0.000185
1085,折磨者,1322,罪恶快感,0.451578,0.000057
1220,连拨击锤,2007,你肩上的恶魔,0.402881,0.000016
1007,大力,1036,火上浇油,0.491402,0.000259
1115,最万用的瞄准镜,1397,地狱三头犬,0.472493,0.000279
1022,灵巧,1181,重量级打击手,0.521188,0.000403
1073,暗影疾奔,1339,激光治疗,0.454922,0.000003
1067,古式佳酿,1238,质变：棱彩阶,0.518004,0.001296
1036,火上浇油,1194,精怪魔法,0.45672,0.000109
1180,超强大脑,1353,坦克引擎,0.463352,0.00042
1029,虚幻武器,2008,负重爆气,0.471662,0.000368
1027,大地苏醒,1319,升级：献祭,0.464149,0.000041
1384,捐赠,2008,负重爆气,0.51453,0.00064
1112,终极不可阻挡,1134,亮出你的剑,0.616947,0.000101
1088,终极刷新,1310,小丑学院,0.493546,0.00018
1004,回归基本功,1013,星界躯体,0.49054,0.000184
1084,穿针引线,12317,潘朵拉的盒子,0.495157,0.000002
1076,天音爆,1149,不动如山,0.469954,0.000061
1321,砍伤,1341,帽上加帽,0.465605,0.000035
1116,闪现向前,2008,负重爆气,0.469022,0.000061
1324,蛋白粉奶昔,1329,史上最大雪球,0.447955,0.000059
1318,升级：中娅,1328,暴击律动,0.446932,0.000019
12317,潘朵拉的盒子,1327,坚若磐石,0.477714,0
1057,山脉龙魂,1353,坦克引擎,0.486418,0.001714
1107,接二连三,1330,活力再生,0.45051,0.000245
1318,升级：中娅,1327,坚若磐石,0.443686,0.000052
1046,炼狱龙魂,1311,溢流,0.482885,0.000747
1073,暗影疾奔,1314,强力护盾,0.500384,0.000097
1009,霸符兄弟,1311,溢流,0.528945,0.001745
1250,一板一眼,1344,最终形态,0.476341,0.000457
1053,科学狂人,1411,升级：荆棘之甲,0.548338,0.000036
1088,终极刷新,1341,帽上加帽,0.460082,0.00029
1025,俯冲轰炸,1349,终极唤醒,0.48216,0.000186
1373,缩小引擎,2002,虚空裂隙,0.536525,0.000426
1391,红包,2003,魄罗之王的弹跳,0.514895,0.000082
1046,炼狱龙魂,1156,任务：沃格勒特的巫师帽,0.497346,0.000414
1138,渴血,1194,精怪魔法,0.473258,0.00026
1214,旋转至胜,1338,升级：狂妄,0.51719,0.000365
1225,双刀流,2010,双发快射,0.575512,0.000755
1108,自我毁灭,1347,吵闹鬼,0.441225,0.000019
1071,更万用的瞄准镜,1104,仆从大师,0.451955,0.000024
1105,家园卫士,1208,轨道镭射,0.501665,0.000033
1115,最万用的瞄准镜,1341,帽上加帽,0.447275,0.000064
1025,俯冲轰炸,1204,叠角龙,0.468925,0.000009
1022,灵巧,1038,有始有终,0.516791,0.000624
1013,星界躯体,1138,渴血,0.473211,0.000582
1035,感受燃烧,1063,狂徒豪气,0.516051,0.000061
1004,回归基本功,1195,巨人杀手,0.574429,0.000448
1134,亮出你的剑,1336,升级：无尽之刃,0.622081,0.000672
1322,罪恶快感,1334,升级：雪球,0.476469,0.00029
1082,残暴之力,1310,小丑学院,0.526446,0.000677
1187,闪光弹,1311,溢流,0.47123,0.00007
1072,炽烈黎明,2009,狂热者,0.457638,0.000026
1060,海洋龙魂,2026,杀意翻涌,0.499625,0.000023
1134,亮出你的剑,2004,信念者的强化,0.427741,0
1039,冰霜 幽灵,1328,暴击律动,0.434168,0.000029
1134,亮出你的剑,1170,万用瞄准镜,0.571228,0.000999
1118,会心治疗,1208,轨道镭射,0.44704,0.000041
1086,精准奇才,1325,玻璃大炮,0.453813,0.000076
1061,回力OK镖,1081,踢踏舞,0.47041,0.000108
1039,冰霜 幽灵,1225,双刀流,0.475786,0.000063
1104,仆从大师,2004,信念者的强化,0.468557,0.000001
1045,炼狱导管,1342,雪球扭蛋机,0.495253,0.000226
1079,战争交响乐,1414,卡皮巴拉空投,0.429707,0.000009
1301,神圣干预,1415,双生火焰,0.464554,0.000052
1194,精怪魔法,1413,和我一起困在这里,0.46245,0.000006
1023,魔鬼之舞,1075,慢炖,0.529293,0.000361
1018,巨像的勇气,1092,易损,0.453145,0.000051
1181,重量级打击手,1208,轨道镭射,0.486445,0.000064
1034,防护面纱,1069,退敌力场,0.463728,0.000054
1329,史上最大雪球,1400,最终都市列车,0.498753,0.000112
1112,终极不可阻挡,1320,升级：收集者,0.460754,0.000226
1057,山脉龙魂,1341,帽上加帽,0.468799,0.000064
1080,会心防御,2005,扳机炼狱,0.457649,0.000032
1084,穿针引线,1214,旋转至胜,0.495595,0.000244
1069,退敌力场,2008,负重爆气,0.447929,0.000048
1042,恶趣味,1115,最万用的瞄准镜,0.440467,0.000041
1386,转得我眩晕了,1400,最终都市列车,0.464268,0.000002
1085,折磨者,1337,尊我为王,0.490299,0.000032
1026,唯快不破,1323,残忍,0.491873,0.000032
1022,灵巧,1220,连拨击锤,0.47706,0.001616
1009,霸符兄弟,1058,秘术冲拳,0.490996,0.000235
1036,火上浇油,1402,属性叠属性叠属性！,0.507876,0.000043
1077,灵魂虹吸,1347,吵闹鬼,0.478745,0.000061
1041,歌利亚巨人,1341,帽上加帽,0.469053,0.000305
1027,大地苏醒,1361,任务：艾卡西亚的陷落,0.49795,0.000006
0,无符文,1372,小猫咪找妈妈,0.617429,0.001795
1057,山脉龙魂,2026,杀意翻涌,0.463197,0.000014
1098,急急小子,1339,激光治疗,0.463053,0.000016
1019,全凭身法,1051,点亮他们！,0.477584,0.000109
1019,全凭身法,1335,夺金,0.484275,0.000035
1052,闪电打击,1326,夜狩,0.480063,0.000455
1073,暗影疾奔,1088,终极刷新,0.465333,0.000153
1062,全能龙魂,1115,最万用的瞄准镜,0.491615,0.000151
1044,冰寒,1337,尊我为王,0.518185,0.000112
1414,卡皮巴拉空投,2026,杀意翻涌,0.428056,0.000013
1225,双刀流,1322,罪恶快感,0.543702,0.002391
1007,大力,1048,珠光护手,0.508234,0.000896
1028,侵蚀,1386,转得我眩晕了,0.446102,0.000001
1075,慢炖,1314,强力护盾,0.486656,0.00022
1060,海洋龙魂,1152,任务：钢化你心,0.534359,0.000894
1339,激光治疗,2016,注魔,0.470501,0.000006
1361,任务：艾卡西亚的陷落,1420,咏叹奏鸣,0.547489,0.000181
1052,闪电打击,1315,快中求稳,0.53237,0.00036
1009,霸符兄弟,1336,升级：无尽之刃,0.522087,0.000198
1047,关键暴击,2008,负重爆气,0.456093,0.000138
1004,回归基本功,1384,捐赠,0.552664,0.000168
1057,山脉龙魂,1061,回力OK镖,0.487114,0.000051
1327,坚若磐石,1361,任务：艾卡西亚的陷落,0.52232,0.000139
1107,接二连三,1415,双生火焰,0.448703,0.00017
1340,升级：米凯尔的祝福,1421,舞会女王,0.533427,0.000001
1066,量子计算,1237,质变：黄金阶,0.482917,0.000184
1002,尖端发明家,1098,急急小子,0.459372,0.000159
1092,易损,1413,和我一起困在这里,0.454502,0.000015
1322,罪恶快感,1332,不祥契约,0.471583,0.000123
1095,风语者的祝福,1334,升级：雪球,0.469815,0.00005
1069,退敌力场,1080,会心防御,0.456928,0.000037
1048,珠光护手,1418,砸开那颗蛋,0.467597,0.000007
1340,升级：米凯尔的祝福,1341,帽上加帽,0.506382,0.00004
1009,霸符兄弟,1329,史上最大雪球,0.496068,0.000132
1198,圣火,1317,升级：弯刀,0.393247,0.000001
1138,渴血,2003,魄罗之王的弹跳,0.486403,0.00009
1214,旋转至胜,1403,属性叠属性！,0.558037,0.000024
1115,最万用的瞄准镜,1346,吸血习性,0.526967,0.002796
1136,扇巴掌,1310,小丑学院,0.511564,0.000391
1013,星界躯体,1047,关键暴击,0.454174,0.000129
1022,灵巧,1315,快中求稳,0.538702,0.000374
1116,闪现向前,1327,坚若磐石,0.448652,0.000021
1019,全凭身法,1332,不祥契约,0.464853,0.000068
1019,全凭身法,1156,任务：沃格勒特的巫师帽,0.523353,0.000115
1220,连拨击锤,1413,和我一起困在这里,0.414057,0.000002
1097,巫师式思考,1331,至高天诺言,0.464818,0.000052
1019,全凭身法,1023,魔鬼之舞,0.485614,0.000182
1220,连拨击锤,1996,升级：耀光,0.458888,0.000276
0,无符文,1022,灵巧,0.604771,0.039634
1108,自我毁灭,1208,轨道镭射,0.452582,0.000029
1080,会心防御,1373,缩小引擎,0.505133,0.000136
1198,圣火,2006,飞身踢,0.463429,0.000054
1129,神射法师,1340,升级：米凯尔的祝福,0.474364,0.000019
1029,虚幻武器,1389,男爵之手,0.510445,0.000017
1086,精准奇才,1115,最万用的瞄准镜,0.449958,0.000098
1053,科学狂人,1081,踢踏舞,0.506329,0.000149
1052,闪电打击,1138,渴血,0.527049,0.002442
1027,大地苏醒,1150,面包和果酱,0.463591,0.000083
1361,任务：艾卡西亚的陷落,1397,地狱三头犬,0.50065,0.000004
1415,双生火焰,2010,双发快射,0.482976,0.000201
1068,循环往复,1338,升级：狂妄,0.49753,0.000932
1092,易损,1349,终极唤醒,0.465693,0.000183
1397,地狱三头犬,2006,飞身踢,0.471638,0.000032
1308,火狐,1345,心灵净化,0.502769,0.000275
1018,巨像的勇气,1095,风语者的祝福,0.4611,0.000063
1074,缩小射线,1086,精准奇才,0.435428,0.000104
1082,残暴之力,1320,升级：收集者,0.469445,0.000877
1048,珠光护手,1320,升级：收集者,0.485377,0.001836
1048,珠光护手,1406,祖母的辣椒油,0.517159,0.001155
1194,精怪魔法,1421,舞会女王,0.478751,0.000006
1050,基石法师,1112,终极不可阻挡,0.458992,0.000099
1342,雪球扭蛋机,2008,负重爆气,0.477514,0.000255
1029,虚幻武器,1141,全心为你,0.441023,0.000046
1035,感受燃烧,1313,作弊：我能回城！,0.489783,0.00018
1050,基石法师,1081,踢踏舞,0.451444,0.000064
1118,会心治疗,2018,纯粹主义者 - 术师,0.443723,0.000071
1107,接二连三,1151,面包和奶酪,0.449417,0.000243
1112,终极不可阻挡,1115,最万用的瞄准镜,0.456705,0.000117
1389,男爵之手,2003,魄罗之王的弹跳,0.516332,0.000003
1044,冰寒,1345,心灵净化,0.493813,0.001311
1029,虚幻武器,1208,轨道镭射,0.458325,0.000045
1129,神射法师,2002,虚空裂隙,0.486209,0.000229
1071,更万用的瞄准镜,1358,弹球,0.452412,0.000104
1129,神射法师,2005,扳机炼狱,0.436214,0.000038
1020,黎明使者的坚决,1348,闪闪现现,0.458835,0.000019
1004,回归基本功,1308,火狐,0.565775,0.000065
1044,冰寒,1073,暗影疾奔,0.484725,0.000073
1243,质变：混沌,2008,负重爆气,0.509891,0.000157
1314,强力护盾,1397,地狱三头犬,0.457663,0.000028
1103,面包和黄油,1107,接二连三,0.463774,0.000408
1022,灵巧,1115,最万用的瞄准镜,0.511778,0.002286
1025,俯冲轰炸,1075,慢炖,0.513411,0.00055
1138,渴血,2026,杀意翻涌,0.502136,0.000246
1358,弹球,2016,注魔,0.452458,0.000033
12317,潘朵拉的盒子,1341,帽上加帽,0.491312,0.000001
1107,接二连三,1321,砍伤,0.501314,0.000341
1068,循环往复,1323,残忍,0.509576,0.000481
1308,火狐,1420,咏叹奏鸣,0.661246,0.001072
1346,吸血习性,1389,男爵之手,0.554699,0.000086
1206,魔法转物理,1392,神圣雪球,0.456852,0.000071
1023,魔鬼之舞,1342,雪球扭蛋机,0.492678,0.000098
1053,科学狂人,1238,质变：棱彩阶,0.538603,0.000599
1194,精怪魔法,1237,质变：黄金阶,0.469297,0.000132
1066,量子计算,1339,激光治疗,0.448845,0.000011
1042,恶趣味,1314,强力护盾,0.456649,0.000083
1025,俯冲轰炸,1336,升级：无尽之刃,0.512273,0.000267
1026,唯快不破,1053,科学狂人,0.546716,0.000098
1390,超凡邪恶,2018,纯粹主义者 - 术师,0.485627,0.00038
1018,巨像的勇气,1115,最万用的瞄准镜,0.444472,0.000054
1079,战争交响乐,1085,折磨者,0.43203,0.000024
1037,急救用具,1413,和我一起困在这里,0.456905,0.000011
1243,质变：混沌,1325,玻璃大炮,0.472301,0.000168
12317,潘朵拉的盒子,1424,???,0.440217,0
1318,升级：中娅,1344,最终形态,0.494077,0.000119
1115,最万用的瞄准镜,1322,罪恶快感,0.489255,0.00145
1062,全能龙魂,1318,升级：中娅,0.501981,0.000089
1032,裁决使,2026,杀意翻涌,0.46642,0.00057
1116,闪现向前,1337,尊我为王,0.477953,0.00002
1107,接二连三,1341,帽上加帽,0.448076,0.000078
1004,回归基本功,1375,吞噬灵魂,0.498184,0.000098
1072,炽烈黎明,1214,旋转至胜,0.491196,0.000013
1097,巫师式思考,1379,未知符文_1379,0.452284,0.000004
1347,吵闹鬼,2026,杀意翻涌,0.463155,0.000007
1379,未知符文_1379,1420,咏叹奏鸣,0.503407,0.000014
1345,心灵净化,1346,吸血习性,0.504565,0.003051
1013,星界躯体,1208,轨道镭射,0.462875,0.00008
1088,终极刷新,1340,升级：米凯尔的祝福,0.497662,0.000016
1066,量子计算,1319,升级：献祭,0.475617,0.000179
1006,利刃华尔兹,1353,坦克引擎,0.467844,0.000688
1039,冰霜 幽灵,1389,男爵之手,0.525348,0.000008
1141,全心为你,1390,超凡邪恶,0.479063,0.000185
0,无符文,2018,纯粹主义者 - 术师,0.573672,0.003813
1424,???,2018,纯粹主义者 - 术师,0.443035,0.000008
1170,万用瞄准镜,1225,双刀流,0.538693,0.002028
1323,残忍,1329,史上最大雪球,0.487632,0.000089
1035,感受燃烧,1337,尊我为王,0.49272,0.000087
1330,活力再生,1411,升级：荆棘之甲,0.414894,0
1028,侵蚀,1311,溢流,0.501674,0.000252
1071,更万用的瞄准镜,2010,双发快射,0.524974,0.000715
1088,终极刷新,1420,咏叹奏鸣,0.509579,0.000075
1029,虚幻武器,1150,面包和果酱,0.469745,0.000388
1004,回归基本功,1039,冰霜 幽灵,0.491154,0.000067
1051,点亮他们！,1372,小猫咪找妈妈,0.458222,0.000006
1064,坚韧,2026,杀意翻涌,0.469866,0.000063
1104,仆从大师,1138,渴血,0.486496,0.000078
1308,火狐,1316,刃下生风,0.514104,0.000015
1134,亮出你的剑,1250,一板一眼,0.625116,0.001036
1072,炽烈黎明,2003,魄罗之王的弹跳,0.467285,0.000008
1115,最万用的瞄准镜,1415,双生火焰,0.462143,0.000163
0,无符文,2002,虚空裂隙,0.629158,0.008817
1214,旋转至胜,1392,神圣雪球,0.46562,0.000023
1335,夺金,1361,任务：艾卡西亚的陷落,0.527751,0.00001
1035,感受燃烧,1373,缩小引擎,0.510546,0.000102
1141,全心为你,12317,潘朵拉的盒子,0.464122,0
1054,物法皆修,1149,不动如山,0.426571,0.000035
1009,霸符兄弟,1404,属性！,0.545901,0.000025
1011,你摸不到,1308,火狐,0.487388,0.000037
1170,万用瞄准镜,1402,属性叠属性叠属性！,0.51474,0.000052
1035,感受燃烧,1066,量子计算,0.48794,0.000103
1206,魔法转物理,1347,吵闹鬼,0.470564,0.000036
1019,全凭身法,1187,闪光弹,0.474588,0.000144
1084,穿针引线,1097,巫师式思考,0.475572,0.001735
1326,夜狩,1353,坦克引擎,0.458882,0.000356
1084,穿针引线,2006,飞身踢,0.460112,0.000302
1402,属性叠属性叠属性！,2008,负重爆气,0.508088,0.000086
1019,全凭身法,2008,负重爆气,0.475384,0.00026
1004,回归基本功,1063,狂徒豪气,0.551499,0.000148
1068,循环往复,1311,溢流,0.508118,0.001206
1220,连拨击锤,2003,魄罗之王的弹跳,0.418297,0.000013
1007,大力,1085,折磨者,0.454101,0.000012
1324,蛋白粉奶昔,1325,玻璃大炮,0.448871,0.000025
1072,炽烈黎明,1418,砸开那颗蛋,0.481836,0.000002
1329,史上最大雪球,2002,虚空裂隙,0.502635,0.000045
1379,未知符文_1379,1391,红包,0.478074,0.000004
1195,巨人杀手,1243,质变：混沌,0.548302,0.000622
1095,风语者的祝福,1098,急急小子,0.491783,0.000038
1356,暴击飞弹,1392,神圣雪球,0.443985,0.000013
1141,全心为你,2004,信念者的强化,0.493788,0.000154
1314,强力护盾,1331,至高天诺言,0.430842,0.000017
1103,面包和黄油,1330,活力再生,0.453239,0.000078
1076,天音爆,1314,强力护盾,0.456402,0.000038
1066,量子计算,1194,精怪魔法,0.461163,0.000086
1076,天音爆,1404,属性！,0.512005,0.000009
1004,回归基本功,1996,升级：耀光,0.541219,0.000196
1028,侵蚀,1112,终极不可阻挡,0.471135,0.000093
1319,升级：献祭,1404,属性！,0.510136,0.000047
1028,侵蚀,1108,自我毁灭,0.47798,0.000133
1019,全凭身法,1327,坚若磐石,0.459635,0.00007
1032,裁决使,1314,强力护盾,0.473504,0.000542
1332,不祥契约,1389,男爵之手,0.525658,0.000004
1170,万用瞄准镜,1415,双生火焰,0.45567,0.000102
1044,冰寒,1214,旋转至胜,0.54133,0.00006
1151,面包和奶酪,1318,升级：中娅,0.479373,0.000309
1076,天音爆,1406,祖母的辣椒油,0.513657,0.000117
1035,感受燃烧,1129,神射法师,0.466011,0.000097
1129,神射法师,1237,质变：黄金阶,0.487521,0.000413
1313,作弊：我能回城！,1331,至高天诺言,0.467934,0.000044
1048,珠光护手,1341,帽上加帽,0.475868,0.001769
1056,由心及物,1087,台风,0.458817,0.00005
1027,大地苏醒,1400,最终都市列车,0.523999,0.000068
1075,慢炖,1081,踢踏舞,0.460772,0.000129
1138,渴血,1338,升级：狂妄,0.508723,0.002741
1133,魔法飞弹,1420,咏叹奏鸣,0.549993,0.000607
1038,有始有终,1331,至高天诺言,0.470758,0.000019
1107,接二连三,1301,神圣干预,0.451881,0.000155
1051,点亮他们！,1053,科学狂人,0.520716,0.000076
1095,风语者的祝福,1418,砸开那颗蛋,0.568752,0.000011
1225,双刀流,1336,升级：无尽之刃,0.571753,0.001593
1009,霸符兄弟,1084,穿针引线,0.494834,0.00055
1068,循环往复,1405,速度恶魔,0.501361,0.000461
1071,更万用的瞄准镜,1335,夺金,0.494648,0.000176
1129,神射法师,1345,心灵净化,0.463657,0.000685
1318,升级：中娅,1409,魄罗爆破手,0.494223,0.000364
2004,信念者的强化,2006,飞身踢,0.439482,0.000005
1301,神圣干预,1349,终极唤醒,0.456106,0.000105
1079,战争交响乐,1346,吸血习性,0.522445,0.002771
1020,黎明使者的坚决,1088,终极刷新,0.453517,0.0001
1327,坚若磐石,1420,咏叹奏鸣,0.495811,0.000094
1058,秘术冲拳,1325,玻璃大炮,0.433604,0.000095
1068,循环往复,1313,作弊：我能回城！,0.506212,0.000992
1054,物法皆修,1104,仆从大师,0.464671,0.000008
1039,冰霜 幽灵,1181,重量级打击手,0.511475,0.000823
1073,暗影疾奔,1414,卡皮巴拉空投,0.451104,0.000018
1326,夜狩,2006,飞身踢,0.448543,0.000145
1006,利刃华尔兹,1076,天音爆,0.428224,0.000008
1326,夜狩,2026,杀意翻涌,0.445825,0.000255
1391,红包,1401,生机迸发,0.538469,0.000155
1007,大力,1061,回力OK镖,0.508344,0.000079
1156,任务：沃格勒特的巫师帽,1317,升级：弯刀,0.435172,0
1156,任务：沃格勒特的巫师帽,1418,砸开那颗蛋,0.501294,0.000003
1320,升级：收集者,1346,吸血习性,0.526425,0.004436
1313,作弊：我能回城！,1315,快中求稳,0.503012,0.000317
1237,质变：黄金阶,1335,夺金,0.493076,0.000111
1346,吸血习性,2016,注魔,0.503648,0.000208
1042,恶趣味,1152,任务：钢化你心,0.509444,0.001409
1048,珠光护手,1084,穿针引线,0.473716,0.002968
1044,冰寒,1996,升级：耀光,0.481172,0.000075
1054,物法皆修,1327,坚若磐石,0.421144,0.000034
1151,面包和奶酪,1331,至高天诺言,0.473795,0.000041
0,无符文,1063,狂徒豪气,0.632401,0.013525
1068,循环往复,2007,你肩上的恶魔,0.439432,0.000046
1388,无限循环往复,1404,属性！,0.521834,0.000113
1112,终极不可阻挡,1315,快中求稳,0.491046,0.000145
1237,质变：黄金阶,1342,雪球扭蛋机,0.498262,0.000225
1067,古式佳酿,1138,渴血,0.502666,0.000896
1026,唯快不破,1319,升级：献祭,0.494907,0.000023
1112,终极不可阻挡,1420,咏叹奏鸣,0.498965,0.000054
1079,战争交响乐,1116,闪现向前,0.462371,0.000057
1009,霸符兄弟,1330,活力再生,0.485564,0.000031
1061,回力OK镖,2010,双发快射,0.478769,0.000037
1051,点亮他们！,1333,逃跑计划,0.559157,0.000187
1036,火上浇油,1310,小丑学院,0.500984,0.000211
1077,灵魂虹吸,1149,不动如山,0.433556,0.000038
1020,黎明使者的坚决,1384,捐赠,0.514849,0.000081
1170,万用瞄准镜,1204,叠角龙,0.516389,0.000028
1002,尖端发明家,1036,火上浇油,0.451345,0.000246
1018,巨像的勇气,1034,防护面纱,0.443674,0.000049
1061,回力OK镖,1170,万用瞄准镜,0.470256,0.000122
1243,质变：混沌,1332,不祥契约,0.495973,0.000137
1022,灵巧,2010,双发快射,0.534059,0.000634
1023,魔鬼之舞,2001,当心小蛋糕！,0.504718,0.000068
1086,精准奇才,1104,仆从大师,0.522839,0.000019
1326,夜狩,1409,魄罗爆破手,0.452685,0.000189
1180,超强大脑,1315,快中求稳,0.519387,0.0001
1151,面包和奶酪,1327,坚若磐石,0.455651,0.000155
1170,万用瞄准镜,1344,最终形态,0.484789,0.000321
1056,由心及物,1333,逃跑计划,0.541512,0.000329
1311,溢流,1372,小猫咪找妈妈,0.481513,0.000097
1079,战争交响乐,1389,男爵之手,0.511392,0.000007
1335,夺金,1342,雪球扭蛋机,0.481206,0.000033
1320,升级：收集者,1405,速度恶魔,0.477061,0.00036
1051,点亮他们！,1205,物理转魔法,0.470433,0.000179
1011,你摸不到,1170,万用瞄准镜,0.44183,0.000102
1007,大力,1414,卡皮巴拉空投,0.44205,0.000015
1085,折磨者,1321,砍伤,0.45929,0.000081
1076,天音爆,1375,吞噬灵魂,0.477299,0.000043
1205,物理转魔法,1325,玻璃大炮,0.454522,0.000421
1220,连拨击锤,2008,负重爆气,0.425453,0.000095
1006,利刃华尔兹,1321,砍伤,0.476574,0.000121
1042,恶趣味,1077,灵魂虹吸,0.441403,0.000039
1073,暗影疾奔,1337,尊我为王,0.525095,0.000135
1015,死亡之环,2003,魄罗之王的弹跳,0.479312,0.000009
1062,全能龙魂,1315,快中求稳,0.529975,0.000104
1056,由心及物,1392,神圣雪球,0.465105,0.000074
1061,回力OK镖,1141,全心为你,0.538679,0.000065
1318,升级：中娅,2004,信念者的强化,0.457278,0.000011
1062,全能龙魂,1077,灵魂虹吸,0.500753,0.000157
1088,终极刷新,1392,神圣雪球,0.432499,0.000012
1308,火狐,1346,吸血习性,0.5485,0.000502
1149,不动如山,1150,面包和果酱,0.46653,0.000178
1051,点亮他们！,1301,神圣干预,0.468627,0.000069
1238,质变：棱彩阶,1416,海克斯科技龙魂,0.512732,0.000087
1086,精准奇才,1344,最终形态,0.480013,0.000025
1077,灵魂虹吸,1320,升级：收集者,0.503742,0.001183
1113,老练狙神,1402,属性叠属性叠属性！,0.484079,0.000063
1029,虚幻武器,1346,吸血习性,0.519647,0.002506
1004,回归基本功,1340,升级：米凯尔的祝福,0.513315,0.00001
1076,天音爆,2018,纯粹主义者 - 术师,0.502755,0.000013
1238,质变：棱彩阶,1373,缩小引擎,0.534206,0.000719
1112,终极不可阻挡,1361,任务：艾卡西亚的陷落,0.498461,0.000025
1047,关键暴击,1375,吞噬灵魂,0.456524,0.000057
1104,仆从大师,1325,玻璃大炮,0.482661,0.00002
1996,升级：耀光,2001,当心小蛋糕！,0.491578,0.000103
1205,物理转魔法,1390,超凡邪恶,0.500126,0.00362
1086,精准奇才,1400,最终都市列车,0.467906,0.000031
1004,回归基本功,1170,万用瞄准镜,0.488679,0.000251
1108,自我毁灭,1314,强力护盾,0.456558,0.000094
1051,点亮他们！,1181,重量级打击手,0.506089,0.000108
1018,巨像的勇气,2001,当心小蛋糕！,0.471658,0.000029
1071,更万用的瞄准镜,1220,连拨击锤,0.473924,0.001835
1105,家园卫士,1388,无限循环往复,0.535977,0.000199
1079,战争交响乐,1104,仆从大师,0.442857,0.00002
1079,战争交响乐,2008,负重爆气,0.461068,0.000139
1079,战争交响乐,1198,圣火,0.494536,0.000036
1112,终极不可阻挡,2008,负重爆气,0.454974,0.000097
1104,仆从大师,1313,作弊：我能回城！,0.5158,0.000066
1103,面包和黄油,1214,旋转至胜,0.52337,0.000173
1045,炼狱导管,1050,基石法师,0.513464,0.001037
1038,有始有终,1322,罪恶快感,0.507819,0.000659
1041,歌利亚巨人,1336,升级：无尽之刃,0.504924,0.000443
1095,风语者的祝福,1170,万用瞄准镜,0.460066,0.000032
1026,唯快不破,1414,卡皮巴拉空投,0.446691,0.000006
1035,感受燃烧,2024,由暴生急,0.439707,0.000011
1061,回力OK镖,1320,升级：收集者,0.48041,0.000176
1321,砍伤,1334,升级：雪球,0.465102,0.00011
1032,裁决使,1141,全心为你,0.481124,0.000186
1416,海克斯科技龙魂,1420,咏叹奏鸣,0.536419,0.000079
1087,台风,1326,夜狩,0.45698,0.000251
1057,山脉龙魂,1194,精怪魔法,0.449272,0.000048
1194,精怪魔法,1388,无限循环往复,0.483558,0.000054
1023,魔鬼之舞,1404,属性！,0.533699,0.000034
1027,大地苏醒,2005,扳机炼狱,0.472986,0.000014
1056,由心及物,1118,会心治疗,0.471455,0.000487
1037,急救用具,1214,旋转至胜,0.500489,0.000042
1301,神圣干预,1416,海克斯科技龙魂,0.481484,0.00004
1085,折磨者,1320,升级：收集者,0.428771,0.000014
1313,作弊：我能回城！,1401,生机迸发,0.485873,0.0001
1243,质变：混沌,1311,溢流,0.500461,0.000599
1051,点亮他们！,1056,由心及物,0.479556,0.00006
1067,古式佳酿,1170,万用瞄准镜,0.471055,0.000206
1041,歌利亚巨人,1085,折磨者,0.474445,0.000545
1048,珠光护手,1424,???,0.451784,0.000027
1077,灵魂虹吸,1138,渴血,0.519067,0.001729
1097,巫师式思考,1420,咏叹奏鸣,0.557403,0.000271
1087,台风,1421,舞会女王,0.471042,0.000009
1034,防护面纱,1134,亮出你的剑,0.577283,0.000078
1181,重量级打击手,1411,升级：荆棘之甲,0.555312,0.00033
1076,天音爆,1195,巨人杀手,0.502728,0.000086
1301,神圣干预,1418,砸开那颗蛋,0.515194,0.000005
1007,大力,1018,巨像的勇气,0.462585,0.000026
1007,大力,1170,万用瞄准镜,0.501443,0.000392
1071,更万用的瞄准镜,1105,家园卫士,0.531098,0.000557
1361,任务：艾卡西亚的陷落,2018,纯粹主义者 - 术师,0.502218,0.000015
1103,面包和黄油,1150,面包和果酱,0.472751,0.000966
1026,唯快不破,1156,任务：沃格勒特的巫师帽,0.523508,0.000085
1336,升级：无尽之刃,2018,纯粹主义者 - 术师,0.424194,0.000041
1061,回力OK镖,2001,当心小蛋糕！,0.5158,0.000063
1041,歌利亚巨人,1301,神圣干预,0.478499,0.000543
1044,冰寒,2010,双发快射,0.470768,0.000031
1050,基石法师,1054,物法皆修,0.441143,0.000081
1044,冰寒,1305,练腿日,0.51028,0.000356
1206,魔法转物理,1305,练腿日,0.499638,0.000199
1301,神圣干预,1305,练腿日,0.481525,0.000128
1996,升级：耀光,2009,狂热者,0.507491,0.000307
1085,折磨者,1133,魔法飞弹,0.486945,0.000373
1066,量子计算,1129,神射法师,0.460373,0.000131
1067,古式佳酿,1379,未知符文_1379,0.445313,0.000003
1098,急急小子,1204,叠角龙,0.532469,0.000011
1152,任务：钢化你心,2008,负重爆气,0.475168,0.000483
1116,闪现向前,1392,神圣雪球,0.25,0
1323,残忍,1389,男爵之手,0.517258,0.000006
1011,你摸不到,1054,物法皆修,0.449242,0.000049
1411,升级：荆棘之甲,1415,双生火焰,0.499636,0.000007
1379,未知符文_1379,2026,杀意翻涌,0.435991,0
1075,慢炖,1414,卡皮巴拉空投,0.45411,0.000024
1344,最终形态,1424,???,0.459317,0.000007
1250,一板一眼,1348,闪闪现现,0.437707,0.000035
1041,歌利亚巨人,1070,无休回复,0.490675,0.000662
1034,防护面纱,1345,心灵净化,0.479086,0.000336
1237,质变：黄金阶,1333,逃跑计划,0.536952,0.000372
1063,狂徒豪气,2016,注魔,0.502539,0.000015
1022,灵巧,1348,闪闪现现,0.464249,0.000042
1036,火上浇油,1319,升级：献祭,0.478288,0.000095
1052,闪电打击,1108,自我毁灭,0.465784,0.000136
1066,量子计算,2006,飞身踢,0.482831,0.000084
1108,自我毁灭,1170,万用瞄准镜,0.455517,0.000095
1056,由心及物,2024,由暴生急,0.473218,0.000014
1076,天音爆,1336,升级：无尽之刃,0.438184,0.000014
1401,生机迸发,2009,狂热者,0.499256,0.000058
1075,慢炖,1996,升级：耀光,0.480166,0.00005
1076,天音爆,1081,踢踏舞,0.463621,0.000025
1411,升级：荆棘之甲,2009,狂热者,0.512156,0.000009
1095,风语者的祝福,2005,扳机炼狱,0.461559,0.000004
1118,会心治疗,2007,你肩上的恶魔,0.437186,0.000073
1074,缩小射线,1416,海克斯科技龙魂,0.449378,0.00006
1028,侵蚀,1134,亮出你的剑,0.583197,0.000077
1205,物理转魔法,1250,一板一眼,0.432239,0.000161
1023,魔鬼之舞,1392,神圣雪球,0.452248,0.000025
1048,珠光护手,1187,闪光弹,0.469496,0.000242
1238,质变：棱彩阶,2003,魄罗之王的弹跳,0.516994,0.000058
1020,黎明使者的坚决,1329,史上最大雪球,0.47507,0.000075
1045,炼狱导管,1333,逃跑计划,0.557992,0.000646
1004,回归基本功,1076,天音爆,0.488697,0.000032
1082,残暴之力,1220,连拨击锤,0.44527,0.000326
1138,渴血,1313,作弊：我能回城！,0.487714,0.00105
1211,杀戮时间到了,1322,罪恶快感,0.467923,0.000794
1318,升级：中娅,1322,罪恶快感,0.475414,0.000097
1187,闪光弹,1390,超凡邪恶,0.475957,0.000001
1068,循环往复,1211,杀戮时间到了,0.501975,0.001376
1019,全凭身法,1406,祖母的辣椒油,0.490654,0.000095
1321,砍伤,1345,心灵净化,0.461401,0.000248
1061,回力OK镖,1118,会心治疗,0.511526,0.000184
1113,老练狙神,2008,负重爆气,0.465623,0.000594
1076,天音爆,1411,升级：荆棘之甲,0.506587,0.000005
1039,冰霜 幽灵,1308,火狐,0.547357,0.000353
1082,残暴之力,1338,升级：狂妄,0.485114,0.001801
1344,最终形态,1418,砸开那颗蛋,0.497685,0.000002
1022,灵巧,1156,任务：沃格勒特的巫师帽,0.492899,0.000121
1038,有始有终,1388,无限循环往复,0.519306,0.000503
1181,重量级打击手,1349,终极唤醒,0.479714,0.000212
1072,炽烈黎明,12317,潘朵拉的盒子,0.503067,0
1225,双刀流,1413,和我一起困在这里,0.495431,0.000005
1195,巨人杀手,2005,扳机炼狱,0.492633,0.00009
1324,蛋白粉奶昔,1330,活力再生,0.406033,0.000003
1072,炽烈黎明,1334,升级：雪球,0.482694,0.000063
1056,由心及物,1411,升级：荆棘之甲,0.533708,0.000038
1039,冰霜 幽灵,1390,超凡邪恶,0.483585,0.000279
1361,任务：艾卡西亚的陷落,1388,无限循环往复,0.532534,0.000074
1154,任务：海牛阿福的勇士,1315,快中求稳,0.516046,0.000076
1328,暴击律动,1414,卡皮巴拉空投,0.436803,0.000021
1325,玻璃大炮,1401,生机迸发,0.444652,0.000017
1029,虚幻武器,1116,闪现向前,0.466929,0.000054
1044,冰寒,1416,海克斯科技龙魂,0.505026,0.000136
1045,炼狱导管,1406,祖母的辣椒油,0.581491,0.002173
1118,会心治疗,2005,扳机炼狱,0.448169,0.000124
1013,星界躯体,1373,缩小引擎,0.502933,0.000435
1009,霸符兄弟,1029,虚幻武器,0.531596,0.000311
1053,科学狂人,1085,折磨者,0.490517,0.000075
1046,炼狱龙魂,2002,虚空裂隙,0.49639,0.000141
1308,火狐,1335,夺金,0.53839,0.000086
1108,自我毁灭,1243,质变：混沌,0.485167,0.000314
1034,防护面纱,1072,炽烈黎明,0.486431,0.000051
1088,终极刷新,1105,家园卫士,0.48286,0.000136
1023,魔鬼之舞,1338,升级：狂妄,0.491847,0.00047
1346,吸血习性,1358,弹球,0.478075,0.0004
1030,尤里卡,1149,不动如山,0.471787,0.000158
1319,升级：献祭,1345,心灵净化,0.469404,0.00033
1034,防护面纱,2006,飞身踢,0.46572,0.000065
1074,缩小射线,1341,帽上加帽,0.450238,0.000165
1112,终极不可阻挡,1421,舞会女王,0.477243,0.00002
1081,踢踏舞,1328,暴击律动,0.510844,0.001863
1054,物法皆修,1170,万用瞄准镜,0.457578,0.000432
1077,灵魂虹吸,1386,转得我眩晕了,0.445522,0.000001
1030,尤里卡,1098,急急小子,0.565264,0.001079
1097,巫师式思考,1332,不祥契约,0.475966,0.00048
1011,你摸不到,1152,任务：钢化你心,0.433598,0.000162
1026,唯快不破,1104,仆从大师,0.521905,0.000009
1301,神圣干预,1316,刃下生风,0.46955,0.000053
1011,你摸不到,1060,海洋龙魂,0.470471,0.000078
1029,虚幻武器,2005,扳机炼狱,0.4518,0.000083
1092,易损,2009,狂热者,0.504959,0.000294
1015,死亡之环,1391,红包,0.531492,0.000096
1038,有始有终,1051,点亮他们！,0.50617,0.000247
1029,虚幻武器,1206,魔法转物理,0.480799,0.0005
1150,面包和果酱,1314,强力护盾,0.452253,0.000126
1019,全凭身法,1409,魄罗爆破手,0.469778,0.000161
1028,侵蚀,1195,巨人杀手,0.544307,0.000554
1170,万用瞄准镜,1372,小猫咪找妈妈,0.446311,0.000006
1066,量子计算,1198,圣火,0.457507,0.000058
0,无符文,1047,关键暴击,0.584264,0.017501
1420,咏叹奏鸣,2004,信念者的强化,0.54576,0.000185
1025,俯冲轰炸,1064,坚韧,0.478975,0.000588
1027,大地苏醒,1308,火狐,0.484754,0.00002
1313,作弊：我能回城！,2006,飞身踢,0.483296,0.000292
1105,家园卫士,1115,最万用的瞄准镜,0.517135,0.000302
1136,扇巴掌,2016,注魔,0.478592,0.000042
1041,歌利亚巨人,1061,回力OK镖,0.497482,0.000228
1077,灵魂虹吸,1080,会心防御,0.516511,0.00053
1181,重量级打击手,2008,负重爆气,0.495818,0.000226
1105,家园卫士,1206,魔法转物理,0.511492,0.000155
1084,穿针引线,1392,神圣雪球,0.437441,0.000087
1075,慢炖,2007,你肩上的恶魔,0.404315,0.000013
1075,慢炖,1345,心灵净化,0.482308,0.000543
0,无符文,1181,重量级打击手,0.612548,0.029198
1028,侵蚀,1030,尤里卡,0.525213,0.000462
1044,冰寒,12317,潘朵拉的盒子,0.506383,0.000002
1054,物法皆修,1324,蛋白粉奶昔,0.443968,0.000023
1206,魔法转物理,1225,双刀流,0.545218,0.000844
1098,急急小子,1404,属性！,0.539809,0.000025
1311,溢流,1413,和我一起困在这里,0.474013,0.000018
1060,海洋龙魂,1079,战争交响乐,0.483012,0.000194
1356,暴击飞弹,2006,飞身踢,0.477114,0.000088
1118,会心治疗,1411,升级：荆棘之甲,0.502985,0.000113
1026,唯快不破,1342,雪球扭蛋机,0.502016,0.000053
1103,面包和黄油,1305,练腿日,0.487691,0.000408
1206,魔法转物理,1318,升级：中娅,0.398488,0.000019
1104,仆从大师,1392,神圣雪球,0.449861,0.000004
1322,罪恶快感,1392,神圣雪球,0.445048,0.000069
1044,冰寒,1141,全心为你,0.459778,0.000162
1013,星界躯体,1108,自我毁灭,0.478277,0.000867
1022,灵巧,2008,负重爆气,0.476682,0.000149
1020,黎明使者的坚决,1086,精准奇才,0.460032,0.000018
1047,关键暴击,1062,全能龙魂,0.489263,0.000128
1152,任务：钢化你心,1353,坦克引擎,0.544131,0.011144
1238,质变：棱彩阶,1314,强力护盾,0.49078,0.000308
1310,小丑学院,1384,捐赠,0.558415,0.00051
1039,冰霜 幽灵,1414,卡皮巴拉空投,0.448526,0.000031
1081,踢踏舞,1107,接二连三,0.501996,0.001763
1081,踢踏舞,1397,地狱三头犬,0.467723,0.000223
1077,灵魂虹吸,1325,玻璃大炮,0.448817,0.00014
1243,质变：混沌,1392,神圣雪球,0.501142,0.000022
1136,扇巴掌,1180,超强大脑,0.513986,0.000336
1046,炼狱龙魂,1047,关键暴击,0.46522,0.000532
1028,侵蚀,1080,会心防御,0.492092,0.000074
1095,风语者的祝福,1414,卡皮巴拉空投,0.475892,0.000006
1022,灵巧,1322,罪恶快感,0.503511,0.002905
1154,任务：海牛阿福的勇士,1405,速度恶魔,0.489726,0.000062
1058,秘术冲拳,1353,坦克引擎,0.471183,0.000834
1087,台风,1321,砍伤,0.508065,0.000164
1026,唯快不破,1320,升级：收集者,0.502976,0.000163
1018,巨像的勇气,1072,炽烈黎明,0.464413,0.000044
1030,尤里卡,1415,双生火焰,0.506397,0.000779
1187,闪光弹,1345,心灵净化,0.459681,0.000165
1051,点亮他们！,1208,轨道镭射,0.454997,0.00001
1305,练腿日,1356,暴击飞弹,0.510151,0.000062
1105,家园卫士,1337,尊我为王,0.524084,0.000073
1004,回归基本功,2002,虚空裂隙,0.532203,0.000036
1413,和我一起困在这里,2006,飞身踢,0.463791,0.000026
1025,俯冲轰炸,1156,任务：沃格勒特的巫师帽,0.499661,0.000277
1067,古式佳酿,1086,精准奇才,0.480981,0.000076
1045,炼狱导管,1341,帽上加帽,0.510176,0.001658
1002,尖端发明家,1027,大地苏醒,0.450092,0.000098
1088,终极刷新,1345,心灵净化,0.45256,0.000417
1327,坚若磐石,1389,男爵之手,0.492542,0.000005
1056,由心及物,1081,踢踏舞,0.467839,0.000135
1023,魔鬼之舞,1041,歌利亚巨人,0.521473,0.000814
1315,快中求稳,1342,雪球扭蛋机,0.511352,0.000161
1064,坚韧,1421,舞会女王,0.488616,0.000131
1054,物法皆修,2009,狂热者,0.487258,0.000433
1327,坚若磐石,1416,海克斯科技龙魂,0.454618,0.000016
1107,接二连三,1170,万用瞄准镜,0.475224,0.001637
1358,弹球,1389,男爵之手,0.505894,0.000013
1015,死亡之环,1136,扇巴掌,0.498451,0.000444
1379,未知符文_1379,1405,速度恶魔,0.451313,0.000003
1006,利刃华尔兹,1107,接二连三,0.451122,0.000225
1170,万用瞄准镜,1386,转得我眩晕了,0.429886,0.000001
1076,天音爆,1098,急急小子,0.484766,0.000041
1052,闪电打击,1401,生机迸发,0.513497,0.000105
1305,练腿日,1331,至高天诺言,0.470851,0.000017
1015,死亡之环,1315,快中求稳,0.509867,0.000047
1195,巨人杀手,1406,祖母的辣椒油,0.580014,0.000946
1054,物法皆修,1136,扇巴掌,0.463324,0.000572
1076,天音爆,1250,一板一眼,0.404708,0.000006
1063,狂徒豪气,1319,升级：献祭,0.500006,0.000126
1058,秘术冲拳,1405,速度恶魔,0.483337,0.0003
1206,魔法转物理,1348,闪闪现现,0.446932,0.000019
1404,属性！,2008,负重爆气,0.519725,0.000083
1022,灵巧,1334,升级：雪球,0.476961,0.000261
1057,山脉龙魂,1113,老练狙神,0.474032,0.000056
1063,狂徒豪气,1996,升级：耀光,0.517426,0.000115
1002,尖端发明家,2004,信念者的强化,0.455306,0.000026
1414,卡皮巴拉空投,1415,双生火焰,0.43795,0.000033
1063,狂徒豪气,2007,你肩上的恶魔,0.453705,0.000024
1026,唯快不破,1037,急救用具,0.471363,0.000024
1020,黎明使者的坚决,1104,仆从大师,0.487033,0.000014
1154,任务：海牛阿福的勇士,1321,砍伤,0.491059,0.000028
1319,升级：献祭,1372,小猫咪找妈妈,0.464618,0.000004
1313,作弊：我能回城！,1334,升级：雪球,0.48309,0.000293
1129,神射法师,1149,不动如山,0.440135,0.000081
1041,歌利亚巨人,1390,超凡邪恶,0.482455,0.000971
1082,残暴之力,1330,活力再生,0.452704,0.000071
1034,防护面纱,1220,连拨击锤,0.472139,0.000132
1086,精准奇才,1416,海克斯科技龙魂,0.472136,0.000049
1390,超凡邪恶,1421,舞会女王,0.499606,0.000098
1204,叠角龙,1348,闪闪现现,0.472665,0.000003
1041,歌利亚巨人,1045,炼狱导管,0.487644,0.000395
1039,冰霜 幽灵,1384,捐赠,0.505863,0.000123
1194,精怪魔法,1220,连拨击锤,0.445806,0.000085
1067,古式佳酿,1401,生机迸发,0.486988,0.00011
1315,快中求稳,1406,祖母的辣椒油,0.513049,0.000068
1002,尖端发明家,1337,尊我为王,0.50242,0.000133
1061,回力OK镖,1098,急急小子,0.500907,0.000062
1075,慢炖,1195,巨人杀手,0.51603,0.000162
1129,神射法师,1392,神圣雪球,0.449468,0.000044
1050,基石法师,1314,强力护盾,0.459203,0.000047
1081,踢踏舞,1353,坦克引擎,0.494012,0.001171
1134,亮出你的剑,1334,升级：雪球,0.57825,0.000073
1333,逃跑计划,1404,属性！,0.571874,0.000046
1054,物法皆修,1108,自我毁灭,0.430598,0.000074
1116,闪现向前,1390,超凡邪恶,0.486209,0.000159
1023,魔鬼之舞,1074,缩小射线,0.470606,0.000149
1060,海洋龙魂,1325,玻璃大炮,0.464156,0.000105
1315,快中求稳,1424,???,0.475474,0.000009
1007,大力,1115,最万用的瞄准镜,0.506556,0.000469
1041,歌利亚巨人,1308,火狐,0.49845,0.000215
1057,山脉龙魂,2018,纯粹主义者 - 术师,0.446483,0.000009
1133,魔法飞弹,1392,神圣雪球,0.445862,0.000104
1336,升级：无尽之刃,2024,由暴生急,0.484052,0.000325
1322,罪恶快感,1340,升级：米凯尔的祝福,0.478631,0.000007
1113,老练狙神,2016,注魔,0.456578,0.0001
1076,天音爆,1389,男爵之手,0.532795,0.000004
1038,有始有终,1238,质变：棱彩阶,0.524115,0.001561
1058,秘术冲拳,1108,自我毁灭,0.467206,0.000197
1087,台风,1409,魄罗爆破手,0.468415,0.000239
1375,吞噬灵魂,1379,未知符文_1379,0.438163,0.000003
1105,家园卫士,1403,属性叠属性！,0.554428,0.000045
1050,基石法师,1079,战争交响乐,0.443926,0.000041
1057,山脉龙魂,1075,慢炖,0.509118,0.000586
1030,尤里卡,1409,魄罗爆破手,0.520157,0.001101
1194,精怪魔法,1414,卡皮巴拉空投,0.43422,0.000008
1149,不动如山,1345,心灵净化,0.458473,0.000353
1037,急救用具,1086,精准奇才,0.461902,0.000021
1250,一板一眼,1320,升级：收集者,0.461351,0.001238
1037,急救用具,1104,仆从大师,0.45985,0.000016
12317,潘朵拉的盒子,1372,小猫咪找妈妈,0.561404,0
1076,天音爆,1092,易损,0.456692,0.000031
1036,火上浇油,1076,天音爆,0.458826,0.000031
1088,终极刷新,1406,祖母的辣椒油,0.500462,0.00016
1345,心灵净化,1415,双生火焰,0.4683,0.000279
1391,红包,1403,属性叠属性！,0.594574,0.000244
1324,蛋白粉奶昔,1336,升级：无尽之刃,0.43467,0.000028
1002,尖端发明家,1056,由心及物,0.488101,0.000532
1389,男爵之手,2016,注魔,0.525087,0.000006
1116,闪现向前,2004,信念者的强化,0.463313,0.000002
1097,巫师式思考,1409,魄罗爆破手,0.500538,0.000625
1053,科学狂人,2026,杀意翻涌,0.514655,0.000042
1113,老练狙神,1356,暴击飞弹,0.461668,0.000219
1327,坚若磐石,1345,心灵净化,0.449099,0.000276
1011,你摸不到,1108,自我毁灭,0.447553,0.000078
1150,面包和果酱,1409,魄罗爆破手,0.481163,0.000186
1238,质变：棱彩阶,1305,练腿日,0.518237,0.000781
1042,恶趣味,1386,转得我眩晕了,0.428571,0.000001
1406,祖母的辣椒油,2016,注魔,0.523532,0.000137
1320,升级：收集者,1406,祖母的辣椒油,0.488965,0.000072
1038,有始有终,1384,捐赠,0.544118,0.004265
1002,尖端发明家,1208,轨道镭射,0.459435,0.000044
1006,利刃华尔兹,1334,升级：雪球,0.578947,0
1032,裁决使,1331,至高天诺言,0.472094,0.000053
1107,接二连三,1335,夺金,0.469066,0.000092
1332,不祥契约,1356,暴击飞弹,0.467732,0.000034
1058,秘术冲拳,1181,重量级打击手,0.480114,0.000396
1032,裁决使,1404,属性！,0.513422,0.000263
1079,战争交响乐,1401,生机迸发,0.478743,0.000069
1038,有始有终,1181,重量级打击手,0.493153,0.000222
1113,老练狙神,1313,作弊：我能回城！,0.488449,0.000684
1002,尖端发明家,1205,物理转魔法,0.459855,0.000736
1211,杀戮时间到了,1347,吵闹鬼,0.460793,0.000084
1006,利刃华尔兹,1112,终极不可阻挡,0.44103,0.000155
1018,巨像的勇气,1060,海洋龙魂,0.483563,0.000186
1019,全凭身法,1154,任务：海牛阿福的勇士,0.474552,0.00004
1058,秘术冲拳,1129,神射法师,0.462139,0.000331
1331,至高天诺言,2016,注魔,0.481561,0.000005
1340,升级：米凯尔的祝福,1404,属性！,0.542518,0.000005
1066,量子计算,1108,自我毁灭,0.517804,0.001119
1076,天音爆,1330,活力再生,0.451522,0.000003
1038,有始有终,1108,自我毁灭,0.489516,0.000301
1060,海洋龙魂,1424,???,0.477083,0.000016
1328,暴击律动,2004,信念者的强化,0.423596,0.000003
1195,巨人杀手,2024,由暴生急,0.505607,0.000256
1004,回归基本功,1344,最终形态,0.426889,0.00002
1069,退敌力场,1243,质变：混沌,0.461382,0.000178
1067,古式佳酿,1118,会心治疗,0.479366,0.000899
1032,裁决使,1136,扇巴掌,0.497239,0.002149
1076,天音爆,1317,升级：弯刀,0.357558,0
1136,扇巴掌,1418,砸开那颗蛋,0.503244,0.000011
1310,小丑学院,2002,虚空裂隙,0.54017,0.00006
1013,星界躯体,1061,回力OK镖,0.484442,0.000176
1064,坚韧,1397,地狱三头犬,0.455237,0.000075
1220,连拨击锤,1347,吵闹鬼,0.45239,0.000052
1038,有始有终,1311,溢流,0.517712,0.001187
1404,属性！,2006,飞身踢,0.512117,0.000067
1107,接二连三,1996,升级：耀光,0.48601,0.000423
1098,急急小子,1397,地狱三头犬,0.437141,0.000045
1025,俯冲轰炸,1346,吸血习性,0.523123,0.001558
1048,珠光护手,1116,闪现向前,0.469052,0.000185
1105,家园卫士,1118,会心治疗,0.498155,0.000232
1129,神射法师,1314,强力护盾,0.45823,0.000105
1080,会心防御,1996,升级：耀光,0.515159,0.000142
1020,黎明使者的坚决,1340,升级：米凯尔的祝福,0.495101,0.000016
1050,基石法师,1060,海洋龙魂,0.51153,0.000272
1044,冰寒,1105,家园卫士,0.541809,0.000465
1047,关键暴击,2009,狂热者,0.477479,0.000173
1151,面包和奶酪,1180,超强大脑,0.507548,0.000321
1086,精准奇才,1156,任务：沃格勒特的巫师帽,0.501904,0.000076
1081,踢踏舞,1331,至高天诺言,0.436672,0.000007
1062,全能龙魂,1198,圣火,0.48504,0.000048
1104,仆从大师,1358,弹球,0.467821,0.00001
1075,慢炖,1310,小丑学院,0.502402,0.000158
1034,防护面纱,1105,家园卫士,0.533666,0.000143
1052,闪电打击,1320,升级：收集者,0.496101,0.001601
1023,魔鬼之舞,1181,重量级打击手,0.530404,0.000608
1098,急急小子,1220,连拨击锤,0.434963,0.000092
1154,任务：海牛阿福的勇士,1332,不祥契约,0.465795,0.00002
1073,暗影疾奔,1082,残暴之力,0.498088,0.000376
1026,唯快不破,1375,吞噬灵魂,0.498314,0.000033
1022,灵巧,1058,秘术冲拳,0.486508,0.001308
1072,炽烈黎明,1198,圣火,0.456385,0.000058
1081,踢踏舞,1345,心灵净化,0.461471,0.000422
1077,灵魂虹吸,1418,砸开那颗蛋,0.435656,0.000001
1023,魔鬼之舞,1025,俯冲轰炸,0.507476,0.000238
1060,海洋龙魂,1141,全心为你,0.483562,0.000095
1044,冰寒,1108,自我毁灭,0.468627,0.000148
1330,活力再生,1391,红包,0.548619,0.000067
1056,由心及物,1336,升级：无尽之刃,0.478438,0.000047
1116,闪现向前,1204,叠角龙,0.493545,0.000001
1074,缩小射线,1420,咏叹奏鸣,0.489526,0.000098
1063,狂徒豪气,1414,卡皮巴拉空投,0.444957,0.000013
1315,快中求稳,1391,红包,0.588976,0.000219
1052,闪电打击,1136,扇巴掌,0.48122,0.000195
0,无符文,1129,神射法师,0.594513,0.023159
1311,溢流,1322,罪恶快感,0.483715,0.000394
1401,生机迸发,1413,和我一起困在这里,0.476382,0.000018
1220,连拨击锤,1344,最终形态,0.484039,0.000095
1108,自我毁灭,1250,一板一眼,0.466076,0.000203
1035,感受燃烧,1329,史上最大雪球,0.461538,0
1206,魔法转物理,1336,升级：无尽之刃,0.528511,0.000877
1020,黎明使者的坚决,1116,闪现向前,0.473986,0.000026
1063,狂徒豪气,1108,自我毁灭,0.492202,0.000205
1206,魔法转物理,1418,砸开那颗蛋,0.441155,0.000001
1150,面包和果酱,1339,激光治疗,0.464956,0.00004
1337,尊我为王,1345,心灵净化,0.495536,0.000197
1243,质变：混沌,1327,坚若磐石,0.465103,0.000199
1020,黎明使者的坚决,1038,有始有终,0.500482,0.000103
1061,回力OK镖,2008,负重爆气,0.512029,0.000139
1345,心灵净化,2016,注魔,0.458978,0.000072
1063,狂徒豪气,1321,砍伤,0.52248,0.000191
1308,火狐,2009,狂热者,0.508006,0.000081
1092,易损,1305,练腿日,0.500483,0.000287
1372,小猫咪找妈妈,1996,升级：耀光,0.479256,0.000002
1092,易损,1322,罪恶快感,0.487881,0.000736
1028,侵蚀,1421,舞会女王,0.499965,0.000032
1118,会心治疗,1397,地狱三头犬,0.477596,0.00025
1103,面包和黄油,1310,小丑学院,0.499783,0.000532
0,无符文,1322,罪恶快感,0.595476,0.040476
1015,死亡之环,2016,注魔,0.46743,0.00002
1046,炼狱龙魂,2009,狂热者,0.475502,0.000169
1038,有始有终,1079,战争交响乐,0.608696,0
1062,全能龙魂,1113,老练狙神,0.495484,0.000248
1069,退敌力场,2007,你肩上的恶魔,0.38654,0.000006
1062,全能龙魂,1335,夺金,0.5077,0.000029
1028,侵蚀,1156,任务：沃格勒特的巫师帽,0.503755,0.000201
1342,雪球扭蛋机,2010,双发快射,0.472426,0.000028
1027,大地苏醒,2008,负重爆气,0.48729,0.000062
1149,不动如山,12317,潘朵拉的盒子,0.469376,0
1238,质变：棱彩阶,1379,未知符文_1379,0.464671,0.00001
1092,易损,2018,纯粹主义者 - 术师,0.461987,0.000074
1044,冰寒,1098,急急小子,0.502797,0.000299
1225,双刀流,1420,咏叹奏鸣,0.55002,0.000172
1051,点亮他们！,1115,最万用的瞄准镜,0.507191,0.000624
1035,感受燃烧,1195,巨人杀手,0.525916,0.000192
1391,红包,1406,祖母的辣椒油,0.580655,0.000614
1004,回归基本功,1402,属性叠属性叠属性！,0.554562,0.000017
1069,退敌力场,1391,红包,0.512474,0.00007
1194,精怪魔法,1326,夜狩,0.447454,0.000119
1039,冰霜 幽灵,1336,升级：无尽之刃,0.451531,0.000051
1032,裁决使,1349,终极唤醒,0.464578,0.000959
1211,杀戮时间到了,1389,男爵之手,0.50585,0.00002
1356,暴击飞弹,1386,转得我眩晕了,0.431496,0.000004
1028,侵蚀,1181,重量级打击手,0.523499,0.000467
1076,天音爆,1409,魄罗爆破手,0.507021,0.000081
1030,尤里卡,1416,海克斯科技龙魂,0.507193,0.000263
1319,升级：献祭,2004,信念者的强化,0.431137,0.000004
1118,会心治疗,1346,吸血习性,0.526767,0.00387
1025,俯冲轰炸,1403,属性叠属性！,0.555381,0.000098
1022,灵巧,1081,踢踏舞,0.511378,0.002337
1156,任务：沃格勒特的巫师帽,1326,夜狩,0.492904,0.000163
1048,珠光护手,1373,缩小引擎,0.507278,0.001479
1054,物法皆修,1206,魔法转物理,0.468699,0.000671
1053,科学狂人,1334,升级：雪球,0.510453,0.000124
1046,炼狱龙魂,1238,质变：棱彩阶,0.49905,0.001479
1039,冰霜 幽灵,1205,物理转魔法,0.456403,0.000143
1103,面包和黄油,1416,海克斯科技龙魂,0.467382,0.000099
1077,灵魂虹吸,1085,折磨者,0.430993,0.000031
1023,魔鬼之舞,1195,巨人杀手,0.532987,0.000405
1328,暴击律动,1390,超凡邪恶,0.465747,0.000134
1052,闪电打击,1095,风语者的祝福,0.478569,0.000022
1313,作弊：我能回城！,1406,祖母的辣椒油,0.52534,0.000383
1025,俯冲轰炸,1400,最终都市列车,0.571644,0.003417
1077,灵魂虹吸,1400,最终都市列车,0.526031,0.000147
1079,战争交响乐,1342,雪球扭蛋机,0.464213,0.000108
1150,面包和果酱,1390,超凡邪恶,0.478154,0.000551
1051,点亮他们！,1305,练腿日,0.506381,0.000111
1034,防护面纱,2001,当心小蛋糕！,0.499624,0.000072
1195,巨人杀手,1320,升级：收集者,0.526319,0.002669
1050,基石法师,1317,升级：弯刀,0.402849,0.000001
1042,恶趣味,1392,神圣雪球,0.444769,0.000038
1015,死亡之环,1372,小猫咪找妈妈,0.469433,0.000054
1214,旋转至胜,1353,坦克引擎,0.48294,0.000287
1151,面包和奶酪,2006,飞身踢,0.466354,0.000131
1071,更万用的瞄准镜,1112,终极不可阻挡,0.474127,0.00028
1029,虚幻武器,1344,最终形态,0.500646,0.000544
1073,暗影疾奔,1405,速度恶魔,0.505911,0.000248
1026,唯快不破,2005,扳机炼狱,0.469896,0.000016
1044,冰寒,1403,属性叠属性！,0.527481,0.000119
1087,台风,1308,火狐,0.475186,0.000028
1061,回力OK镖,1346,吸血习性,0.527067,0.000511
1088,终极刷新,1353,坦克引擎,0.455612,0.000599
1225,双刀流,1384,捐赠,0.580406,0.000562
1011,你摸不到,1347,吵闹鬼,0.434663,0.000022
1386,转得我眩晕了,1416,海克斯科技龙魂,0.453478,0.000001
1063,狂徒豪气,1214,旋转至胜,0.528803,0.000125
1079,战争交响乐,1345,心灵净化,0.452713,0.000415
1039,冰霜 幽灵,1319,升级：献祭,0.492681,0.000383
1076,天音爆,1103,面包和黄油,0.468953,0.000119
1336,升级：无尽之刃,2008,负重爆气,0.471817,0.000176
1027,大地苏醒,1151,面包和奶酪,0.471746,0.000097
1214,旋转至胜,1358,弹球,0.467084,0.000038
1079,战争交响乐,1150,面包和果酱,0.456688,0.000165
1115,最万用的瞄准镜,1243,质变：混沌,0.492801,0.000294
1338,升级：狂妄,1413,和我一起困在这里,0.460357,0.000046
1028,侵蚀,1075,慢炖,0.533265,0.000443
1348,闪闪现现,1413,和我一起困在这里,0.456376,0
1048,珠光护手,1314,强力护盾,0.460886,0.000252
1061,回力OK镖,1316,刃下生风,0.502341,0.000042
1041,歌利亚巨人,1084,穿针引线,0.479135,0.001033
1026,唯快不破,1069,退敌力场,0.46563,0.000023
2004,信念者的强化,2010,双发快射,0.459855,0.000006
1198,圣火,1305,练腿日,0.473313,0.000076
1074,缩小射线,1081,踢踏舞,0.478522,0.000781
1105,家园卫士,1313,作弊：我能回城！,0.528606,0.000427
1069,退敌力场,1204,叠角龙,0.482783,0.000007
1054,物法皆修,1325,玻璃大炮,0.42622,0.000044
1027,大地苏醒,1068,循环往复,0.495888,0.000161
1069,退敌力场,1347,吵闹鬼,0.440528,0.000019
1061,回力OK镖,12317,潘朵拉的盒子,0.506486,0
1075,慢炖,2018,纯粹主义者 - 术师,0.455393,0.000026
1067,古式佳酿,1332,不祥契约,0.479727,0.000262
1107,接二连三,1361,任务：艾卡西亚的陷落,0.478046,0.000014
1170,万用瞄准镜,1397,地狱三头犬,0.460923,0.000445
1084,穿针引线,1397,地狱三头犬,0.456151,0.0004
1104,仆从大师,2002,虚空裂隙,0.501647,0.000038
1068,循环往复,1390,超凡邪恶,0.507451,0.001537
1050,基石法师,1085,折磨者,0.473645,0.000104
1041,歌利亚巨人,1375,吞噬灵魂,0.485174,0.001599
1002,尖端发明家,1071,更万用的瞄准镜,0.464716,0.000483
1067,古式佳酿,1115,最万用的瞄准镜,0.464255,0.000164
1066,量子计算,1388,无限循环往复,0.503647,0.000062
1150,面包和果酱,2010,双发快射,0.456612,0.000037
1045,炼狱导管,1088,终极刷新,0.481897,0.000242
1035,感受燃烧,1353,坦克引擎,0.502194,0.000438
1087,台风,1181,重量级打击手,0.516928,0.000166
1058,秘术冲拳,12317,潘朵拉的盒子,0.54402,0.000001
1194,精怪魔法,1317,升级：弯刀,0.40495,0.000002
1379,未知符文_1379,2005,扳机炼狱,0.415663,0
1220,连拨击锤,1424,???,0.417579,0.000006
1087,台风,1375,吞噬灵魂,0.463517,0.000055
1181,重量级打击手,1338,升级：狂妄,0.479224,0.000418
1056,由心及物,1180,超强大脑,0.519066,0.000627
1156,任务：沃格勒特的巫师帽,1361,任务：艾卡西亚的陷落,0.474056,0.000008
1004,回归基本功,1333,逃跑计划,0.571867,0.000272
1045,炼狱导管,1104,仆从大师,0.548033,0.000244
1060,海洋龙魂,1250,一板一眼,0.488703,0.000172
1141,全心为你,1318,升级：中娅,0.457626,0.000043
1187,闪光弹,1405,速度恶魔,0.467713,0.000001
1079,战争交响乐,1206,魔法转物理,0.488899,0.00052
1208,轨道镭射,1331,至高天诺言,0.333333,0
1042,恶趣味,1342,雪球扭蛋机,0.480102,0.000123
1038,有始有终,1315,快中求稳,0.540722,0.000316
1037,急救用具,2026,杀意翻涌,0.476504,0.000024
1066,量子计算,1225,双刀流,0.481419,0.000126
1084,穿针引线,1401,生机迸发,0.470004,0.000115
1039,冰霜 幽灵,1044,冰寒,0.465029,0.000192
1415,双生火焰,2007,你肩上的恶魔,0.423655,0.000034
1013,星界躯体,1322,罪恶快感,0.479512,0.00038
1150,面包和果酱,1341,帽上加帽,0.468177,0.000387
0,无符文,1397,地狱三头犬,0.562451,0.008626
1336,升级：无尽之刃,1346,吸血习性,0.567615,0.003101
1330,活力再生,1341,帽上加帽,0.439627,0.000013
1150,面包和果酱,1321,砍伤,0.468304,0.000122
1098,急急小子,1181,重量级打击手,0.474572,0.000128
1018,巨像的勇气,1320,升级：收集者,0.439511,0.000021
1013,星界躯体,1074,缩小射线,0.45231,0.000258
1074,缩小射线,1349,终极唤醒,0.433502,0.000127
1086,精准奇才,1388,无限循环往复,0.482676,0.000059
1027,大地苏醒,1390,超凡邪恶,0.467815,0.000075
1333,逃跑计划,1353,坦克引擎,0.525941,0.001637
1118,会心治疗,1413,和我一起困在这里,0.456807,0.000032
1085,折磨者,1115,最万用的瞄准镜,0.425908,0.000027
1336,升级：无尽之刃,1347,吵闹鬼,0.491874,0.000071
1029,虚幻武器,1373,缩小引擎,0.500391,0.000448
1375,吞噬灵魂,2026,杀意翻涌,0.478975,0.000077
1170,万用瞄准镜,1391,红包,0.558047,0.000355
1113,老练狙神,1403,属性叠属性！,0.500947,0.000118
1087,台风,1136,扇巴掌,0.479646,0.000106
1118,会心治疗,1138,渴血,0.512661,0.00166
1006,利刃华尔兹,1314,强力护盾,0.448903,0.000086
1316,刃下生风,2018,纯粹主义者 - 术师,0.460265,0.000018
1107,接二连三,1331,至高天诺言,0.429177,0.000006
1243,质变：混沌,1345,心灵净化,0.475961,0.00068
1211,杀戮时间到了,1339,激光治疗,0.456517,0.00003
1118,会心治疗,2008,负重爆气,0.465688,0.000362
1116,闪现向前,1250,一板一眼,0.474211,0.000075
1038,有始有终,1329,史上最大雪球,0.497485,0.000203
1067,古式佳酿,2024,由暴生急,0.458397,0.000029
1205,物理转魔法,1386,转得我眩晕了,0.444052,0.000002
1056,由心及物,1198,圣火,0.468908,0.0002
1342,雪球扭蛋机,1361,任务：艾卡西亚的陷落,0.513869,0.000063
1214,旋转至胜,2007,你肩上的恶魔,0.466079,0.000013
1009,霸符兄弟,2002,虚空裂隙,0.526362,0.000167
1038,有始有终,1082,残暴之力,0.496667,0.000468
1356,暴击飞弹,1404,属性！,0.533916,0.000046
0,无符文,1318,升级：中娅,0.608426,0.013437
1136,扇巴掌,1311,溢流,0.491892,0.000468
1238,质变：棱彩阶,1329,史上最大雪球,0.490224,0.000386
1390,超凡邪恶,1424,???,0.463538,0.00008
1118,会心治疗,1335,夺金,0.475099,0.000096
1372,小猫咪找妈妈,2004,信念者的强化,0.51564,0.000033
1080,会心防御,1103,面包和黄油,0.475827,0.000173
1056,由心及物,1332,不祥契约,0.503579,0.000411
1105,家园卫士,1323,残忍,0.521707,0.000143
1133,魔法飞弹,2008,负重爆气,0.489254,0.001201
1250,一板一眼,1346,吸血习性,0.523539,0.002715
1310,小丑学院,1326,夜狩,0.504482,0.001526
1073,暗影疾奔,1098,急急小子,0.498997,0.000167
1325,玻璃大炮,1342,雪球扭蛋机,0.446446,0.000065
1037,急救用具,1384,捐赠,0.502317,0.000134
1002,尖端发明家,2008,负重爆气,0.45811,0.00038
1416,海克斯科技龙魂,1418,砸开那颗蛋,0.496245,0.000001
1051,点亮他们！,2007,你肩上的恶魔,0.423935,0.000027
1015,死亡之环,1022,灵巧,0.470964,0.000058
1054,物法皆修,1076,天音爆,0.443567,0.000014
1027,大地苏醒,1341,帽上加帽,0.45442,0.000038
1019,全凭身法,1319,升级：献祭,0.486035,0.000109
1009,霸符兄弟,1327,坚若磐石,0.485398,0.000055
1009,霸符兄弟,1421,舞会女王,0.519251,0.000018
1341,帽上加帽,2026,杀意翻涌,0.472446,0.000031
1133,魔法飞弹,1400,最终都市列车,0.500801,0.000453
1007,大力,1136,扇巴掌,0.51851,0.000177
1149,不动如山,1319,升级：献祭,0.480283,0.000493
1062,全能龙魂,1305,练腿日,0.517239,0.000138
1324,蛋白粉奶昔,1402,属性叠属性叠属性！,0.484475,0.000014
1075,慢炖,1356,暴击飞弹,0.421254,0.000006
1105,家园卫士,1361,任务：艾卡西亚的陷落,0.539932,0.00002
1007,大力,1052,闪电打击,0.511931,0.000571
1032,裁决使,1996,升级：耀光,0.50828,0.000759
1082,残暴之力,1347,吵闹鬼,0.453725,0.000038
1028,侵蚀,1317,升级：弯刀,0.413881,0.000002
1336,升级：无尽之刃,1397,地狱三头犬,0.491645,0.000424
1057,山脉龙魂,1402,属性叠属性叠属性！,0.4862,0.000018
1046,炼狱龙魂,1076,天音爆,0.465728,0.000033
1020,黎明使者的坚决,1085,折磨者,0.475394,0.000109
1314,强力护盾,1400,最终都市列车,0.50409,0.000066
1220,连拨击锤,1348,闪闪现现,0.438982,0.000021
1022,灵巧,1325,玻璃大炮,0.452997,0.000197
1103,面包和黄油,1403,属性叠属性！,0.508612,0.000113
1074,缩小射线,1250,一板一眼,0.4342,0.000416
1063,狂徒豪气,1087,台风,0.51579,0.000186
1077,灵魂虹吸,1150,面包和果酱,0.46314,0.000189
1406,祖母的辣椒油,1416,海克斯科技龙魂,0.536377,0.000214
1138,渴血,1336,升级：无尽之刃,0.54028,0.001875
1324,蛋白粉奶昔,1416,海克斯科技龙魂,0.446447,0.000023
0,无符文,1379,未知符文_1379,0.581671,0.000186
1011,你摸不到,1416,海克斯科技龙魂,0.453136,0.000022
1004,回归基本功,1403,属性叠属性！,0.567366,0.000052
1047,关键暴击,1180,超强大脑,0.467781,0.000086
1250,一板一眼,1327,坚若磐石,0.416777,0.000028
1141,全心为你,1301,神圣干预,0.497984,0.000152
1071,更万用的瞄准镜,1092,易损,0.504935,0.000996
1056,由心及物,1323,残忍,0.506591,0.000436
1025,俯冲轰炸,1108,自我毁灭,0.532761,0.002224
1113,老练狙神,1243,质变：混沌,0.471437,0.000475
0,无符文,1136,扇巴掌,0.612875,0.040339
1335,夺金,2018,纯粹主义者 - 术师,0.492099,0.000036
1087,台风,1349,终极唤醒,0.441931,0.000098
1194,精怪魔法,1339,激光治疗,0.444186,0.000009
1310,小丑学院,1328,暴击律动,0.520198,0.00025
1046,炼狱龙魂,1073,暗影疾奔,0.498027,0.00047
1112,终极不可阻挡,1308,火狐,0.482703,0.000046
1032,裁决使,1356,暴击飞弹,0.478145,0.000361
1243,质变：混沌,2010,双发快射,0.535661,0.000067
1027,大地苏醒,2010,双发快射,0.493038,0.000018
1052,闪电打击,1087,台风,0.500509,0.002086
1046,炼狱龙魂,1208,轨道镭射,0.455759,0.000054
1032,裁决使,1044,冰寒,0.497693,0.00237
1088,终极刷新,1361,任务：艾卡西亚的陷落,0.503058,0.000016
1011,你摸不到,1341,帽上加帽,0.449906,0.000114
1389,男爵之手,1420,咏叹奏鸣,0.579914,0.000025
1002,尖端发明家,1344,最终形态,0.465229,0.000475
1042,恶趣味,1046,炼狱龙魂,0.469049,0.00007
1058,秘术冲拳,2001,当心小蛋糕！,0.495178,0.000074
1034,防护面纱,1044,冰寒,0.506355,0.000256
1069,退敌力场,1388,无限循环往复,0.460009,0.000068
1321,砍伤,1342,雪球扭蛋机,0.475987,0.000092
12317,潘朵拉的盒子,1315,快中求稳,0.539689,0.000001
1080,会心防御,1107,接二连三,0.490241,0.000249
1006,利刃华尔兹,1310,小丑学院,0.705882,0
1060,海洋龙魂,1356,暴击飞弹,0.501276,0.000056
1022,灵巧,1074,缩小射线,0.484827,0.001307
1018,巨像的勇气,1414,卡皮巴拉空投,0.43827,0.000011
1085,折磨者,1105,家园卫士,0.501296,0.00005
1006,利刃华尔兹,2009,狂热者,0.46948,0.000062
1085,折磨者,1326,夜狩,0.430224,0.000026
1397,地狱三头犬,1418,砸开那颗蛋,0.380769,0
1015,死亡之环,1068,循环往复,0.485672,0.000273
1328,暴击律动,1404,属性！,0.535454,0.00006
1319,升级：献祭,1400,最终都市列车,0.500625,0.000142
1170,万用瞄准镜,1341,帽上加帽,0.454165,0.000067
1062,全能龙魂,1079,战争交响乐,0.491498,0.000132
1009,霸符兄弟,1341,帽上加帽,0.500358,0.000258
1071,更万用的瞄准镜,1320,升级：收集者,0.498786,0.002519
1115,最万用的瞄准镜,1335,夺金,0.485597,0.000054
1104,仆从大师,1345,心灵净化,0.497501,0.000101
1075,慢炖,1319,升级：献祭,0.527684,0.001229
1181,重量级打击手,1327,坚若磐石,0.49775,0.000511
1386,转得我眩晕了,1403,属性叠属性！,0.488523,0.000005
1050,基石法师,1062,全能龙魂,0.511535,0.000139
1346,吸血习性,1406,祖母的辣椒油,0.55152,0.001199
1060,海洋龙魂,1372,小猫咪找妈妈,0.494195,0.000035
1077,灵魂虹吸,1318,升级：中娅,0.456802,0.000066
1052,闪电打击,1358,弹球,0.446115,0.000058
1022,灵巧,1421,舞会女王,0.511535,0.00003
1038,有始有终,1073,暗影疾奔,0.539215,0.000603
2001,当心小蛋糕！,2026,杀意翻涌,0.508303,0.00009
1331,至高天诺言,1421,舞会女王,0.485097,0.000001
1032,裁决使,1336,升级：无尽之刃,0.487305,0.001502
1051,点亮他们！,1068,循环往复,0.487275,0.000219
1047,关键暴击,1243,质变：混沌,0.481582,0.000363
1029,虚幻武器,1097,巫师式思考,0.484604,0.000609
1323,残忍,2002,虚空裂隙,0.497269,0.000083
1034,防护面纱,1045,炼狱导管,0.516011,0.000352
1322,罪恶快感,2026,杀意翻涌,0.471619,0.000282
1103,面包和黄油,1314,强力护盾,0.455135,0.000139
1061,回力OK镖,1066,量子计算,0.53274,0.000931
1041,歌利亚巨人,1103,面包和黄油,0.480081,0.000924
1311,溢流,1327,坚若磐石,0.472241,0.000169
1022,灵巧,1314,强力护盾,0.486938,0.000067
1044,冰寒,1150,面包和果酱,0.483283,0.00055
1023,魔鬼之舞,1301,神圣干预,0.47941,0.000118
1107,接二连三,1225,双刀流,0.540051,0.003608
1116,闪现向前,1305,练腿日,0.482065,0.000043
1020,黎明使者的坚决,1323,残忍,0.496794,0.000137
1004,回归基本功,1020,黎明使者的坚决,0.520744,0.000064
1041,歌利亚巨人,1335,夺金,0.494027,0.000089
1039,冰霜 幽灵,1082,残暴之力,0.462319,0.000074
1311,溢流,1328,暴击律动,0.453932,0.000128
1198,圣火,2009,狂热者,0.454551,0.000018
1030,尤里卡,1081,踢踏舞,0.467453,0.000109
1042,恶趣味,2010,双发快射,0.447307,0.000006
1113,老练狙神,1225,双刀流,0.459739,0.000371
1047,关键暴击,1082,残暴之力,0.471533,0.000484
1077,灵魂虹吸,1341,帽上加帽,0.451034,0.000123
1074,缩小射线,1079,战争交响乐,0.459009,0.000522
1112,终极不可阻挡,1325,玻璃大炮,0.421245,0.000047
1047,关键暴击,1238,质变：棱彩阶,0.499479,0.000912
1019,全凭身法,2016,注魔,0.478199,0.000039
1015,死亡之环,2007,你肩上的恶魔,0.422964,0.00001
0,无符文,1402,属性叠属性叠属性！,0.759021,0.00378
1237,质变：黄金阶,2024,由暴生急,0.503484,0.000039
1338,升级：狂妄,1346,吸血习性,0.528663,0.00488
1069,退敌力场,1318,升级：中娅,0.452956,0.000062
1034,防护面纱,1400,最终都市列车,0.513791,0.000055
1075,慢炖,1180,超强大脑,0.443408,0.000075
1026,唯快不破,1063,狂徒豪气,0.523879,0.000057
1006,利刃华尔兹,1066,量子计算,0.474755,0.000175
1064,坚韧,1097,巫师式思考,0.470566,0.000301
1138,渴血,1314,强力护盾,0.482284,0.000201
1327,坚若磐石,1353,坦克引擎,0.475723,0.001693
1011,你摸不到,1026,唯快不破,0.456875,0.000034
1347,吵闹鬼,2001,当心小蛋糕！,0.48731,0.000022
1081,踢踏舞,1095,风语者的祝福,0.465623,0.00003
1086,精准奇才,1315,快中求稳,0.452333,0.000011
1044,冰寒,1353,坦克引擎,0.483469,0.001335
1112,终极不可阻挡,1316,刃下生风,0.460874,0.000073
1080,会心防御,1151,面包和奶酪,0.477447,0.00011
1097,巫师式思考,1181,重量级打击手,0.480682,0.000139
1097,巫师式思考,1103,面包和黄油,0.479515,0.001046
1116,闪现向前,1152,任务：钢化你心,0.465781,0.000102
1054,物法皆修,1097,巫师式思考,0.44324,0.000233
1149,不动如山,1315,快中求稳,0.47198,0.000088
1061,回力OK镖,1414,卡皮巴拉空投,0.468467,0.000023
1326,夜狩,1337,尊我为王,0.477793,0.000147
1322,罪恶快感,1325,玻璃大炮,0.436584,0.000227
1051,点亮他们！,1060,海洋龙魂,0.497192,0.000077
1082,残暴之力,1337,尊我为王,0.486688,0.000123
1313,作弊：我能回城！,1314,强力护盾,0.457464,0.000175
1023,魔鬼之舞,1323,残忍,0.492417,0.000049
1026,唯快不破,1225,双刀流,0.554342,0.00018
1042,恶趣味,1067,古式佳酿,0.478171,0.000512
1018,巨像的勇气,2008,负重爆气,0.481306,0.000082
1071,更万用的瞄准镜,2016,注魔,0.46407,0.00005
1344,最终形态,1401,生机迸发,0.485654,0.000127
1038,有始有终,1325,玻璃大炮,0.483403,0.000378
1013,星界躯体,1066,量子计算,0.467302,0.000422
1129,神射法师,1330,活力再生,0.438341,0.000054
1050,基石法师,1063,狂徒豪气,0.483713,0.000043
1076,天音爆,1204,叠角龙,0.519878,0.000003
1037,急救用具,1420,咏叹奏鸣,0.549653,0.000873
1316,刃下生风,1414,卡皮巴拉空投,0.42537,0.00001
1316,刃下生风,1361,任务：艾卡西亚的陷落,0.472292,0.000005
1314,强力护盾,1384,捐赠,0.503413,0.000078
1195,巨人杀手,1397,地狱三头犬,0.512756,0.000369
1018,巨像的勇气,1415,双生火焰,0.444304,0.000016
1353,坦克引擎,1403,属性叠属性！,0.512186,0.000336
1243,质变：混沌,1397,地狱三头犬,0.482795,0.000186
1105,家园卫士,1310,小丑学院,0.547601,0.00024
1338,升级：狂妄,1414,卡皮巴拉空投,0.423697,0.00005
1318,升级：中娅,1345,心灵净化,0.473739,0.000581
1042,恶趣味,1079,战争交响乐,0.45272,0.000044
1337,尊我为王,1418,砸开那颗蛋,0.520573,0.000001
1342,雪球扭蛋机,2009,狂热者,0.479385,0.000082
1041,歌利亚巨人,1042,恶趣味,0.485264,0.001113
1116,闪现向前,1151,面包和奶酪,0.462901,0.000049
1022,灵巧,1048,珠光护手,0.481583,0.000994
1319,升级：献祭,1384,捐赠,0.521191,0.001321
1060,海洋龙魂,1073,暗影疾奔,0.529373,0.000171
1305,练腿日,1336,升级：无尽之刃,0.511005,0.000321
1340,升级：米凯尔的祝福,1390,超凡邪恶,0.524257,0.000063
1206,魔法转物理,1308,火狐,0.45542,0.00003
1048,珠光护手,1073,暗影疾奔,0.50402,0.001131
1011,你摸不到,2007,你肩上的恶魔,0.420806,0.000007
1080,会心防御,1415,双生火焰,0.498316,0.000151
1041,歌利亚巨人,1087,台风,0.490304,0.000273
1075,慢炖,1358,弹球,0.461508,0.000086
1317,升级：弯刀,1349,终极唤醒,0.405246,0.000006
1324,蛋白粉奶昔,2006,飞身踢,0.461211,0.00009
1206,魔法转物理,1341,帽上加帽,0.426454,0.000065
1095,风语者的祝福,1113,老练狙神,0.497953,0.000037
1038,有始有终,1237,质变：黄金阶,0.510698,0.000639
1013,星界躯体,1388,无限循环往复,0.48505,0.000494
1194,精怪魔法,1358,弹球,0.443876,0.000033
1150,面包和果酱,1402,属性叠属性叠属性！,0.491609,0.000033
1063,狂徒豪气,1136,扇巴掌,0.513549,0.000289
1358,弹球,1996,升级：耀光,0.463643,0.000041
1220,连拨击锤,1406,祖母的辣椒油,0.461221,0.000071
1038,有始有终,1057,山脉龙魂,0.488718,0.000127
1082,残暴之力,1340,升级：米凯尔的祝福,0.433277,0.000002
1072,炽烈黎明,1386,转得我眩晕了,0.403551,0
1404,属性！,1409,魄罗爆破手,0.525677,0.000131
1115,最万用的瞄准镜,1404,属性！,0.536763,0.000059
1328,暴击律动,2006,飞身踢,0.481088,0.000128
1006,利刃华尔兹,1413,和我一起困在这里,0.446335,0.000009
1064,坚韧,1301,神圣干预,0.467191,0.000417
1301,神圣干预,1420,咏叹奏鸣,0.586623,0.001199
1032,裁决使,1060,海洋龙魂,0.504587,0.00122
1002,尖端发明家,1006,利刃华尔兹,0.446644,0.000225
1036,火上浇油,1104,仆从大师,0.479543,0.000036
1036,火上浇油,1108,自我毁灭,0.45309,0.000127
1022,灵巧,1327,坚若磐石,0.455014,0.000035
1340,升级：米凯尔的祝福,1996,升级：耀光,0.477468,0.000003
1313,作弊：我能回城！,2007,你肩上的恶魔,0.414352,0.000033
1336,升级：无尽之刃,1388,无限循环往复,0.47686,0.000204
1390,超凡邪恶,2024,由暴生急,0.462954,0.000101
1103,面包和黄油,1316,刃下生风,0.463281,0.000211
1250,一板一眼,1311,溢流,0.483714,0.000411
1238,质变：棱彩阶,1372,小猫咪找妈妈,0.487897,0.000074
2003,魄罗之王的弹跳,2008,负重爆气,0.463556,0.000074
1029,虚幻武器,1074,缩小射线,0.46173,0.000355
1301,神圣干预,1335,夺金,0.465985,0.000045
1020,黎明使者的坚决,2006,飞身踢,0.492916,0.000124
1080,会心防御,1384,捐赠,0.536268,0.000125
1006,利刃华尔兹,1338,升级：狂妄,0.463763,0.000856
1027,大地苏醒,1047,关键暴击,0.470559,0.000058
1076,天音爆,1151,面包和奶酪,0.49985,0.000129
1118,会心治疗,1424,???,0.461912,0.000032
1211,杀戮时间到了,1353,坦克引擎,0.463292,0.000972
1088,终极刷新,1095,风语者的祝福,0.472489,0.000038
1056,由心及物,2003,魄罗之王的弹跳,0.495789,0.000046
1076,天音爆,1333,逃跑计划,0.50935,0.000054
1116,闪现向前,1150,面包和果酱,0.454251,0.000043
1107,接二连三,1356,暴击飞弹,0.501162,0.000507
1028,侵蚀,1411,升级：荆棘之甲,0.532403,0.000042
1384,捐赠,1996,升级：耀光,0.517761,0.000208
1086,精准奇才,1339,激光治疗,0.459107,0.000007
1301,神圣干预,1342,雪球扭蛋机,0.470639,0.000111
1384,捐赠,1390,超凡邪恶,0.519799,0.00114
1063,狂徒豪气,1389,男爵之手,0.54106,0.000008
1050,基石法师,1415,双生火焰,0.484324,0.000195
1338,升级：狂妄,1375,吞噬灵魂,0.497054,0.001328
1187,闪光弹,1316,刃下生风,0.483132,0.000057
1057,山脉龙魂,1097,巫师式思考,0.476345,0.000103
1051,点亮他们！,1152,任务：钢化你心,0.480049,0.000197
1105,家园卫士,1413,和我一起困在这里,0.486804,0.000006
1211,杀戮时间到了,1323,残忍,0.475778,0.000329
1205,物理转魔法,1314,强力护盾,0.455584,0.000122
1129,神射法师,1996,升级：耀光,0.510441,0.000347
1004,回归基本功,1154,任务：海牛阿福的勇士,0.518191,0.000033
1107,接二连三,1138,渴血,0.503588,0.002013
1136,扇巴掌,1314,强力护盾,0.476572,0.000218
1027,大地苏醒,1058,秘术冲拳,0.477491,0.00009
1038,有始有终,1047,关键暴击,0.489974,0.000323
1154,任务：海牛阿福的勇士,1317,升级：弯刀,0.430295,0.000003
1032,裁决使,1421,舞会女王,0.496402,0.000192
1170,万用瞄准镜,1404,属性！,0.527996,0.000049
1335,夺金,2010,双发快射,0.505808,0.000035
1107,接二连三,1237,质变：黄金阶,0.481813,0.000421
1311,溢流,1386,转得我眩晕了,0.450963,0.000002
1019,全凭身法,1336,升级：无尽之刃,0.463752,0.000252
1346,吸血习性,1373,缩小引擎,0.53732,0.002279
1019,全凭身法,1054,物法皆修,0.440783,0.000051
1030,尤里卡,1039,冰霜 幽灵,0.492021,0.000179
1133,魔法飞弹,1305,练腿日,0.511971,0.000659
1036,火上浇油,1392,神圣雪球,0.424013,0.000021
1069,退敌力场,1195,巨人杀手,0.499291,0.000307
1074,缩小射线,1324,蛋白粉奶昔,0.430699,0.00008
1032,裁决使,1320,升级：收集者,0.465227,0.002962
1009,霸符兄弟,1097,巫师式思考,0.504171,0.000385
1034,防护面纱,1041,歌利亚巨人,0.476312,0.000279
1326,夜狩,1329,史上最大雪球,0.451493,0.000149
1337,尊我为王,1401,生机迸发,0.518913,0.000022
1095,风语者的祝福,1373,缩小引擎,0.549885,0.000077
1035,感受燃烧,1361,任务：艾卡西亚的陷落,0.537594,0.000017
1022,灵巧,1418,砸开那颗蛋,0.481848,0.000001
1067,古式佳酿,1313,作弊：我能回城！,0.485744,0.00064
1013,星界躯体,1056,由心及物,0.471452,0.000916
1060,海洋龙魂,1401,生机迸发,0.504453,0.000057
1009,霸符兄弟,1326,夜狩,0.48431,0.00018
1038,有始有终,1154,任务：海牛阿福的勇士,0.500555,0.000085
1025,俯冲轰炸,1068,循环往复,0.504983,0.000605
1361,任务：艾卡西亚的陷落,1401,生机迸发,0.550208,0.00009
1170,万用瞄准镜,1337,尊我为王,0.49446,0.000108
1310,小丑学院,1372,小猫咪找妈妈,0.45807,0.000007
1208,轨道镭射,1237,质变：黄金阶,0.459168,0.000046
1026,唯快不破,1036,火上浇油,0.494435,0.00011
1151,面包和奶酪,1389,男爵之手,0.510815,0.000014
1206,魔法转物理,1411,升级：荆棘之甲,0.511068,0.000017
1013,星界躯体,1095,风语者的祝福,0.469054,0.000401
1088,终极刷新,1322,罪恶快感,0.447929,0.000295
1015,死亡之环,1030,尤里卡,0.465618,0.00016
0,无符文,1319,升级：献祭,0.616784,0.015737
1206,魔法转物理,1250,一板一眼,0.492133,0.001156
1107,接二连三,1328,暴击律动,0.491411,0.002309
1195,巨人杀手,1411,升级：荆棘之甲,0.546076,0.00003
1321,砍伤,1372,小猫咪找妈妈,0.432589,0.000003
1042,恶趣味,2009,狂热者,0.462154,0.000012
1332,不祥契约,1346,吸血习性,0.502588,0.00094
1018,巨像的勇气,1315,快中求稳,0.47092,0.000097
1097,巫师式思考,1411,升级：荆棘之甲,0.516979,0.000013
1085,折磨者,1220,连拨击锤,0.422277,0.000018
1129,神射法师,1301,神圣干预,0.461968,0.000161
1115,最万用的瞄准镜,1301,神圣干预,0.454128,0.00012
1103,面包和黄油,1206,魔法转物理,0.476107,0.000443
1348,闪闪现现,1361,任务：艾卡西亚的陷落,0.493528,0
1072,炽烈黎明,1134,亮出你的剑,0.512951,0.00002
1013,星界躯体,1022,灵巧,0.489285,0.000319
1323,残忍,1327,坚若磐石,0.483933,0.000414
1051,点亮他们！,1375,吞噬灵魂,0.463802,0.000052
1195,巨人杀手,1353,坦克引擎,0.519675,0.001044
1092,易损,1332,不祥契约,0.487113,0.000201
1250,一板一眼,1402,属性叠属性叠属性！,0.50612,0.00006
1107,接二连三,1348,闪闪现现,0.441238,0.000032
1082,残暴之力,1391,红包,0.544982,0.000286
1116,闪现向前,1323,残忍,0.481351,0.000036
1048,珠光护手,1105,家园卫士,0.516107,0.00082
1018,巨像的勇气,1149,不动如山,0.460791,0.000527
1013,星界躯体,1331,至高天诺言,0.457252,0.000074
1052,闪电打击,1194,精怪魔法,0.463452,0.000102
1220,连拨击锤,1314,强力护盾,0.448223,0.000021
1150,面包和果酱,1335,夺金,0.474392,0.000074
1047,关键暴击,1308,火狐,0.481442,0.000046
1333,逃跑计划,1397,地狱三头犬,0.523652,0.000217
1085,折磨者,1400,最终都市列车,0.490579,0.000057
1310,小丑学院,1413,和我一起困在这里,0.51956,0.000023
1311,溢流,1337,尊我为王,0.522502,0.000162
1243,质变：混沌,1330,活力再生,0.465584,0.000091
1098,急急小子,1205,物理转魔法,0.50542,0.000404
1323,残忍,2026,杀意翻涌,0.475608,0.000016
1080,会心防御,1314,强力护盾,0.473604,0.00004
1066,量子计算,1328,暴击律动,0.443883,0.000062
1198,圣火,1397,地狱三头犬,0.435191,0.000011
1316,刃下生风,2003,魄罗之王的弹跳,0.491626,0.000016
1075,慢炖,1141,全心为你,0.453254,0.000031
1064,坚韧,1205,物理转魔法,0.460224,0.000402
1044,冰寒,1156,任务：沃格勒特的巫师帽,0.485967,0.001002
1047,关键暴击,1347,吵闹鬼,0.461138,0.000047
1042,恶趣味,1054,物法皆修,0.438319,0.000035
1156,任务：沃格勒特的巫师帽,1403,属性叠属性！,0.529336,0.000118
1046,炼狱龙魂,1074,缩小射线,0.444836,0.000412
1326,夜狩,1341,帽上加帽,0.445706,0.000152
1002,尖端发明家,1063,狂徒豪气,0.481217,0.000272
1315,快中求稳,1347,吵闹鬼,0.4832,0.000021
1019,全凭身法,1208,轨道镭射,0.456785,0.000035
1032,裁决使,1138,渴血,0.497091,0.004404
1067,古式佳酿,1105,家园卫士,0.522247,0.000232
1061,回力OK镖,1077,灵魂虹吸,0.486404,0.000097
1082,残暴之力,1392,神圣雪球,0.441521,0.000062
1342,雪球扭蛋机,1400,最终都市列车,0.498297,0.000143
1391,红包,2024,由暴生急,0.53977,0.000114
1048,珠光护手,1060,海洋龙魂,0.496821,0.000888
1051,点亮他们！,1074,缩小射线,0.478352,0.000419
1064,坚韧,1067,古式佳酿,0.465661,0.001223
1022,灵巧,1116,闪现向前,0.491471,0.0001
1075,慢炖,1305,练腿日,0.517009,0.000318
1134,亮出你的剑,2007,你肩上的恶魔,0.543497,0.000015
1088,终极刷新,1330,活力再生,0.425247,0.000023
1136,扇巴掌,1373,缩小引擎,0.553329,0.004275
1046,炼狱龙魂,1151,面包和奶酪,0.477326,0.000532
1053,科学狂人,1392,神圣雪球,0.477188,0.000013
1063,狂徒豪气,1301,神圣干预,0.486516,0.000121
1062,全能龙魂,1136,扇巴掌,0.517017,0.000201
1036,火上浇油,1320,升级：收集者,0.47623,0.000657
1057,山脉龙魂,2003,魄罗之王的弹跳,0.472671,0.000022
1345,心灵净化,1405,速度恶魔,0.472684,0.000395
1141,全心为你,1328,暴击律动,0.44589,0.000013
2009,狂热者,2010,双发快射,0.524223,0.000274
1141,全心为你,1345,心灵净化,0.467945,0.000199
1015,死亡之环,1129,神射法师,0.458562,0.000151
1062,全能龙魂,1346,吸血习性,0.531776,0.000714
1045,炼狱导管,1150,面包和果酱,0.500183,0.000659
1081,踢踏舞,1118,会心治疗,0.501747,0.000506
1401,生机迸发,1420,咏叹奏鸣,0.527369,0.000148
1069,退敌力场,1331,至高天诺言,0.447391,0.000012
1066,量子计算,1373,缩小引擎,0.509615,0.000131
1206,魔法转物理,12317,潘朵拉的盒子,0.520983,0.000001
1025,俯冲轰炸,1327,坚若磐石,0.470582,0.000145
1313,作弊：我能回城！,2016,注魔,0.480371,0.000053
1032,裁决使,1151,面包和奶酪,0.480074,0.00161
1113,老练狙神,2005,扳机炼狱,0.423986,0.000035
1046,炼狱龙魂,1115,最万用的瞄准镜,0.462095,0.000506
1047,关键暴击,1338,升级：狂妄,0.482156,0.000719
1311,溢流,1333,逃跑计划,0.542407,0.000421
1067,古式佳酿,1156,任务：沃格勒特的巫师帽,0.515662,0.000387
1022,灵巧,1397,地狱三头犬,0.486087,0.000791
1067,古式佳酿,1237,质变：黄金阶,0.501417,0.000426
1180,超强大脑,2024,由暴生急,0.449947,0.00001
1141,全心为你,1208,轨道镭射,0.46075,0.000013
1068,循环往复,1411,升级：荆棘之甲,0.522783,0.000065
1062,全能龙魂,1206,魔法转物理,0.509978,0.000149
1007,大力,1413,和我一起困在这里,0.479654,0.000012
1194,精怪魔法,1208,轨道镭射,0.452679,0.00005
1115,最万用的瞄准镜,1329,史上最大雪球,0.448742,0.000104
1060,海洋龙魂,1379,未知符文_1379,0.467375,0.000003
1068,循环往复,1328,暴击律动,0.476425,0.000328
1141,全心为你,1340,升级：米凯尔的祝福,0.535329,0.000347
1051,点亮他们！,1413,和我一起困在这里,0.468972,0.000006
1315,快中求稳,1389,男爵之手,0.564218,0.000008
1092,易损,1397,地狱三头犬,0.470511,0.0002
12317,潘朵拉的盒子,1237,质变：黄金阶,0.532168,0.000025
1389,男爵之手,1421,舞会女王,0.534934,0.000003
1076,天音爆,1198,圣火,0.477712,0.000446
1047,关键暴击,1107,接二连三,0.478945,0.00062
1318,升级：中娅,1333,逃跑计划,0.518917,0.000215
1063,狂徒豪气,1334,升级：雪球,0.498136,0.000134
1028,侵蚀,1029,虚幻武器,0.503931,0.000347
1047,关键暴击,1061,回力OK镖,0.471377,0.000081
1011,你摸不到,1022,灵巧,0.46902,0.000186
1023,魔鬼之舞,1063,狂徒豪气,0.524616,0.000269
1061,回力OK镖,1335,夺金,0.50426,0.00004
1022,灵巧,1243,质变：混沌,0.50524,0.000663
1039,冰霜 幽灵,1391,红包,0.531973,0.00016
0,无符文,1237,质变：黄金阶,0.585103,0.02156
1104,仆从大师,1314,强力护盾,0.445102,0.000006
1317,升级：弯刀,1321,砍伤,0.427381,0.000004
1339,激光治疗,2006,飞身踢,0.461644,0.000004
1194,精怪魔法,1313,作弊：我能回城！,0.466132,0.000183
1115,最万用的瞄准镜,1402,属性叠属性叠属性！,0.525639,0.000031
1074,缩小射线,2009,狂热者,0.467571,0.000212
1413,和我一起困在这里,2008,负重爆气,0.4638,0.000028
1013,星界躯体,1347,吵闹鬼,0.447293,0.000071
1316,刃下生风,1340,升级：米凯尔的祝福,0.42042,0
1066,量子计算,1181,重量级打击手,0.490228,0.000401
1085,折磨者,1136,扇巴掌,0.481023,0.000477
1220,连拨击锤,1238,质变：棱彩阶,0.49462,0.000759
1115,最万用的瞄准镜,1149,不动如山,0.432648,0.000053
1023,魔鬼之舞,1414,卡皮巴拉空投,0.439976,0.000015
1152,任务：钢化你心,1375,吞噬灵魂,0.499368,0.003299
1038,有始有终,1320,升级：收集者,0.505478,0.002609
1002,尖端发明家,2016,注魔,0.450786,0.000051
1022,灵巧,1025,俯冲轰炸,0.506093,0.000301
1036,火上浇油,1136,扇巴掌,0.472297,0.000216
1039,冰霜 幽灵,1409,魄罗爆破手,0.485444,0.000128
1028,侵蚀,1034,防护面纱,0.497446,0.000079
1004,回归基本功,1314,强力护盾,0.49314,0.000059
1066,量子计算,1415,双生火焰,0.460452,0.000033
1107,接二连三,1411,升级：荆棘之甲,0.475958,0.000009
1421,舞会女王,2009,狂热者,0.506592,0.000013
0,无符文,1141,全心为你,0.612283,0.005555
1023,魔鬼之舞,1329,史上最大雪球,0.478815,0.000091
1019,全凭身法,1372,小猫咪找妈妈,0.446352,0.000002
1353,坦克引擎,1397,地狱三头犬,0.476996,0.000197
1403,属性叠属性！,2007,你肩上的恶魔,0.486186,0.000034
1047,关键暴击,1373,缩小引擎,0.48468,0.00022
1039,冰霜 幽灵,1198,圣火,0.462866,0.000104
1336,升级：无尽之刃,1418,砸开那颗蛋,0.41458,0.000001
1420,咏叹奏鸣,2009,狂热者,0.527293,0.000109
1030,尤里卡,1326,夜狩,0.484647,0.000318
1073,暗影疾奔,1103,面包和黄油,0.49991,0.000539
1020,黎明使者的坚决,1080,会心防御,0.485839,0.000058
1009,霸符兄弟,1019,全凭身法,0.509259,0.000181
1020,黎明使者的坚决,1413,和我一起困在这里,0.476185,0.00001
1323,残忍,2004,信念者的强化,0.464161,0.000007
1334,升级：雪球,2003,魄罗之王的弹跳,0.588235,0
1313,作弊：我能回城！,1329,史上最大雪球,0.469679,0.000204
1068,循环往复,2024,由暴生急,0.46198,0.000083
1039,冰霜 幽灵,1097,巫师式思考,0.454986,0.000123
1086,精准奇才,1324,蛋白粉奶昔,0.446967,0.000012
1113,老练狙神,1409,魄罗爆破手,0.488905,0.000622
1036,火上浇油,2005,扳机炼狱,0.436769,0.000042
1344,最终形态,1996,升级：耀光,0.507885,0.000153
1421,舞会女王,2016,注魔,0.485587,0.000006
1129,神射法师,1310,小丑学院,0.517659,0.000461
1020,黎明使者的坚决,1319,升级：献祭,0.50477,0.000256
1069,退敌力场,1345,心灵净化,0.442832,0.000191
1028,侵蚀,1404,属性！,0.536235,0.000026
1013,星界躯体,1044,冰寒,0.470375,0.000542
1013,星界躯体,1243,质变：混沌,0.482123,0.00064
1095,风语者的祝福,1220,连拨击锤,0.471724,0.000023
1328,暴击律动,1358,弹球,0.439032,0.000029
1084,穿针引线,1388,无限循环往复,0.48252,0.000656
1006,利刃华尔兹,1401,生机迸发,0.625,0
1035,感受燃烧,1070,无休回复,0.507685,0.000084
1025,俯冲轰炸,1151,面包和奶酪,0.480029,0.000272
1105,家园卫士,1315,快中求稳,0.525424,0.000076
1156,任务：沃格勒特的巫师帽,1339,激光治疗,0.473934,0.000012
1181,重量级打击手,2016,注魔,0.471554,0.000014
1105,家园卫士,1238,质变：棱彩阶,0.537893,0.000709
1051,点亮他们！,1325,玻璃大炮,0.445839,0.000076
1037,急救用具,2008,负重爆气,0.482779,0.000173
1308,火狐,1334,升级：雪球,0.51794,0.00024
1074,缩小射线,1133,魔法飞弹,0.458828,0.000666
1107,接二连三,1373,缩小引擎,0.479162,0.000406
1348,闪闪现现,2004,信念者的强化,0.511905,0
1071,更万用的瞄准镜,1118,会心治疗,0.509888,0.001175
0,无符文,2016,注魔,0.577574,0.003531
1053,科学狂人,1340,升级：米凯尔的祝福,0.5213,0.000011
1314,强力护盾,2002,虚空裂隙,0.478572,0.000023
1007,大力,1015,死亡之环,0.47574,0.000007
1026,唯快不破,1070,无休回复,0.539496,0.000099
2003,魄罗之王的弹跳,2006,飞身踢,0.493558,0.000043
1154,任务：海牛阿福的勇士,1198,圣火,0.452885,0.000023
1194,精怪魔法,1409,魄罗爆破手,0.474953,0.000099
1115,最万用的瞄准镜,1311,溢流,0.453357,0.00014
1327,坚若磐石,1392,神圣雪球,0.428989,0.000034
1314,强力护盾,1356,暴击飞弹,0.431992,0.000002
1028,侵蚀,1331,至高天诺言,0.457567,0.00001
1068,循环往复,1074,缩小射线,0.46159,0.000385
1104,仆从大师,1170,万用瞄准镜,0.438433,0.000014
1098,急急小子,1415,双生火焰,0.479266,0.00006
1406,祖母的辣椒油,1415,双生火焰,0.530046,0.000594
1041,歌利亚巨人,1996,升级：耀光,0.501451,0.000281
1329,史上最大雪球,1333,逃跑计划,0.517311,0.000262
1341,帽上加帽,1996,升级：耀光,0.49113,0.000081
1424,???,2008,负重爆气,0.450501,0.000034
1022,灵巧,2009,狂热者,0.513022,0.000571
1007,大力,1411,升级：荆棘之甲,0.523484,0.000014
1105,家园卫士,1392,神圣雪球,0.480056,0.000034
1062,全能龙魂,1104,仆从大师,0.52366,0.00002
1068,循环往复,1342,雪球扭蛋机,0.489176,0.000281
1118,会心治疗,1237,质变：黄金阶,0.487272,0.000528
1079,战争交响乐,1301,神圣干预,0.45354,0.000118
1141,全心为你,1311,溢流,0.469109,0.000309
1322,罪恶快感,1333,逃跑计划,0.54244,0.000986
1134,亮出你的剑,1389,男爵之手,0.629492,0.000006
1056,由心及物,1205,物理转魔法,0.553669,0.002457
1238,质变：棱彩阶,1411,升级：荆棘之甲,0.544077,0.000088
1063,狂徒豪气,1237,质变：黄金阶,0.520199,0.000221
1056,由心及物,1414,卡皮巴拉空投,0.466164,0.000045
1015,死亡之环,1384,捐赠,0.505288,0.000091
1305,练腿日,1418,砸开那颗蛋,0.489064,0.000002
1069,退敌力场,1332,不祥契约,0.440694,0.000038
1063,狂徒豪气,1406,祖母的辣椒油,0.498333,0.000052
1063,狂徒豪气,1208,轨道镭射,0.470301,0.000016
1401,生机迸发,1414,卡皮巴拉空投,0.6,0
1022,灵巧,1198,圣火,0.462511,0.00005
1004,回归基本功,1391,红包,0.577386,0.000158
1013,星界躯体,1403,属性叠属性！,0.502875,0.000154
1152,任务：钢化你心,1308,火狐,0.483703,0.000231
1081,踢踏舞,1389,男爵之手,0.515198,0.000009
1045,炼狱导管,1344,最终形态,0.526581,0.000174
1311,溢流,1379,未知符文_1379,0.4506,0.000005
1035,感受燃烧,1346,吸血习性,0.511562,0.000397
1149,不动如山,1194,精怪魔法,0.445368,0.000069
1318,升级：中娅,1416,海克斯科技龙魂,0.479221,0.000073
1324,蛋白粉奶昔,2008,负重爆气,0.461805,0.000126
1411,升级：荆棘之甲,2018,纯粹主义者 - 术师,0.49575,0.000008
1037,急救用具,1134,亮出你的剑,0.448908,0.000006
1041,歌利亚巨人,1346,吸血习性,0.505499,0.002912
1194,精怪魔法,1418,砸开那颗蛋,0.473228,0.000001
1004,回归基本功,1036,火上浇油,0.491028,0.000145
1136,扇巴掌,1198,圣火,0.477769,0.000231
1066,量子计算,1338,升级：狂妄,0.499442,0.000381
1129,神射法师,2024,由暴生急,0.428945,0.000031
1015,死亡之环,1344,最终形态,0.489085,0.000061
1025,俯冲轰炸,1115,最万用的瞄准镜,0.476954,0.000168
1323,残忍,1386,转得我眩晕了,0.444612,0.000001
1007,大力,1225,双刀流,0.555232,0.000621
1328,暴击律动,1372,小猫咪找妈妈,0.456193,0.000005
1316,刃下生风,1334,升级：雪球,0.488693,0.000114
1084,穿针引线,1138,渴血,0.494769,0.002266
1004,回归基本功,1009,霸符兄弟,0.547553,0.000151
1019,全凭身法,1073,暗影疾奔,0.513627,0.001462
1011,你摸不到,1138,渴血,0.469316,0.000306
1086,精准奇才,1996,升级：耀光,0.475121,0.000089
1070,无休回复,1402,属性叠属性叠属性！,0.520858,0.000022
1076,天音爆,1115,最万用的瞄准镜,0.450621,0.000018
1081,踢踏舞,1338,升级：狂妄,0.487623,0.001535
1151,面包和奶酪,2004,信念者的强化,0.4955,0.000021
1118,会心治疗,1401,生机迸发,0.481041,0.000172
1032,裁决使,1042,恶趣味,0.482017,0.000491
1058,秘术冲拳,1066,量子计算,0.455912,0.00014
1002,尖端发明家,2001,当心小蛋糕！,0.464277,0.000199
1129,神射法师,1133,魔法飞弹,0.481659,0.001983
1070,无休回复,1413,和我一起困在这里,0.486834,0.000009
1337,尊我为王,1356,暴击飞弹,0.529669,0.000027
1154,任务：海牛阿福的勇士,1308,火狐,0.504218,0.000033
1073,暗影疾奔,1195,巨人杀手,0.552209,0.001416
1007,大力,1238,质变：棱彩阶,0.533564,0.000756
1389,男爵之手,1409,魄罗爆破手,0.534396,0.000036
1020,黎明使者的坚决,1027,大地苏醒,0.473769,0.000038
1115,最万用的瞄准镜,1308,火狐,0.477076,0.000039
1073,暗影疾奔,1086,精准奇才,0.45504,0.000018
1204,叠角龙,1336,升级：无尽之刃,0.562108,0.000028
1118,会心治疗,1372,小猫咪找妈妈,0.487944,0.000275
1041,歌利亚巨人,1074,缩小射线,0.464912,0.000432
1301,神圣干预,1330,活力再生,0.437369,0.000019
1053,科学狂人,1332,不祥契约,0.505751,0.000081
1194,精怪魔法,1996,升级：耀光,0.472981,0.000051
1214,旋转至胜,1328,暴击律动,0.485582,0.000057
1206,魔法转物理,1319,升级：献祭,0.500515,0.000099
1025,俯冲轰炸,2016,注魔,0.493701,0.00002
1069,退敌力场,1311,溢流,0.460031,0.000097
1325,玻璃大炮,1372,小猫咪找妈妈,0.436127,0.000006
1002,尖端发明家,1211,杀戮时间到了,0.448506,0.000441
1067,古式佳酿,1095,风语者的祝福,0.491659,0.000258
1225,双刀流,1356,暴击飞弹,0.585949,0.000863
1397,地狱三头犬,2018,纯粹主义者 - 术师,0.44776,0.000012
1011,你摸不到,1361,任务：艾卡西亚的陷落,0.488085,0.000006
1044,冰寒,1237,质变：黄金阶,0.499634,0.000461
1154,任务：海牛阿福的勇士,1345,心灵净化,0.471924,0.000183
1026,唯快不破,1087,台风,0.497374,0.0001
1074,缩小射线,1400,最终都市列车,0.480741,0.000121
1013,星界躯体,1345,心灵净化,0.460616,0.000826
1015,死亡之环,1406,祖母的辣椒油,0.502667,0.000227
1318,升级：中娅,1402,属性叠属性叠属性！,0.497619,0.000035
1032,裁决使,2007,你肩上的恶魔,0.434544,0.000154
1333,逃跑计划,1379,未知符文_1379,0.476121,0.000002
1071,更万用的瞄准镜,1324,蛋白粉奶昔,0.454311,0.000148
1025,俯冲轰炸,1220,连拨击锤,0.458208,0.000132
1069,退敌力场,1389,男爵之手,0.498742,0.000003
1053,科学狂人,2002,虚空裂隙,0.525303,0.00003
1204,叠角龙,1339,激光治疗,0.516725,0.000002
1052,闪电打击,1084,穿针引线,0.484034,0.001185
1330,活力再生,1361,任务：艾卡西亚的陷落,0.424886,0
1311,溢流,1332,不祥契约,0.518261,0.00053
1064,坚韧,1325,玻璃大炮,0.440641,0.00006
1152,任务：钢化你心,2024,由暴生急,0.420972,0.000039
1316,刃下生风,1330,活力再生,0.445189,0.000012
1080,会心防御,1085,折磨者,0.448198,0.00002
1051,点亮他们！,1198,圣火,0.451007,0.000024
1066,量子计算,2008,负重爆气,0.485866,0.000117
1214,旋转至胜,1220,连拨击锤,0.454912,0.000046
1324,蛋白粉奶昔,1418,砸开那颗蛋,0.483633,0.00001
1136,扇巴掌,1333,逃跑计划,0.530716,0.000451
1340,升级：米凯尔的祝福,2005,扳机炼狱,0.449962,0
1118,会心治疗,1342,雪球扭蛋机,0.466624,0.000206
1074,缩小射线,1204,叠角龙,0.500225,0.000019
1048,珠光护手,1345,心灵净化,0.468241,0.001871
1195,巨人杀手,1305,练腿日,0.540668,0.00099
1041,歌利亚巨人,1062,全能龙魂,0.520299,0.000274
1074,缩小射线,1080,会心防御,0.476475,0.000172
1129,神射法师,1397,地狱三头犬,0.460359,0.000106
1061,回力OK镖,1358,弹球,0.482204,0.000049
0,无符文,1208,轨道镭射,0.535006,0.001949
1036,火上浇油,1037,急救用具,0.460737,0.00008
1211,杀戮时间到了,1330,活力再生,0.438791,0.000044
1320,升级：收集者,1413,和我一起困在这里,0.450183,0.000028
1047,关键暴击,1250,一板一眼,0.471318,0.000533
1015,死亡之环,1342,雪球扭蛋机,0.46818,0.000063
1060,海洋龙魂,1337,尊我为王,0.527958,0.000084
1389,男爵之手,2004,信念者的强化,0.526478,0.000001
1069,退敌力场,1211,杀戮时间到了,0.445705,0.000148
1337,尊我为王,2004,信念者的强化,0.656639,0.000003
1149,不动如山,1411,升级：荆棘之甲,0.516401,0.00012
1418,砸开那颗蛋,2024,由暴生急,0.453096,0
1076,天音爆,1084,穿针引线,0.449121,0.000053
1032,裁决使,1034,防护面纱,0.485966,0.000879
1237,质变：黄金阶,2026,杀意翻涌,0.511971,0.00005
1060,海洋龙魂,1320,升级：收集者,0.482092,0.000161
1006,利刃华尔兹,2016,注魔,0.454818,0.000017
1115,最万用的瞄准镜,2010,双发快射,0.510971,0.00037
1022,灵巧,1152,任务：钢化你心,0.488732,0.000767
1112,终极不可阻挡,1373,缩小引擎,0.473377,0.000142
1156,任务：沃格勒特的巫师帽,1237,质变：黄金阶,0.500161,0.000361
1194,精怪魔法,2024,由暴生急,0.444299,0.000018
1081,踢踏舞,1416,海克斯科技龙魂,0.468711,0.000071
1194,精怪魔法,1316,刃下生风,0.461201,0.00004
1080,会心防御,1400,最终都市列车,0.533213,0.000052
1047,关键暴击,1068,循环往复,0.479851,0.000444
1034,防护面纱,1325,玻璃大炮,0.457027,0.000082
1344,最终形态,2003,魄罗之王的弹跳,0.493917,0.000029
1115,最万用的瞄准镜,1353,坦克引擎,0.478491,0.000564
1027,大地苏醒,1301,神圣干预,0.461703,0.000049
1313,作弊：我能回城！,1345,心灵净化,0.479335,0.000902
1029,虚幻武器,2001,当心小蛋糕！,0.490196,0.000159
1026,唯快不破,1329,史上最大雪球,0.492574,0.000051
1048,珠光护手,1133,魔法飞弹,0.49066,0.004734
1404,属性！,1416,海克斯科技龙魂,0.526631,0.000025
1180,超强大脑,1187,闪光弹,0.49724,0.000026
1032,裁决使,1321,砍伤,0.48148,0.000632
1180,超强大脑,1420,咏叹奏鸣,0.551414,0.000102
1011,你摸不到,1415,双生火焰,0.455558,0.00004
1011,你摸不到,1211,杀戮时间到了,0.46617,0.000559
1020,黎明使者的坚决,1403,属性叠属性！,0.525635,0.000036
1338,升级：狂妄,1340,升级：米凯尔的祝福,0.442837,0.000003
1107,接二连三,1358,弹球,0.428415,0.000046
1141,全心为你,1342,雪球扭蛋机,0.460527,0.000029
1403,属性叠属性！,2005,扳机炼狱,0.509212,0.000033
1015,死亡之环,1311,溢流,0.465898,0.000321
1328,暴击律动,1346,吸血习性,0.558999,0.004114
1048,珠光护手,1054,物法皆修,0.450174,0.000235
1392,神圣雪球,1404,属性！,0.485874,0.000034
1067,古式佳酿,1181,重量级打击手,0.503387,0.001056
1198,圣火,1996,升级：耀光,0.472659,0.000017
1060,海洋龙魂,12317,潘朵拉的盒子,0.509283,0.000001
1028,侵蚀,1353,坦克引擎,0.498479,0.001193
1310,小丑学院,2001,当心小蛋糕！,0.531806,0.00012
1206,魔法转物理,1346,吸血习性,0.541995,0.002836
1011,你摸不到,1053,科学狂人,0.49756,0.000094
1308,火狐,1379,未知符文_1379,0.469302,0.000004
1115,最万用的瞄准镜,12317,潘朵拉的盒子,0.529412,0
1050,基石法师,1345,心灵净化,0.484026,0.000568
1009,霸符兄弟,1324,蛋白粉奶昔,0.49053,0.00012
1030,尤里卡,1206,魔法转物理,0.575758,0
1015,死亡之环,1214,旋转至胜,0.493333,0.000016
1388,无限循环往复,1409,魄罗爆破手,0.514196,0.000622
1403,属性叠属性！,2016,注魔,0.520959,0.000026
1007,大力,1181,重量级打击手,0.521754,0.000288
1138,渴血,1416,海克斯科技龙魂,0.495381,0.000136
1056,由心及物,1098,急急小子,0.519523,0.000223
1340,升级：米凯尔的祝福,1344,最终形态,0.46603,0.000003
1054,物法皆修,1063,狂徒豪气,0.457311,0.000076
1034,防护面纱,1344,最终形态,0.48343,0.000176
1006,利刃华尔兹,1042,恶趣味,0.452823,0.00006
1323,残忍,1334,升级：雪球,0.481428,0.00019
1041,歌利亚巨人,1237,质变：黄金阶,0.506678,0.000851
1149,不动如山,2003,魄罗之王的弹跳,0.47569,0.000035
1011,你摸不到,1063,狂徒豪气,0.483175,0.000091
1037,急救用具,1388,无限循环往复,0.507767,0.000176
1187,闪光弹,1340,升级：米凯尔的祝福,0.453195,0.000001
1052,闪电打击,1338,升级：狂妄,0.471057,0.000693
1418,砸开那颗蛋,2008,负重爆气,0.487091,0.000007
1070,无休回复,1206,魔法转物理,0.510832,0.000127
12317,潘朵拉的盒子,1413,和我一起困在这里,0.516484,0
1029,虚幻武器,1397,地狱三头犬,0.470576,0.000152
1046,炼狱龙魂,1348,闪闪现现,0.442518,0.000041
1042,恶趣味,1136,扇巴掌,0.493527,0.000901
0,无符文,1301,神圣干预,0.59012,0.013104
1129,神射法师,1332,不祥契约,0.483677,0.000363
1036,火上浇油,1088,终极刷新,0.441617,0.000136
1325,玻璃大炮,1329,史上最大雪球,0.448766,0.000075
1133,魔法飞弹,1325,玻璃大炮,0.47007,0.00065
1087,台风,1152,任务：钢化你心,0.484365,0.000307
1208,轨道镭射,1311,溢流,0.463997,0.000049
1066,量子计算,1134,亮出你的剑,0.557884,0.000052
1079,战争交响乐,1333,逃跑计划,0.535045,0.000436
1019,全凭身法,1405,速度恶魔,0.472666,0.000232
1036,火上浇油,1118,会心治疗,0.482514,0.000395
1180,超强大脑,1206,魔法转物理,0.362148,0.000016
1333,逃跑计划,2005,扳机炼狱,0.495915,0.000072
1150,面包和果酱,1327,坚若磐石,0.462766,0.000162
1421,舞会女王,2002,虚空裂隙,0.51166,0.000011
1308,火狐,1353,坦克引擎,0.503381,0.000395
1068,循环往复,1152,任务：钢化你心,0.501231,0.001064
1042,恶趣味,12317,潘朵拉的盒子,0.51049,0.000001
1150,面包和果酱,1356,暴击飞弹,0.468135,0.000054
1067,古式佳酿,1150,面包和果酱,0.485205,0.000436
1045,炼狱导管,1170,万用瞄准镜,0.442266,0.000147
1129,神射法师,1333,逃跑计划,0.530341,0.000411
1319,升级：献祭,1335,夺金,0.485913,0.000367
1205,物理转魔法,1409,魄罗爆破手,0.497724,0.000798
1044,冰寒,1315,快中求稳,0.476232,0.000042
1015,死亡之环,1339,激光治疗,0.460175,0.000044
1045,炼狱导管,1315,快中求稳,0.516181,0.000153
1056,由心及物,1313,作弊：我能回城！,0.509455,0.000691
1082,残暴之力,1402,属性叠属性叠属性！,0.506772,0.000045
1237,质变：黄金阶,1345,心灵净化,0.477034,0.000649
1048,珠光护手,1326,夜狩,0.460943,0.00119
1019,全凭身法,1034,防护面纱,0.468587,0.000127
1098,急急小子,1170,万用瞄准镜,0.447058,0.00014
1051,点亮他们！,1113,老练狙神,0.45149,0.000257
1085,折磨者,1353,坦克引擎,0.479242,0.001043
1068,循环往复,1073,暗影疾奔,0.521514,0.000715
1039,冰霜 幽灵,1317,升级：弯刀,0.388951,0.000001
1330,活力再生,1409,魄罗爆破手,0.474936,0.00005
1020,黎明使者的坚决,2005,扳机炼狱,0.462638,0.00002
1027,大地苏醒,1112,终极不可阻挡,0.457506,0.000056
1375,吞噬灵魂,2004,信念者的强化,0.466274,0.000021
1198,圣火,1310,小丑学院,0.472908,0.000046
1002,尖端发明家,1333,逃跑计划,0.506352,0.000435
1098,急急小子,1319,升级：献祭,0.476293,0.000057
1339,激光治疗,1375,吞噬灵魂,0.481859,0.000029
1038,有始有终,1397,地狱三头犬,0.481599,0.000195
1195,巨人杀手,1373,缩小引擎,0.55371,0.001831
1311,溢流,2004,信念者的强化,0.500233,0.000058
1195,巨人杀手,1319,升级：献祭,0.517735,0.000163
1308,火狐,1406,祖母的辣椒油,0.570865,0.000646
1057,山脉龙魂,1324,蛋白粉奶昔,0.450982,0.000258
1034,防护面纱,1418,砸开那颗蛋,0.479944,0.000001
1105,家园卫士,1141,全心为你,0.499857,0.000068
1035,感受燃烧,1103,面包和黄油,0.477784,0.000159
1037,急救用具,2006,飞身踢,0.465857,0.000163
1154,任务：海牛阿福的勇士,12317,潘朵拉的盒子,0.484988,0
1002,尖端发明家,1060,海洋龙魂,0.493569,0.000399
1072,炽烈黎明,2007,你肩上的恶魔,0.415347,0.000007
1060,海洋龙魂,1077,灵魂虹吸,0.492254,0.000184
1318,升级：中娅,1401,生机迸发,0.471954,0.000056
1388,无限循环往复,2007,你肩上的恶魔,0.449162,0.00003
1074,缩小射线,1344,最终形态,0.460035,0.000244
1107,接二连三,1308,火狐,0.464486,0.000036
1081,踢踏舞,2001,当心小蛋糕！,0.50612,0.00006
1152,任务：钢化你心,1220,连拨击锤,0.459974,0.000189
1138,渴血,1388,无限循环往复,0.505038,0.000762
1403,属性叠属性！,2008,负重爆气,0.52212,0.00016
1092,易损,1325,玻璃大炮,0.460709,0.000221
1064,坚韧,1330,活力再生,0.447469,0.000013
1392,神圣雪球,1406,祖母的辣椒油,0.482128,0.00008
1250,一板一眼,2009,狂热者,0.429727,0.000174
1336,升级：无尽之刃,1416,海克斯科技龙魂,0.487332,0.00008
1027,大地苏醒,1079,战争交响乐,0.473807,0.000063
1039,冰霜 幽灵,1339,激光治疗,0.471892,0.000026
1009,霸符兄弟,1316,刃下生风,0.506513,0.000058
1004,回归基本功,2024,由暴生急,0.492775,0.000039
1338,升级：狂妄,2007,你肩上的恶魔,0.442475,0.00009
1064,坚韧,1331,至高天诺言,0.447125,0.000059
1050,基石法师,1318,升级：中娅,0.48161,0.000426
1027,大地苏醒,1323,残忍,0.458508,0.000018
1062,全能龙魂,1345,心灵净化,0.492504,0.000308
1070,无休回复,1238,质变：棱彩阶,0.529228,0.000664
1324,蛋白粉奶昔,1400,最终都市列车,0.468275,0.000074
1047,关键暴击,1150,面包和果酱,0.453849,0.000181
1013,星界躯体,1214,旋转至胜,0.475909,0.000088
1206,魔法转物理,1211,杀戮时间到了,0.481017,0.000437
1027,大地苏醒,1195,巨人杀手,0.530997,0.000147
1311,溢流,1321,砍伤,0.460524,0.000067
1086,精准奇才,1424,???,0.450863,0.000004
1225,双刀流,2009,狂热者,0.554285,0.00059
1030,尤里卡,1321,砍伤,0.459548,0.00003
1027,大地苏醒,1054,物法皆修,0.438763,0.000017
1007,大力,1104,仆从大师,0.492482,0.000017
1211,杀戮时间到了,1316,刃下生风,0.481494,0.000292
1116,闪现向前,1372,小猫咪找妈妈,0.469255,0.000003
1036,火上浇油,2026,杀意翻涌,0.469752,0.000058
1346,吸血习性,2018,纯粹主义者 - 术师,0.474495,0.000261
1361,任务：艾卡西亚的陷落,2024,由暴生急,0.472719,0.000004
1342,雪球扭蛋机,1414,卡皮巴拉空投,0.666667,0
1118,会心治疗,1315,快中求稳,0.536491,0.000375
1081,踢踏舞,1373,缩小引擎,0.521465,0.001908
1397,地狱三头犬,1404,属性！,0.524631,0.000028
1019,全凭身法,1379,未知符文_1379,0.386667,0
1187,闪光弹,1404,属性！,0.530732,0
1027,大地苏醒,1356,暴击飞弹,0.458492,0.000007
1092,易损,1414,卡皮巴拉空投,0.437815,0.000025
1134,亮出你的剑,1421,舞会女王,0.682101,0.000002
1330,活力再生,1373,缩小引擎,0.472446,0.000079
1340,升级：米凯尔的祝福,1392,神圣雪球,0.473467,0.000001
1313,作弊：我能回城！,1341,帽上加帽,0.489176,0.000665
1039,冰霜 幽灵,1092,易损,0.456204,0.000096
1009,霸符兄弟,1349,终极唤醒,0.494085,0.000137
1104,仆从大师,2009,狂热者,0.46468,0.000014
1313,作弊：我能回城！,1347,吵闹鬼,0.469968,0.000093
1333,逃跑计划,1345,心灵净化,0.518213,0.000731
1062,全能龙魂,1204,叠角龙,0.549829,0.000014
0,无符文,1325,玻璃大炮,0.528842,0.007542
1042,恶趣味,1085,折磨者,0.481864,0.000274
1322,罪恶快感,1327,坚若磐石,0.450511,0.000078
1066,量子计算,2002,虚空裂隙,0.489767,0.000024
1054,物法皆修,1057,山脉龙魂,0.439023,0.000038
1036,火上浇油,1308,火狐,0.487106,0.000075
1344,最终形态,1402,属性叠属性叠属性！,0.530999,0.000031
1134,亮出你的剑,1320,升级：收集者,0.594611,0.000965
1074,缩小射线,1113,老练狙神,0.439056,0.000374
1077,灵魂虹吸,1204,叠角龙,0.52842,0.000037
1045,炼狱导管,1397,地狱三头犬,0.460745,0.000082
1053,科学狂人,1339,激光治疗,0.480306,0.000011
1402,属性叠属性叠属性！,2018,纯粹主义者 - 术师,0.494718,0.000022
1331,至高天诺言,1996,升级：耀光,0.441628,0.000002
1330,活力再生,1404,属性！,0.517165,0.000008
1011,你摸不到,1314,强力护盾,0.432642,0.000034
1013,星界躯体,2018,纯粹主义者 - 术师,0.449066,0.000047
1047,关键暴击,1341,帽上加帽,0.453173,0.000168
1081,踢踏舞,1187,闪光弹,0.465956,0.000027
1138,渴血,1345,心灵净化,0.48036,0.001285
1004,回归基本功,1331,至高天诺言,0.460032,0.000008
1098,急急小子,1214,旋转至胜,0.512511,0.000051
1317,升级：弯刀,1327,坚若磐石,0.375778,0.000001
1045,炼狱导管,1384,捐赠,0.536916,0.000493
1347,吵闹鬼,1392,神圣雪球,1,0
1082,残暴之力,1361,任务：艾卡西亚的陷落,0.509402,0.000029
1042,恶趣味,1384,捐赠,0.503544,0.000106
1325,玻璃大炮,1326,夜狩,0.411441,0.000146
1316,刃下生风,1349,终极唤醒,0.471714,0.000097
1046,炼狱龙魂,1069,退敌力场,0.440883,0.000104
1071,更万用的瞄准镜,1206,魔法转物理,0.513835,0.001178
1019,全凭身法,1076,天音爆,0.460176,0.000008
1095,风语者的祝福,1314,强力护盾,0.446276,0.000107
1057,山脉龙魂,1080,会心防御,0.466365,0.000044
1063,狂徒豪气,1066,量子计算,0.496527,0.000157
1015,死亡之环,1116,闪现向前,0.456956,0.000012
1075,慢炖,1329,史上最大雪球,0.464666,0.000157
1006,利刃华尔兹,1039,冰霜 幽灵,0.461637,0.000129
1026,唯快不破,1150,面包和果酱,0.477449,0.000071
1020,黎明使者的坚决,1107,接二连三,0.481786,0.000114
1060,海洋龙魂,1225,双刀流,0.528446,0.000255
1042,恶趣味,1195,巨人杀手,0.514713,0.00015
1187,闪光弹,2007,你肩上的恶魔,0.474265,0
1341,帽上加帽,2002,虚空裂隙,0.495436,0.00032
1084,穿针引线,1149,不动如山,0.44456,0.000131
1416,海克斯科技龙魂,2007,你肩上的恶魔,0.423868,0.000018
1336,升级：无尽之刃,1384,捐赠,0.544031,0.000497
1388,无限循环往复,1392,神圣雪球,0.453203,0.000034
1305,练腿日,1322,罪恶快感,0.492577,0.000626
1082,残暴之力,2004,信念者的强化,0.419025,0.000001
1050,基石法师,1326,夜狩,0.450931,0.000083
1072,炽烈黎明,1220,连拨击锤,0.430893,0.000042
1045,炼狱导管,1328,暴击律动,0.438506,0.000104
1056,由心及物,1066,量子计算,0.482309,0.000161
1018,巨像的勇气,1319,升级：献祭,0.487246,0.00043
1056,由心及物,1325,玻璃大炮,0.466424,0.000168
1019,全凭身法,1373,缩小引擎,0.48453,0.000348
1115,最万用的瞄准镜,1409,魄罗爆破手,0.478672,0.000179
1054,物法皆修,1358,弹球,0.415564,0.000026
1075,慢炖,1337,尊我为王,0.570618,0.000224
1039,冰霜 幽灵,1375,吞噬灵魂,0.492729,0.000425
1346,吸血习性,1409,魄罗爆破手,0.508441,0.001222
0,无符文,1076,天音爆,0.594474,0.00452
1329,史上最大雪球,2001,当心小蛋糕！,0.478055,0.000042
1138,渴血,1418,砸开那颗蛋,0.469702,0.000002
1072,炽烈黎明,1403,属性叠属性！,0.521361,0.000022
1070,无休回复,1085,折磨者,0.481092,0.000106
1085,折磨者,1198,圣火,0.465956,0.000087
1034,防护面纱,1198,圣火,0.459664,0.000044
1220,连拨击锤,2009,狂热者,0.448704,0.000291
1004,回归基本功,1051,点亮他们！,0.491808,0.000102
1238,质变：棱彩阶,2009,狂热者,0.524393,0.000202
1048,珠光护手,1336,升级：无尽之刃,0.539042,0.001322
1373,缩小引擎,1384,捐赠,0.529313,0.000697
1067,古式佳酿,1080,会心防御,0.4906,0.000127
1025,俯冲轰炸,1044,冰寒,0.496262,0.000324
1067,古式佳酿,1415,双生火焰,0.483865,0.000127
1187,闪光弹,1996,升级：耀光,0.503005,0.000043
1020,黎明使者的坚决,1052,闪电打击,0.49028,0.000128
1037,急救用具,1329,史上最大雪球,0.464283,0.000095
1011,你摸不到,1034,防护面纱,0.456052,0.000068
1044,冰寒,1323,残忍,0.48261,0.000493
1086,精准奇才,1361,任务：艾卡西亚的陷落,0.472059,0.000001
1036,火上浇油,1414,卡皮巴拉空投,0.426647,0.000021
1138,渴血,1405,速度恶魔,0.500136,0.000482
1086,精准奇才,1322,罪恶快感,0.447774,0.000126
1066,量子计算,1333,逃跑计划,0.523897,0.000231
1112,终极不可阻挡,1337,尊我为王,0.478633,0.00005
1328,暴击律动,1332,不祥契约,0.469442,0.000042
1323,残忍,1390,超凡邪恶,0.493671,0.00068
1082,残暴之力,1086,精准奇才,0.437723,0.000138
1006,利刃华尔兹,1406,祖母的辣椒油,0.476649,0.000051
1060,海洋龙魂,1138,渴血,0.509103,0.00044
1042,恶趣味,1075,慢炖,0.519581,0.0008
1113,老练狙神,1325,玻璃大炮,0.443057,0.000458
1079,战争交响乐,1214,旋转至胜,0.477457,0.000122
1050,基石法师,1372,小猫咪找妈妈,0.500284,0.000059
1319,升级：献祭,1330,活力再生,0.433692,0
1002,尖端发明家,1243,质变：混沌,0.472564,0.00047
1085,折磨者,1342,雪球扭蛋机,0.466454,0.000077
1079,战争交响乐,1087,台风,0.476448,0.000811
1069,退敌力场,1081,踢踏舞,0.460635,0.000121
1211,杀戮时间到了,2018,纯粹主义者 - 术师,0.453295,0.000105
1028,侵蚀,1308,火狐,0.534135,0.000061
1037,急救用具,1220,连拨击锤,0.455284,0.000031
1243,质变：混沌,1250,一板一眼,0.481214,0.000448
1038,有始有终,2016,注魔,0.501733,0.000127
1048,珠光护手,1180,超强大脑,0.498806,0.000951
1054,物法皆修,1150,面包和果酱,0.444543,0.000126
1061,回力OK镖,1406,祖母的辣椒油,0.557787,0.000192
1238,质变：棱彩阶,1390,超凡邪恶,0.523804,0.001149
1105,家园卫士,1311,溢流,0.521361,0.000284
1062,全能龙魂,1086,精准奇才,0.497499,0.000068
1082,残暴之力,1405,速度恶魔,0.471129,0.000151
1042,恶趣味,1097,巫师式思考,0.46916,0.000113
1305,练腿日,1347,吵闹鬼,0.481915,0.000046
1066,量子计算,1327,坚若磐石,0.456247,0.000115
1064,坚韧,1318,升级：中娅,0.46451,0.000095
1022,灵巧,1195,巨人杀手,0.548565,0.003023
1004,回归基本功,1418,砸开那颗蛋,0.500918,0.000002
1243,质变：混沌,2003,魄罗之王的弹跳,0.513159,0.000014
1020,黎明使者的坚决,1198,圣火,0.469416,0.000089
1051,点亮他们！,1141,全心为你,0.447632,0.000014
1019,全凭身法,1328,暴击律动,0.471133,0.000166
1061,回力OK镖,1064,坚韧,0.486026,0.000153
1330,活力再生,1345,心灵净化,0.444556,0.000091
1084,穿针引线,1341,帽上加帽,0.468645,0.001146
1029,虚幻武器,1042,恶趣味,0.467011,0.00024
1211,杀戮时间到了,1301,神圣干预,0.461752,0.000304
1025,俯冲轰炸,1415,双生火焰,0.492654,0.000078
1036,火上浇油,1373,缩小引擎,0.489222,0.000265
1009,霸符兄弟,1180,超强大脑,0.516791,0.000184
1107,接二连三,1243,质变：混沌,0.480294,0.000484
1063,狂徒豪气,1416,海克斯科技龙魂,0.488587,0.000032
1028,侵蚀,1194,精怪魔法,0.476837,0.000094
1237,质变：黄金阶,1356,暴击飞弹,0.532773,0.000179
1064,坚韧,1414,卡皮巴拉空投,0.434852,0.000051
1092,易损,1324,蛋白粉奶昔,0.445475,0.000091
1042,恶趣味,1330,活力再生,0.437932,0.000002
1041,歌利亚巨人,1400,最终都市列车,0.520813,0.000454
1076,天音爆,1335,夺金,0.477046,0.000024
1045,炼狱导管,1082,残暴之力,0.455551,0.000107
1112,终极不可阻挡,1384,捐赠,0.49894,0.000126
1084,穿针引线,1405,速度恶魔,0.471727,0.000499
1136,扇巴掌,1403,属性叠属性！,0.515871,0.000176
1047,关键暴击,1323,残忍,0.444219,0.000043
1058,秘术冲拳,1107,接二连三,0.467452,0.001116
1406,祖母的辣椒油,2026,杀意翻涌,0.513634,0.00007
1087,台风,1198,圣火,0.453766,0.00003
1002,尖端发明家,1320,升级：收集者,0.422349,0.00023
1092,易损,1108,自我毁灭,0.466072,0.000167
1116,闪现向前,1308,火狐,0.507967,0.000035
1075,慢炖,1136,扇巴掌,0.514349,0.001403
1077,灵魂虹吸,2008,负重爆气,0.470056,0.000157
1013,星界躯体,2026,杀意翻涌,0.478333,0.00007
1076,天音爆,2006,飞身踢,0.458397,0.000015
1079,战争交响乐,1372,小猫咪找妈妈,0.437482,0.000006
1187,闪光弹,1322,罪恶快感,0.475418,0.000201
1011,你摸不到,1080,会心防御,0.470102,0.000051
1402,属性叠属性叠属性！,1996,升级：耀光,0.513914,0.000037
1372,小猫咪找妈妈,1401,生机迸发,0.480022,0.000015
1034,防护面纱,1208,轨道镭射,0.473361,0.000025
1011,你摸不到,2009,狂热者,0.465889,0.000041
1401,生机迸发,2007,你肩上的恶魔,0.419489,0.00002
1141,全心为你,1347,吵闹鬼,0.462759,0.000014
1076,天音爆,1301,神圣干预,0.49848,0.000108
1108,自我毁灭,1116,闪现向前,0.465385,0.000052
1062,全能龙魂,1344,最终形态,0.513652,0.000124
1036,火上浇油,1401,生机迸发,0.482598,0.000054
1074,缩小射线,1390,超凡邪恶,0.456985,0.00028
1150,面包和果酱,1206,魔法转物理,0.469053,0.000217
12317,潘朵拉的盒子,1401,生机迸发,0.477312,0
1156,任务：沃格勒特的巫师帽,1375,吞噬灵魂,0.482385,0.000169
1334,升级：雪球,1342,雪球扭蛋机,0.508532,0.002922
1344,最终形态,2005,扳机炼狱,0.478736,0.000063
1058,秘术冲拳,1324,蛋白粉奶昔,0.458578,0.000099
1042,恶趣味,1225,双刀流,0.471218,0.000028
1046,炼狱龙魂,1308,火狐,0.510105,0.000098
1069,退敌力场,1421,舞会女王,0.448517,0.000009
1057,山脉龙魂,1208,轨道镭射,0.46256,0.000024
1206,魔法转物理,1409,魄罗爆破手,0.4786,0.000246
1034,防护面纱,1156,任务：沃格勒特的巫师帽,0.5033,0.000247
1104,仆从大师,1329,史上最大雪球,0.47801,0.000017
1056,由心及物,1330,活力再生,0.454999,0.000012
1138,渴血,1310,小丑学院,0.536282,0.001242
1002,尖端发明家,1108,自我毁灭,0.466226,0.000511
1180,超强大脑,1313,作弊：我能回城！,0.496062,0.000342
1060,海洋龙魂,1330,活力再生,0.471646,0.000025
1133,魔法飞弹,1418,砸开那颗蛋,0.483327,0.000011
1037,急救用具,1115,最万用的瞄准镜,0.467938,0.000073
1138,渴血,1344,最终形态,0.500385,0.001562
1066,量子计算,1068,循环往复,0.491492,0.000302
1075,慢炖,1349,终极唤醒,0.464877,0.000131
1019,全凭身法,1035,感受燃烧,0.484552,0.000066
1397,地狱三头犬,1421,舞会女王,0.48819,0.000005
1022,灵巧,1373,缩小引擎,0.49716,0.000686
1115,最万用的瞄准镜,1401,生机迸发,0.484741,0.000068
1052,闪电打击,1316,刃下生风,0.459166,0.000118
1073,暗影疾奔,2002,虚空裂隙,0.52745,0.000056
1211,杀戮时间到了,1333,逃跑计划,0.530778,0.000654
1025,俯冲轰炸,1037,急救用具,0.46569,0.000138
1243,质变：混沌,1405,速度恶魔,0.523606,0.000136
1002,尖端发明家,1237,质变：黄金阶,0.474549,0.000433
1141,全心为你,1194,精怪魔法,0.455157,0.000032
1113,老练狙神,1414,卡皮巴拉空投,0.435968,0.000039
1404,属性！,2001,当心小蛋糕！,0.534929,0.000088
1047,关键暴击,1333,逃跑计划,0.536978,0.000336
1092,易损,1301,神圣干预,0.463907,0.000144
1391,红包,2009,狂热者,0.566943,0.000325
1048,珠光护手,1138,渴血,0.500283,0.002555
1009,霸符兄弟,1039,冰霜 幽灵,0.493055,0.000074
1052,闪电打击,1056,由心及物,0.462844,0.000056
1080,会心防御,1413,和我一起困在这里,0.471114,0.000006
1317,升级：弯刀,1341,帽上加帽,0.401531,0.000001
1414,卡皮巴拉空投,2016,注魔,0.445088,0.000011
1103,面包和黄油,2001,当心小蛋糕！,0.475834,0.000149
1098,急急小子,1424,???,0.458061,0.000006
1026,唯快不破,1075,慢炖,0.477958,0.00004
1007,大力,1027,大地苏醒,0.521012,0.000079
1107,接二连三,1238,质变：棱彩阶,0.50198,0.001438
1002,尖端发明家,1379,未知符文_1379,0.414497,0.000003
1072,炽烈黎明,1315,快中求稳,0.481124,0.000033
1047,关键暴击,1156,任务：沃格勒特的巫师帽,0.472502,0.000111
1069,退敌力场,1416,海克斯科技龙魂,0.446286,0.000015
1180,超强大脑,1347,吵闹鬼,0.48216,0.00004
1072,炽烈黎明,2010,双发快射,0.443514,0.000011
1390,超凡邪恶,1406,祖母的辣椒油,0.542939,0.003219
1052,闪电打击,1225,双刀流,0.56837,0.003764
1013,星界躯体,1305,练腿日,0.495043,0.000463
0,无符文,1018,巨像的勇气,0.567076,0.009005
1047,关键暴击,2018,纯粹主义者 - 术师,0.426335,0.000033
1020,黎明使者的坚决,1401,生机迸发,0.490953,0.000055
1319,升级：献祭,1340,升级：米凯尔的祝福,0.472116,0.000006
1118,会心治疗,1327,坚若磐石,0.440674,0.000257
1151,面包和奶酪,1996,升级：耀光,0.501421,0.0002
1081,踢踏舞,1325,玻璃大炮,0.44404,0.000102
1238,质变：棱彩阶,1336,升级：无尽之刃,0.53125,0.001027
1349,终极唤醒,2001,当心小蛋糕！,0.482688,0.000029
1076,天音爆,1339,激光治疗,0.472792,0.000162
0,无符文,1313,作弊：我能回城！,0.600556,0.029815
1326,夜狩,1415,双生火焰,0.44686,0.000061
1028,侵蚀,1340,升级：米凯尔的祝福,0.51232,0.000012
1011,你摸不到,1081,踢踏舞,0.45188,0.000105
1329,史上最大雪球,2026,杀意翻涌,0.481941,0.00007
1358,弹球,1390,超凡邪恶,0.467362,0.000333
1095,风语者的祝福,1353,坦克引擎,0.470074,0.000813
1388,无限循环往复,1401,生机迸发,0.494934,0.000148
1087,台风,1194,精怪魔法,0.447511,0.000085
1103,面包和黄油,1115,最万用的瞄准镜,0.460314,0.000362
1152,任务：钢化你心,1324,蛋白粉奶昔,0.488378,0.001156
1315,快中求稳,1404,属性！,0.564668,0.000029
1136,扇巴掌,12317,潘朵拉的盒子,0.494619,0.000002
1039,冰霜 幽灵,1042,恶趣味,0.495762,0.000295
1041,歌利亚巨人,1086,精准奇才,0.473047,0.000072
1138,渴血,1326,夜狩,0.47573,0.001261
1098,急急小子,2016,注魔,0.477562,0.000019
1115,最万用的瞄准镜,2008,负重爆气,0.459675,0.000116
1038,有始有终,1342,雪球扭蛋机,0.499873,0.000187
1238,质变：棱彩阶,1315,快中求稳,0.54374,0.00073
1058,秘术冲拳,1238,质变：棱彩阶,0.494607,0.000973
1025,俯冲轰炸,1324,蛋白粉奶昔,0.45735,0.000235
1086,精准奇才,1326,夜狩,0.420866,0.000048
1134,亮出你的剑,1204,叠角龙,0.567173,0.000008
1346,吸血习性,2002,虚空裂隙,0.529061,0.000562
1038,有始有终,1204,叠角龙,0.551279,0.000026
1007,大力,1325,玻璃大炮,0.455516,0.000128
1320,升级：收集者,1358,弹球,0.44009,0.000177
1045,炼狱导管,1129,神射法师,0.483334,0.000884
1133,魔法飞弹,1386,转得我眩晕了,0.437949,0.000006
1310,小丑学院,1320,升级：收集者,0.524837,0.001092
1103,面包和黄油,1414,卡皮巴拉空投,0.42962,0.000038
1107,接二连三,1118,会心治疗,0.483525,0.000592
1058,秘术冲拳,1333,逃跑计划,0.520387,0.000441
1009,霸符兄弟,2016,注魔,0.514759,0.000307
1327,坚若磐石,1996,升级：耀光,0.460555,0.000023
1028,侵蚀,1335,夺金,0.501964,0.000081
1151,面包和奶酪,1305,练腿日,0.488748,0.000269
1048,珠光护手,1066,量子计算,0.473838,0.000276
1063,狂徒豪气,1180,超强大脑,0.506246,0.000068
1013,星界躯体,1026,唯快不破,0.470793,0.000068
1402,属性叠属性叠属性！,2016,注魔,0.505837,0.000018
1194,精怪魔法,12317,潘朵拉的盒子,0.551181,0
1316,刃下生风,1317,升级：弯刀,0.436995,0.000013
1062,全能龙魂,1095,风语者的祝福,0.508689,0.000038
1103,面包和黄油,1112,终极不可阻挡,0.447696,0.000219
1103,面包和黄油,1358,弹球,0.444928,0.000092
1331,至高天诺言,1334,升级：雪球,0.5,0
1323,残忍,1331,至高天诺言,0.456762,0.000012
1018,巨像的勇气,2006,飞身踢,0.47919,0.000111
1037,急救用具,1073,暗影疾奔,0.495893,0.000079
1341,帽上加帽,1403,属性叠属性！,0.550165,0.000108
1076,天音爆,1097,巫师式思考,0.482787,0.00016
1076,天音爆,1326,夜狩,0.401638,0.000005
1007,大力,1375,吞噬灵魂,0.495969,0.000078
1194,精怪魔法,1356,暴击飞弹,0.472201,0.000043
1320,升级：收集者,1337,尊我为王,0.505635,0.000169
1036,火上浇油,1039,冰霜 幽灵,0.447942,0.00011
1220,连拨击锤,1356,暴击飞弹,0.467087,0.001748
1061,回力OK镖,1070,无休回复,0.51769,0.000076
1424,???,2024,由暴生急,0.432635,0.000006
1112,终极不可阻挡,12317,潘朵拉的盒子,0.494388,0.000001
1136,扇巴掌,1397,地狱三头犬,0.469455,0.000087
1067,古式佳酿,1386,转得我眩晕了,0.433971,0.000002
1058,秘术冲拳,2026,杀意翻涌,0.480206,0.000116
1048,珠光护手,1337,尊我为王,0.59724,0.000467
1151,面包和奶酪,1361,任务：艾卡西亚的陷落,0.501976,0.000046
1063,狂徒豪气,1373,缩小引擎,0.522883,0.000214
1077,灵魂虹吸,1243,质变：混沌,0.498218,0.000433
1112,终极不可阻挡,1324,蛋白粉奶昔,0.426042,0.000088
1345,心灵净化,2018,纯粹主义者 - 术师,0.450841,0.000099
1018,巨像的勇气,1023,魔鬼之舞,0.472593,0.000113
1338,升级：狂妄,1392,神圣雪球,0.444837,0.000091
1035,感受燃烧,1079,战争交响乐,0.47597,0.000086
1181,重量级打击手,1403,属性叠属性！,0.533453,0.000115
1113,老练狙神,1150,面包和果酱,0.468409,0.000451
1150,面包和果酱,2024,由暴生急,0.436517,0.000033
1205,物理转魔法,1414,卡皮巴拉空投,0.44416,0.000053
1048,珠光护手,1134,亮出你的剑,0.610259,0.000263
1018,巨像的勇气,1076,天音爆,0.451375,0.000028
1062,全能龙魂,2002,虚空裂隙,0.515134,0.000027
1032,裁决使,1353,坦克引擎,0.488125,0.003239
1028,侵蚀,1214,旋转至胜,0.505201,0.000075
1069,退敌力场,1413,和我一起困在这里,0.420752,0.000004
1058,秘术冲拳,1310,小丑学院,0.509753,0.00029
1072,炽烈黎明,1129,神射法师,0.46037,0.00013
1118,会心治疗,2006,飞身踢,0.467769,0.000471
1339,激光治疗,2007,你肩上的恶魔,0.385327,0.000001
1042,恶趣味,1070,无休回复,0.482597,0.000181
1149,不动如山,1336,升级：无尽之刃,0.433781,0.000022
1046,炼狱龙魂,1198,圣火,0.457452,0.000073
1208,轨道镭射,1335,夺金,0.458607,0.000007
1080,会心防御,1361,任务：艾卡西亚的陷落,0.514172,0.000023
1341,帽上加帽,1375,吞噬灵魂,0.476161,0.000168
1088,终极刷新,1323,残忍,0.468211,0.000085
1018,巨像的勇气,1152,任务：钢化你心,0.487354,0.001289
1311,溢流,1347,吵闹鬼,0.479676,0.000064
1054,物法皆修,1397,地狱三头犬,0.447069,0.00007
1020,黎明使者的坚决,1317,升级：弯刀,0.426146,0.000003
1194,精怪魔法,1340,升级：米凯尔的祝福,0.486846,0.00001
1071,更万用的瞄准镜,1181,重量级打击手,0.517109,0.000663
1051,点亮他们！,2001,当心小蛋糕！,0.5105,0.000104
1037,急救用具,1079,战争交响乐,0.473317,0.000103
1023,魔鬼之舞,1154,任务：海牛阿福的勇士,0.492916,0.000061
1325,玻璃大炮,1349,终极唤醒,0.444995,0.000082
1066,量子计算,1353,坦克引擎,0.479481,0.000896
1375,吞噬灵魂,1386,转得我眩晕了,0.421847,0.000004
1310,小丑学院,1375,吞噬灵魂,0.499422,0.000226
1321,砍伤,1346,吸血习性,0.521363,0.000925
1208,轨道镭射,1340,升级：米凯尔的祝福,0.485321,0.000007
1115,最万用的瞄准镜,2016,注魔,0.45924,0.000028
1082,残暴之力,2009,狂热者,0.4806,0.000113
1134,亮出你的剑,1318,升级：中娅,0.466313,0.000006
1392,神圣雪球,2001,当心小蛋糕！,0.448103,0.00002
1079,战争交响乐,1211,杀戮时间到了,0.456239,0.000266
1067,古式佳酿,2002,虚空裂隙,0.502781,0.000154
1113,老练狙神,1348,闪闪现现,0.450012,0.000043
1056,由心及物,1071,更万用的瞄准镜,0.471389,0.000144
1052,闪电打击,1329,史上最大雪球,0.455878,0.000104
1020,黎明使者的坚决,1081,踢踏舞,0.486637,0.000113
1006,利刃华尔兹,1067,古式佳酿,0.465256,0.00023
1046,炼狱龙魂,1319,升级：献祭,0.48419,0.000111
1048,珠光护手,1063,狂徒豪气,0.501618,0.000431
1039,冰霜 幽灵,1342,雪球扭蛋机,0.474975,0.000157
1105,家园卫士,1136,扇巴掌,0.530689,0.000249
1316,刃下生风,1328,暴击律动,0.478502,0.000116
1036,火上浇油,1050,基石法师,0.466806,0.000166
1032,裁决使,1076,天音爆,0.492741,0.00019
1116,闪现向前,1319,升级：献祭,0.47127,0.000035
1113,老练狙神,1411,升级：荆棘之甲,0.44772,0.000001
1077,灵魂虹吸,1082,残暴之力,0.488145,0.000571
1225,双刀流,2004,信念者的强化,0.46612,0.000003
1018,巨像的勇气,1141,全心为你,0.439342,0.000023
1107,接二连三,1134,亮出你的剑,0.509159,0.000496
1011,你摸不到,2026,杀意翻涌,0.452417,0.000032
1316,刃下生风,1372,小猫咪找妈妈,0.398394,0
1006,利刃华尔兹,1347,吵闹鬼,0.5,0
1424,???,2003,魄罗之王的弹跳,0.471278,0.000003
1002,尖端发明家,2009,狂热者,0.449513,0.00012
1113,老练狙神,1206,魔法转物理,0.452,0.000565
1211,杀戮时间到了,1420,咏叹奏鸣,0.522932,0.000193
1384,捐赠,1403,属性叠属性！,0.574945,0.000178
1138,渴血,1337,尊我为王,0.516897,0.000258
1004,回归基本功,1337,尊我为王,0.485077,0.000097
1346,吸血习性,1400,最终都市列车,0.540565,0.001053
1032,裁决使,1361,任务：艾卡西亚的陷落,0.511025,0.00016
1019,全凭身法,1071,更万用的瞄准镜,0.47384,0.000438
1062,全能龙魂,1361,任务：艾卡西亚的陷落,0.551778,0.000016
1136,扇巴掌,1402,属性叠属性叠属性！,0.500395,0.000105
1062,全能龙魂,1405,速度恶魔,0.510395,0.000087
1032,裁决使,1087,台风,0.459483,0.000888
1007,大力,1150,面包和果酱,0.487396,0.000159
1056,由心及物,1406,祖母的辣椒油,0.550675,0.00071
1087,台风,1413,和我一起困在这里,0.443299,0.000007
1060,海洋龙魂,2004,信念者的强化,0.498054,0.000025
1156,任务：沃格勒特的巫师帽,2007,你肩上的恶魔,0.465309,0.000017
1237,质变：黄金阶,1305,练腿日,0.503133,0.000227
1392,神圣雪球,1996,升级：耀光,0.45306,0.000023
1023,魔鬼之舞,1238,质变：棱彩阶,0.523645,0.000595
1150,面包和果酱,1316,刃下生风,0.468114,0.000117
1345,心灵净化,1372,小猫咪找妈妈,0.479161,0.000064
1319,升级：献祭,1329,史上最大雪球,0.463745,0.000153
1023,魔鬼之舞,1333,逃跑计划,0.54602,0.000238
1388,无限循环往复,1418,砸开那颗蛋,0.525248,0.000009
1020,黎明使者的坚决,1129,神射法师,0.473584,0.0001
1066,量子计算,1386,转得我眩晕了,0.437002,0.000001
1073,暗影疾奔,1420,咏叹奏鸣,0.549151,0.000142
1063,狂徒豪气,2018,纯粹主义者 - 术师,0.457816,0.000024
1030,尤里卡,1073,暗影疾奔,0.545587,0.000534
1047,关键暴击,2006,飞身踢,0.46504,0.000106
1141,全心为你,1336,升级：无尽之刃,0.433166,0.000013
1082,残暴之力,1154,任务：海牛阿福的勇士,0.488195,0.000148
1075,慢炖,1085,折磨者,0.510236,0.000486
1133,魔法飞弹,1390,超凡邪恶,0.502799,0.004806
1044,冰寒,1211,杀戮时间到了,0.496871,0.00133
1136,扇巴掌,1379,未知符文_1379,0.449604,0.000006
1025,俯冲轰炸,1118,会心治疗,0.478847,0.000486
1313,作弊：我能回城！,1411,升级：荆棘之甲,0.52141,0.000097
1086,精准奇才,1329,史上最大雪球,0.455041,0.000051
1392,神圣雪球,1415,双生火焰,0.441318,0.000041
1105,家园卫士,1314,强力护盾,0.476867,0.000032
1015,死亡之环,1150,面包和果酱,0.460689,0.000209
1007,大力,1323,残忍,0.436324,0.000008
1029,虚幻武器,1086,精准奇才,0.457718,0.000106
12317,潘朵拉的盒子,1319,升级：献祭,0.516468,0.000001
0,无符文,1045,炼狱导管,0.632452,0.032887
1047,关键暴击,1050,基石法师,0.458805,0.000098
1068,循环往复,1115,最万用的瞄准镜,0.474477,0.000353
1194,精怪魔法,1305,练腿日,0.468664,0.000086
1057,山脉龙魂,1181,重量级打击手,0.511291,0.000639
1250,一板一眼,1404,属性！,0.518411,0.000066
1027,大地苏醒,1389,男爵之手,0.532413,0.000002
1095,风语者的祝福,1356,暴击飞弹,0.499978,0.000006
1026,唯快不破,1052,闪电打击,0.514397,0.000191
1062,全能龙魂,1996,升级：耀光,0.513828,0.000082
1088,终极刷新,1134,亮出你的剑,0.520794,0.000041
1116,闪现向前,1194,精怪魔法,0.457712,0.000026
1095,风语者的祝福,1420,咏叹奏鸣,0.60377,0.000403
1025,俯冲轰炸,1070,无休回复,0.496458,0.000183
1103,面包和黄油,1238,质变：棱彩阶,0.493521,0.001497
1027,大地苏醒,1421,舞会女王,0.511454,0.000009
1057,山脉龙魂,1349,终极唤醒,0.459861,0.000073
1067,古式佳酿,2008,负重爆气,0.502335,0.000414
1027,大地苏醒,1373,缩小引擎,0.502598,0.000086
1064,坚韧,1214,旋转至胜,0.485845,0.000112
1080,会心防御,1392,神圣雪球,0.452849,0.00002
1027,大地苏醒,1077,灵魂虹吸,0.483654,0.000081
1194,精怪魔法,1319,升级：献祭,0.456627,0.000051
1103,面包和黄油,1339,激光治疗,0.45584,0.000053
1009,霸符兄弟,1037,急救用具,0.501246,0.000113
1072,炽烈黎明,1996,升级：耀光,0.482374,0.000034
1072,炽烈黎明,1388,无限循环往复,0.491824,0.000065
1198,圣火,1301,神圣干预,0.468318,0.000118
1062,全能龙魂,1134,亮出你的剑,0.584666,0.000057
1415,双生火焰,2003,魄罗之王的弹跳,0.452379,0.000031
1098,急急小子,2004,信念者的强化,0.489449,0.000007
1011,你摸不到,1397,地狱三头犬,0.452134,0.000082
1080,会心防御,1397,地狱三头犬,0.482956,0.000125
1030,尤里卡,1170,万用瞄准镜,0.461208,0.00012
1050,基石法师,1097,巫师式思考,0.4926,0.001208
1141,全心为你,1353,坦克引擎,0.455412,0.000229
1170,万用瞄准镜,1336,升级：无尽之刃,0.505243,0.001151
1321,砍伤,1405,速度恶魔,0.47696,0.0001
1333,逃跑计划,1356,暴击飞弹,0.549391,0.000107
1104,仆从大师,1238,质变：棱彩阶,0.516326,0.000141
1113,老练狙神,1420,咏叹奏鸣,0.53651,0.000209
1070,无休回复,1103,面包和黄油,0.499635,0.000298
1115,最万用的瞄准镜,1334,升级：雪球,0.460213,0.000103
1075,慢炖,2002,虚空裂隙,0.484684,0.000035
1238,质变：棱彩阶,1346,吸血习性,0.554789,0.00591
1332,不祥契约,1402,属性叠属性叠属性！,0.511352,0.000011
1034,防护面纱,1329,史上最大雪球,0.476255,0.0001
1073,暗影疾奔,1333,逃跑计划,0.567404,0.000477
1086,精准奇才,1152,任务：钢化你心,0.426964,0.000028
1037,急救用具,1315,快中求稳,0.511204,0.000092
1328,暴击律动,1336,升级：无尽之刃,0.529947,0.001569
1085,折磨者,1341,帽上加帽,0.467601,0.000116
1081,踢踏舞,1323,残忍,0.453259,0.00004
1004,回归基本功,1413,和我一起困在这里,0.436282,0.000001
1026,唯快不破,1032,裁决使,0.496757,0.000485
1006,利刃华尔兹,1308,火狐,0.487653,0.000037
1335,夺金,1346,吸血习性,0.529023,0.00048
1118,会心治疗,1338,升级：狂妄,0.489264,0.000807
1358,弹球,2024,由暴生急,0.431725,0.000027
1118,会心治疗,1322,罪恶快感,0.493521,0.000951
1305,练腿日,2009,狂热者,0.498585,0.00008
1316,刃下生风,1319,升级：献祭,0.490266,0.000022
1020,黎明使者的坚决,2016,注魔,0.463014,0.000008
1019,全凭身法,12317,潘朵拉的盒子,0.54591,0
1358,弹球,2010,双发快射,0.447151,0.000027
1013,星界躯体,1415,双生火焰,0.451856,0.000057
1318,升级：中娅,1390,超凡邪恶,0.486925,0.001318
1105,家园卫士,2024,由暴生急,0.489709,0.000027
1006,利刃华尔兹,1379,未知符文_1379,0.367129,0
1198,圣火,2026,杀意翻涌,0.453128,0.000009
1323,残忍,1384,捐赠,0.508553,0.000165
1315,快中求稳,1319,升级：献祭,0.506308,0.000099
1072,炽烈黎明,1149,不动如山,0.468598,0.00007
1104,仆从大师,1330,活力再生,0.45661,0
1220,连拨击锤,1243,质变：混沌,0.484013,0.000248
1042,恶趣味,1372,小猫咪找妈妈,0.463801,0.000011
1026,唯快不破,1315,快中求稳,0.531657,0.000051
1026,唯快不破,1042,恶趣味,0.467949,0.000015
1250,一板一眼,1308,火狐,0.44882,0.000021
1023,魔鬼之舞,2006,飞身踢,0.507673,0.000166
1095,风语者的祝福,1326,夜狩,0.440938,0.000016
1054,物法皆修,1151,面包和奶酪,0.446076,0.000163
1035,感受燃烧,1331,至高天诺言,0.55,0
1032,裁决使,1214,旋转至胜,0.50235,0.000616
1029,虚幻武器,1348,闪闪现现,0.445587,0.000035
1068,循环往复,1324,蛋白粉奶昔,0.480694,0.000335
1006,利刃华尔兹,2018,纯粹主义者 - 术师,0.439822,0.00003
1301,神圣干预,1332,不祥契约,0.462091,0.00007
1105,家园卫士,1390,超凡邪恶,0.540586,0.000453
1347,吵闹鬼,1405,速度恶魔,0.478993,0.000027
1336,升级：无尽之刃,1391,红包,0.579695,0.00041
1152,任务：钢化你心,1198,圣火,0.486427,0.000364
1027,大地苏醒,1237,质变：黄金阶,0.489564,0.000088
1097,巫师式思考,1318,升级：中娅,0.479103,0.000857
1041,歌利亚巨人,1211,杀戮时间到了,0.464402,0.000606
1057,山脉龙魂,1180,超强大脑,0.471195,0.000064
1036,火上浇油,1301,神圣干预,0.454339,0.000129
1006,利刃华尔兹,1339,激光治疗,0,0
1039,冰霜 幽灵,1068,循环往复,0.488921,0.000309
1026,唯快不破,1327,坚若磐石,0.448205,0.000014
1086,精准奇才,2007,你肩上的恶魔,0.417494,0.000006
1325,玻璃大炮,1379,未知符文_1379,0.3775,0
1372,小猫咪找妈妈,1414,卡皮巴拉空投,0.468531,0.000003
1074,缩小射线,1104,仆从大师,0.465057,0.000025
1041,歌利亚巨人,1321,砍伤,0.502633,0.000463
1007,大力,1141,全心为你,0.450866,0.000004
1028,侵蚀,1092,易损,0.515889,0.000316
1075,慢炖,1390,超凡邪恶,0.491337,0.000472
1116,闪现向前,1361,任务：艾卡西亚的陷落,0.508515,0.00002
1156,任务：沃格勒特的巫师帽,2001,当心小蛋糕！,0.506005,0.000064
1097,巫师式思考,1238,质变：棱彩阶,0.505989,0.001658
1105,家园卫士,1996,升级：耀光,0.533926,0.000126
1034,防护面纱,1413,和我一起困在这里,0.449886,0.000007
1112,终极不可阻挡,1386,转得我眩晕了,0.421595,0.000001
1180,超强大脑,1332,不祥契约,0.486695,0.000218
1060,海洋龙魂,1373,缩小引擎,0.55345,0.000315
1151,面包和奶酪,1403,属性叠属性！,0.513892,0.000079
1329,史上最大雪球,1331,至高天诺言,0.142857,0
1011,你摸不到,1020,黎明使者的坚决,0.446507,0.000058
1054,物法皆修,1333,逃跑计划,0.509384,0.000207
1032,裁决使,2001,当心小蛋糕！,0.49146,0.00062
1006,利刃华尔兹,2003,魄罗之王的弹跳,0.714286,0
1331,至高天诺言,2005,扳机炼狱,0.439383,0
1084,穿针引线,1112,终极不可阻挡,0.450119,0.000386
1054,物法皆修,1074,缩小射线,0.438277,0.000259
1154,任务：海牛阿福的勇士,1194,精怪魔法,0.470228,0.000022
1103,面包和黄油,1133,魔法飞弹,0.493908,0.001892
1150,面包和果酱,1156,任务：沃格勒特的巫师帽,0.482236,0.000317
1075,慢炖,1113,老练狙神,0.421944,0.000031
1136,扇巴掌,1358,弹球,0.463073,0.000228
1133,魔法飞弹,1141,全心为你,0.46161,0.000273
1133,魔法飞弹,1220,连拨击锤,0.431462,0.002902
1018,巨像的勇气,1353,坦克引擎,0.476302,0.002082
1081,踢踏舞,1401,生机迸发,0.493715,0.000078
1032,裁决使,1337,尊我为王,0.505813,0.000519
1237,质变：黄金阶,2009,狂热者,0.521127,0.00011
1326,夜狩,1401,生机迸发,0.452152,0.000055
1206,魔法转物理,1311,溢流,0.487803,0.000502
1401,生机迸发,1402,属性叠属性叠属性！,0.510616,0.000032
1181,重量级打击手,1332,不祥契约,0.462382,0.000114
1067,古式佳酿,1206,魔法转物理,0.5044,0.00026
1326,夜狩,1418,砸开那颗蛋,0.418583,0.000001
1141,全心为你,1316,刃下生风,0.386618,0.000001
1138,渴血,1349,终极唤醒,0.487594,0.000467
1061,回力OK镖,1151,面包和奶酪,0.495529,0.000113
1214,旋转至胜,1316,刃下生风,0.504339,0.000048
1041,歌利亚巨人,1314,强力护盾,0.481648,0.000471
1042,恶趣味,1340,升级：米凯尔的祝福,0.491339,0.000015
1050,基石法师,1330,活力再生,0.447846,0.000015
1116,闪现向前,1333,逃跑计划,0.521409,0.000065
1345,心灵净化,1996,升级：耀光,0.478495,0.000251
1004,回归基本功,1080,会心防御,0.530579,0.000121
1133,魔法飞弹,1373,缩小引擎,0.523766,0.001309
1075,慢炖,1373,缩小引擎,0.527681,0.000265
1007,大力,1046,炼狱龙魂,0.498343,0.000493
1329,史上最大雪球,1353,坦克引擎,0.473884,0.000564
1311,溢流,1318,升级：中娅,0.477306,0.00045
1029,虚幻武器,1071,更万用的瞄准镜,0.491025,0.000852
1318,升级：中娅,1388,无限循环往复,0.492643,0.000317
1061,回力OK镖,1150,面包和果酱,0.486117,0.000095
1035,感受燃烧,1206,魔法转物理,0.487554,0.000074
1009,霸符兄弟,2005,扳机炼狱,0.479574,0.000031
1072,炽烈黎明,1333,逃跑计划,0.524208,0.000092
1047,关键暴击,1411,升级：荆棘之甲,0.490454,0.00001
1037,急救用具,1133,魔法飞弹,0.4688,0.000357
1133,魔法飞弹,1329,史上最大雪球,0.479085,0.000388
1035,感受燃烧,1062,全能龙魂,0.509478,0.000092
1030,尤里卡,1085,折磨者,0.489285,0.000249
1074,缩小射线,1138,渴血,0.483796,0.001056
1141,全心为你,1323,残忍,0.467527,0.000055
1053,科学狂人,1206,魔法转物理,0.536505,0.000231
1052,闪电打击,1308,火狐,0.484947,0.000043
1225,双刀流,1388,无限循环往复,0.498915,0.000114
1205,物理转魔法,2024,由暴生急,0.450013,0.000041
1105,家园卫士,1346,吸血习性,0.549691,0.001054
1036,火上浇油,1075,慢炖,0.483536,0.000208
1027,大地苏醒,1045,炼狱导管,0.471318,0.000052
1036,火上浇油,1421,舞会女王,0.473237,0.000016
1332,不祥契约,1336,升级：无尽之刃,0.464941,0.000036
1034,防护面纱,1237,质变：黄金阶,0.491829,0.000143
1141,全心为你,1333,逃跑计划,0.494238,0.000064
1060,海洋龙魂,1329,史上最大雪球,0.490931,0.000158
1053,科学狂人,1347,吵闹鬼,0.495943,0.000035
1098,急急小子,1105,家园卫士,0.516864,0.00018
1403,属性叠属性！,1416,海克斯科技龙魂,0.527163,0.000046
1391,红包,1414,卡皮巴拉空投,0.482671,0.000062
1095,风语者的祝福,1238,质变：棱彩阶,0.505677,0.00025
1195,巨人杀手,1333,逃跑计划,0.581369,0.001488
1075,慢炖,1346,吸血习性,0.489808,0.000631
1310,小丑学院,1348,闪闪现现,0.5,0
1349,终极唤醒,1996,升级：耀光,0.49449,0.000086
1389,男爵之手,2024,由暴生急,0.51381,0.000005
1339,激光治疗,1421,舞会女王,0.50307,0.000001
1323,残忍,1333,逃跑计划,0.52427,0.000223
1107,接二连三,1311,溢流,0.43631,0.000127
1332,不祥契约,2026,杀意翻涌,0.469077,0.000029
1067,古式佳酿,1358,弹球,0.462216,0.000088
1195,巨人杀手,2007,你肩上的恶魔,0.489594,0.00006
1097,巫师式思考,1330,活力再生,0.449852,0.00002
1056,由心及物,1334,升级：雪球,0.503049,0.000322
1042,恶趣味,1105,家园卫士,0.497151,0.000054
1007,大力,1243,质变：混沌,0.511637,0.000322
1358,弹球,1415,双生火焰,0.456236,0.000095
1108,自我毁灭,1389,男爵之手,0.533233,0.000015
1084,穿针引线,1204,叠角龙,0.526199,0.000041
1026,唯快不破,1238,质变：棱彩阶,0.530714,0.000348
1320,升级：收集者,1335,夺金,0.496686,0.000761
1330,活力再生,1416,海克斯科技龙魂,0.462099,0.000013
1238,质变：棱彩阶,2006,飞身踢,0.508898,0.000442
1022,灵巧,1045,炼狱导管,0.456134,0.000208
1080,会心防御,1348,闪闪现现,0.454384,0.000012
1315,快中求稳,1415,双生火焰,0.489631,0.000029
1113,老练狙神,1397,地狱三头犬,0.419663,0.000103
1238,质变：棱彩阶,1384,捐赠,0.55182,0.000548
1022,灵巧,1324,蛋白粉奶昔,0.46637,0.000117
1006,利刃华尔兹,1060,海洋龙魂,0.475541,0.000134
1041,歌利亚巨人,1243,质变：混沌,0.508803,0.000554
1026,唯快不破,1339,激光治疗,0.436455,0.000003
1095,风语者的祝福,2018,纯粹主义者 - 术师,0.51692,0.000013
1026,唯快不破,1103,面包和黄油,0.495058,0.000145
1082,残暴之力,1113,老练狙神,0.448908,0.000567
1071,更万用的瞄准镜,1156,任务：沃格勒特的巫师帽,0.487198,0.000123
1205,物理转魔法,2004,信念者的强化,0.465195,0.00003
1052,闪电打击,1372,小猫咪找妈妈,0.470935,0.000005
1076,天音爆,1421,舞会女王,0.494787,0.000004
1115,最万用的瞄准镜,1345,心灵净化,0.461673,0.000421
1018,巨像的勇气,1335,夺金,0.459635,0.000016
1051,点亮他们！,1180,超强大脑,0.47837,0.000072
1026,唯快不破,1048,珠光护手,0.490064,0.000302
1009,霸符兄弟,1062,全能龙魂,0.525978,0.000142
1062,全能龙魂,1214,旋转至胜,0.519925,0.000041
1330,活力再生,1388,无限循环往复,0.459725,0.000036
1080,会心防御,1181,重量级打击手,0.501855,0.000162
1151,面包和奶酪,1338,升级：狂妄,0.468571,0.000383
1072,炽烈黎明,2016,注魔,0.462121,0.000013
1073,暗影疾奔,2004,信念者的强化,0.442468,0.000001
1050,基石法师,1071,更万用的瞄准镜,0.46143,0.000103
1097,巫师式思考,1205,物理转魔法,0.490296,0.002745
1028,侵蚀,1415,双生火焰,0.505549,0.000066
1036,火上浇油,1342,雪球扭蛋机,0.455594,0.00008
1095,风语者的祝福,1346,吸血习性,0.475842,0.000257
1019,全凭身法,1098,急急小子,0.466557,0.000132
1006,利刃华尔兹,1022,灵巧,0.476821,0.000448
1133,魔法飞弹,1414,卡皮巴拉空投,0.448492,0.000108
1025,俯冲轰炸,1250,一板一眼,0.503557,0.000369
1313,作弊：我能回城！,1328,暴击律动,0.489194,0.000472
1397,地狱三头犬,2007,你肩上的恶魔,0.431336,0.000008
1015,死亡之环,1194,精怪魔法,0.452668,0.000032
1311,溢流,1996,升级：耀光,0.504517,0.000306
1019,全凭身法,1026,唯快不破,0.488252,0.000097
1022,灵巧,1347,吵闹鬼,0.492978,0.00011
1243,质变：混沌,2002,虚空裂隙,0.553686,0.000066
1116,闪现向前,1238,质变：棱彩阶,0.497076,0.00013
1050,基石法师,1107,接二连三,0.446672,0.000052
1067,古式佳酿,1225,双刀流,0.502841,0.000163
1019,全凭身法,1062,全能龙魂,0.494854,0.000088
1170,万用瞄准镜,1319,升级：献祭,0.481628,0.000081
1308,火狐,1402,属性叠属性叠属性！,0.540647,0.00005
1329,史上最大雪球,1346,吸血习性,0.494616,0.000654
1211,杀戮时间到了,1413,和我一起困在这里,0.458451,0.000039
1098,急急小子,1401,生机迸发,0.48159,0.000025
1048,珠光护手,1068,循环往复,0.496432,0.00237
1084,穿针引线,1335,夺金,0.485204,0.000246
1015,死亡之环,1333,逃跑计划,0.52397,0.000164
1072,炽烈黎明,1409,魄罗爆破手,0.491568,0.000071
1129,神射法师,1421,舞会女王,0.49456,0.000031
1025,俯冲轰炸,2010,双发快射,0.521523,0.000066
1069,退敌力场,1375,吞噬灵魂,0.444584,0.000046
1310,小丑学院,2010,双发快射,0.548122,0.000135
1115,最万用的瞄准镜,2005,扳机炼狱,0.451474,0.000024
1103,面包和黄油,1118,会心治疗,0.460077,0.000589
1037,急救用具,1318,升级：中娅,0.460694,0.000069
1027,大地苏醒,1414,卡皮巴拉空投,0.433159,0.000004
1154,任务：海牛阿福的勇士,1344,最终形态,0.498023,0.000068
1170,万用瞄准镜,1243,质变：混沌,0.482594,0.000446
1029,虚幻武器,1315,快中求稳,0.514949,0.000333
1070,无休回复,1397,地狱三头犬,0.482063,0.000061
1391,红包,1397,地狱三头犬,0.541948,0.000142
1025,俯冲轰炸,1071,更万用的瞄准镜,0.502726,0.000432
1204,叠角龙,1341,帽上加帽,0.52305,0.000019
1018,巨像的勇气,1085,折磨者,0.469209,0.000279
1032,裁决使,1150,面包和果酱,0.467463,0.001304
1138,渴血,1335,夺金,0.51306,0.000298
1225,双刀流,1335,夺金,0.530672,0.000073
1104,仆从大师,1402,属性叠属性叠属性！,0.520327,0.000006
1045,炼狱导管,2001,当心小蛋糕！,0.516003,0.000125
1056,由心及物,1069,退敌力场,0.468543,0.00009
1310,小丑学院,1327,坚若磐石,0.47558,0.000075
1037,急救用具,1401,生机迸发,0.479484,0.000081
1068,循环往复,1406,祖母的辣椒油,0.543051,0.00067
1361,任务：艾卡西亚的陷落,1418,砸开那颗蛋,0.511807,0.000003
1390,超凡邪恶,2016,注魔,0.487771,0.000325
1170,万用瞄准镜,1206,魔法转物理,0.493317,0.000481
1072,炽烈黎明,1321,砍伤,0.455938,0.000027
1035,感受燃烧,1401,生机迸发,0.615385,0
1092,易损,1331,至高天诺言,0.443018,0.00001
1045,炼狱导管,1311,溢流,0.511366,0.001486
1062,全能龙魂,1321,砍伤,0.501071,0.00007
1011,你摸不到,1052,闪电打击,0.457991,0.000142
1025,俯冲轰炸,1047,关键暴击,0.487481,0.000219
1036,火上浇油,1180,超强大脑,0.471915,0.00014
1047,关键暴击,1086,精准奇才,0.44061,0.000085
1061,回力OK镖,1405,速度恶魔,0.522089,0.00011
1038,有始有终,1195,巨人杀手,0.559923,0.002201
1324,蛋白粉奶昔,2007,你肩上的恶魔,0.412644,0.000009
1181,重量级打击手,2010,双发快射,0.474821,0.000036
1071,更万用的瞄准镜,1315,快中求稳,0.53202,0.000456
1337,尊我为王,1346,吸血习性,0.541496,0.000544
1198,圣火,1415,双生火焰,0.452968,0.000037
1062,全能龙魂,1310,小丑学院,0.533772,0.000153
0,无符文,1337,尊我为王,0.401222,0.003272
1077,灵魂虹吸,1411,升级：荆棘之甲,0.491901,0.00001
1314,强力护盾,1345,心灵净化,0.449385,0.000202
1108,自我毁灭,1329,史上最大雪球,0.468954,0.000221
1323,残忍,2018,纯粹主义者 - 术师,0.474022,0.000038
1004,回归基本功,12317,潘朵拉的盒子,0.501587,0
1107,接二连三,1133,魔法飞弹,0.450538,0.000623
1318,升级：中娅,1373,缩小引擎,0.508432,0.000371
1319,升级：献祭,1358,弹球,0.449201,0.000115
1105,家园卫士,1345,心灵净化,0.51109,0.000428
1152,任务：钢化你心,2003,魄罗之王的弹跳,0.469847,0.000114
1047,关键暴击,1170,万用瞄准镜,0.476649,0.000586
1326,夜狩,1356,暴击飞弹,0.485495,0.000065
1103,面包和黄油,2007,你肩上的恶魔,0.418881,0.000035
1054,物法皆修,1060,海洋龙魂,0.464613,0.000127
1036,火上浇油,2003,魄罗之王的弹跳,0.444255,0.000024
1006,利刃华尔兹,1115,最万用的瞄准镜,0.456887,0.000155
1060,海洋龙魂,2010,双发快射,0.492989,0.000036
1006,利刃华尔兹,1036,火上浇油,0.461906,0.000167
1013,星界躯体,1084,穿针引线,0.4507,0.000314
1319,升级：献祭,2010,双发快射,0.466842,0.000012
1336,升级：无尽之刃,1342,雪球扭蛋机,0.478692,0.000099
1238,质变：棱彩阶,1353,坦克引擎,0.511314,0.00383
1020,黎明使者的坚决,1062,全能龙魂,0.50252,0.000088
1237,质变：黄金阶,1337,尊我为王,0.509401,0.00012
1004,回归基本功,1095,风语者的祝福,0.50888,0.000039
1151,面包和奶酪,1314,强力护盾,0.451535,0.000084
1238,质变：棱彩阶,1340,升级：米凯尔的祝福,0.520796,0.0001
1009,霸符兄弟,1373,缩小引擎,0.544065,0.000301
1051,点亮他们！,12317,潘朵拉的盒子,0.504899,0
1329,史上最大雪球,1411,升级：荆棘之甲,0.510217,0.000056
1064,坚韧,1361,任务：艾卡西亚的陷落,0.527687,0.000425
1007,大力,1026,唯快不破,0.519836,0.000082
1050,基石法师,1316,刃下生风,0.469975,0.000037
1051,点亮他们！,1338,升级：狂妄,0.476365,0.00026
1344,最终形态,1345,心灵净化,0.478097,0.000764
1028,侵蚀,2024,由暴生急,0.463532,0.000016
1206,魔法转物理,1356,暴击飞弹,0.516124,0.000188
1048,珠光护手,1330,活力再生,0.472228,0.000152
1310,小丑学院,1347,吵闹鬼,0.6,0
1415,双生火焰,2008,负重爆气,0.481586,0.000319
1044,冰寒,2002,虚空裂隙,0.51328,0.000621
1067,古式佳酿,1208,轨道镭射,0.473057,0.000049
1015,死亡之环,1404,属性！,0.517565,0.000026
1057,山脉龙魂,1105,家园卫士,0.501845,0.00006
1002,尖端发明家,1327,坚若磐石,0.466008,0.000343
1070,无休回复,1181,重量级打击手,0.510221,0.000431
1037,急救用具,1112,终极不可阻挡,0.446377,0.000071
1086,精准奇才,1116,闪现向前,0.455004,0.000013
0,无符文,1116,闪现向前,0.584406,0.003474
1156,任务：沃格勒特的巫师帽,1205,物理转魔法,0.507857,0.002288
1305,练腿日,1400,最终都市列车,0.526003,0.00009
1180,超强大脑,1414,卡皮巴拉空投,0.452192,0.000022
1063,狂徒豪气,1326,夜狩,0.480807,0.00055
1084,穿针引线,2007,你肩上的恶魔,0.424298,0.000074
1211,杀戮时间到了,1400,最终都市列车,0.520722,0.000401
1054,物法皆修,1389,男爵之手,0.490972,0.000004
1349,终极唤醒,1373,缩小引擎,0.487797,0.000152
1063,狂徒豪气,1403,属性叠属性！,0.559335,0.000071
1023,魔鬼之舞,2016,注魔,0.477673,0.000009
1220,连拨击锤,1411,升级：荆棘之甲,0.467034,0.000004
1319,升级：献祭,1409,魄罗爆破手,0.477331,0.000136
1073,暗影疾奔,1154,任务：海牛阿福的勇士,0.516729,0.000113
1181,重量级打击手,1361,任务：艾卡西亚的陷落,0.558938,0.000563
1081,踢踏舞,1421,舞会女王,0.478922,0.000008
1042,恶趣味,2004,信念者的强化,0.454168,0.000006
1149,不动如山,1151,面包和奶酪,0.459726,0.000161
1328,暴击律动,1361,任务：艾卡西亚的陷落,0.430559,0.000001
1068,循环往复,1134,亮出你的剑,0.562979,0.000178
1080,会心防御,1332,不祥契约,0.463854,0.000039
1348,闪闪现现,1353,坦克引擎,0.458775,0.000116
1325,玻璃大炮,2001,当心小蛋糕！,0.471069,0.000027
1087,台风,1108,自我毁灭,0.454136,0.000055
1025,俯冲轰炸,1397,地狱三头犬,0.483722,0.000109
1113,老练狙神,1342,雪球扭蛋机,0.463702,0.000112
1042,恶趣味,1211,杀戮时间到了,0.452305,0.000142
1030,尤里卡,1053,科学狂人,0.532662,0.00025
0,无符文,1345,心灵净化,0.583501,0.036273
1022,灵巧,2004,信念者的强化,0.444869,0.000006
1214,旋转至胜,1361,任务：艾卡西亚的陷落,0.513216,0.000018
1150,面包和果酱,1181,重量级打击手,0.490502,0.000364
1319,升级：献祭,1390,超凡邪恶,0.489532,0.000354
1013,星界躯体,2010,双发快射,0.476459,0.000031
1138,渴血,1389,男爵之手,0.545434,0.000035
1011,你摸不到,1072,炽烈黎明,0.447254,0.00003
1032,裁决使,1149,不动如山,0.474749,0.000498
1320,升级：收集者,1342,雪球扭蛋机,0.462036,0.000221
1058,秘术冲拳,1329,史上最大雪球,0.445443,0.000114
1002,尖端发明家,1077,灵魂虹吸,0.444859,0.000169
1373,缩小引擎,1403,属性叠属性！,0.547876,0.000197
1133,魔法飞弹,1332,不祥契约,0.492685,0.000774
1409,魄罗爆破手,2016,注魔,0.491542,0.00011
1335,夺金,1372,小猫咪找妈妈,0.477342,0.000003
1388,无限循环往复,2001,当心小蛋糕！,0.501256,0.000117
1069,退敌力场,2009,狂热者,0.453455,0.000028
1022,灵巧,1118,会心治疗,0.523296,0.001042
1332,不祥契约,1345,心灵净化,0.465638,0.000294
1030,尤里卡,1181,重量级打击手,0.457445,0.000147
1045,炼狱导管,1356,暴击飞弹,0.491191,0.000245
1084,穿针引线,1342,雪球扭蛋机,0.466185,0.000293
1025,俯冲轰炸,1050,基石法师,0.490933,0.000185
1073,暗影疾奔,2024,由暴生急,0.481809,0.000046
1136,扇巴掌,1348,闪闪现现,0.457464,0.000018
1013,星界躯体,1311,溢流,0.460559,0.000384
1237,质变：黄金阶,1375,吞噬灵魂,0.503295,0.000231
1098,急急小子,1313,作弊：我能回城！,0.496127,0.000254
1022,灵巧,1095,风语者的祝福,0.489399,0.000037
1180,超强大脑,1301,神圣干预,0.476672,0.000117
1030,尤里卡,1301,神圣干预,0.515527,0.00036
1340,升级：米凯尔的祝福,1413,和我一起困在这里,0.512448,0
1323,残忍,1372,小猫咪找妈妈,0.475211,0.000012
1072,炽烈黎明,1348,闪闪现现,0.452849,0.00001
1095,风语者的祝福,1338,升级：狂妄,0.470201,0.000046
1058,秘术冲拳,1074,缩小射线,0.439476,0.000454
1020,黎明使者的坚决,1331,至高天诺言,0.451317,0.000016
1330,活力再生,1406,祖母的辣椒油,0.472171,0.000011
1108,自我毁灭,1206,魔法转物理,0.488027,0.000141
1028,侵蚀,1098,急急小子,0.4914,0.000095
1057,山脉龙魂,1320,升级：收集者,0.460575,0.00005
1301,神圣干预,1379,未知符文_1379,0.458789,0.000003
1022,灵巧,1316,刃下生风,0.484668,0.000131
1045,炼狱导管,1411,升级：荆棘之甲,0.506228,0.000027
1069,退敌力场,1403,属性叠属性！,0.504026,0.000019
1011,你摸不到,1074,缩小射线,0.428441,0.000097
1070,无休回复,1194,精怪魔法,0.475291,0.000066
1084,穿针引线,1305,练腿日,0.482379,0.000553
1416,海克斯科技龙魂,2004,信念者的强化,0.469641,0.000007
1041,歌利亚巨人,1136,扇巴掌,0.49878,0.002444
1011,你摸不到,1337,尊我为王,0.460911,0.00009
1138,渴血,1170,万用瞄准镜,0.507273,0.001505
1156,任务：沃格勒特的巫师帽,1356,暴击飞弹,0.468518,0.000094
1105,家园卫士,1416,海克斯科技龙魂,0.522821,0.000041
1030,尤里卡,1084,穿针引线,0.497598,0.002187
1048,珠光护手,1317,升级：弯刀,0.425822,0.000022
1030,尤里卡,2005,扳机炼狱,0.469834,0.000015
1036,火上浇油,1326,夜狩,0.452614,0.000194
1243,质变：混沌,1372,小猫咪找妈妈,0.479628,0.00002
1250,一板一眼,2018,纯粹主义者 - 术师,0.500387,0.000116
1305,练腿日,1323,残忍,0.498083,0.000137
1032,裁决使,1397,地狱三头犬,0.463512,0.000597
1051,点亮他们！,1404,属性！,0.532795,0.000033
1025,俯冲轰炸,2006,飞身踢,0.498894,0.000329
1390,超凡邪恶,1420,咏叹奏鸣,0.568003,0.000953
1072,炽烈黎明,1087,台风,0.442411,0.000053
1391,红包,1400,最终都市列车,0.563601,0.00035
1205,物理转魔法,1220,连拨击锤,0.442627,0.00015
1315,快中求稳,1402,属性叠属性叠属性！,0.554456,0.00003
1052,闪电打击,1336,升级：无尽之刃,0.529141,0.001332
1115,最万用的瞄准镜,1373,缩小引擎,0.489934,0.000356
1404,属性！,2026,杀意翻涌,0.534541,0.000027
1006,利刃华尔兹,1996,升级：耀光,0.470298,0.000119
1032,裁决使,1205,物理转魔法,0.483784,0.003619
1187,闪光弹,1206,魔法转物理,0.493999,0.000089
1054,物法皆修,1332,不祥契约,0.449565,0.000057
1022,灵巧,1075,慢炖,0.492942,0.000165
1331,至高天诺言,2009,狂热者,0.453598,0.000004
1039,冰霜 幽灵,1356,暴击飞弹,0.446924,0.000008
1009,霸符兄弟,1063,狂徒豪气,0.541618,0.00011
1133,魔法飞弹,1243,质变：混沌,0.495985,0.000973
1112,终极不可阻挡,1321,砍伤,0.467649,0.000098
1225,双刀流,1250,一板一眼,0.443491,0.000486
1002,尖端发明家,1047,关键暴击,0.439585,0.000163
1104,仆从大师,1134,亮出你的剑,0.526015,0.000001
1019,全凭身法,1404,属性！,0.519886,0.00005
1088,终极刷新,1194,精怪魔法,0.454284,0.000186
1066,量子计算,1080,会心防御,0.475325,0.000066
1032,裁决使,1418,砸开那颗蛋,0.479593,0.000013
1301,神圣干预,1403,属性叠属性！,0.522146,0.000058
1420,咏叹奏鸣,2016,注魔,0.529195,0.000044
1062,全能龙魂,1064,坚韧,0.492682,0.000254
1129,神射法师,1194,精怪魔法,0.460344,0.000153
1406,祖母的辣椒油,2008,负重爆气,0.537732,0.000949
1107,接二连三,2001,当心小蛋糕！,0.494055,0.00014
1069,退敌力场,1420,咏叹奏鸣,0.507604,0.000043
1048,珠光护手,1076,天音爆,0.45164,0.000081
1310,小丑学院,1344,最终形态,0.537538,0.000544
1076,天音爆,1133,魔法飞弹,0.479682,0.000265
1170,万用瞄准镜,1323,残忍,0.447001,0.000036
1195,巨人杀手,1361,任务：艾卡西亚的陷落,0.551189,0.000025
1313,作弊：我能回城！,2002,虚空裂隙,0.499654,0.000153
1006,利刃华尔兹,1026,唯快不破,0.480387,0.000089
1052,闪电打击,1061,回力OK镖,0.478477,0.000138
1074,缩小射线,1092,易损,0.463755,0.00035
1079,战争交响乐,1326,夜狩,0.452541,0.000325
1068,循环往复,1336,升级：无尽之刃,0.494915,0.000395
1071,更万用的瞄准镜,1073,暗影疾奔,0.541769,0.000909
2001,当心小蛋糕！,2018,纯粹主义者 - 术师,0.484535,0.000079
1087,台风,1420,咏叹奏鸣,0.494104,0.000102
2004,信念者的强化,2026,杀意翻涌,0.450338,0.000001
1375,吞噬灵魂,1390,超凡邪恶,0.506567,0.004106
1029,虚幻武器,1105,家园卫士,0.509,0.000275
1009,霸符兄弟,1315,快中求稳,0.542773,0.000097
1063,狂徒豪气,1311,溢流,0.520038,0.000163
1036,火上浇油,1332,不祥契约,0.463222,0.00009
1152,任务：钢化你心,1409,魄罗爆破手,0.474265,0.000326
1097,巫师式思考,1319,升级：献祭,0.488875,0.000081
1225,双刀流,1331,至高天诺言,0.447522,0.000007
1019,全凭身法,1116,闪现向前,0.461777,0.000054
1098,急急小子,1338,升级：狂妄,0.492633,0.000287
1170,万用瞄准镜,1339,激光治疗,0.404351,0.000007
1116,闪现向前,1313,作弊：我能回城！,0.477121,0.000078
1156,任务：沃格勒特的巫师帽,1402,属性叠属性叠属性！,0.519079,0.00003
1018,巨像的勇气,2024,由暴生急,0.40144,0.000004
1322,罪恶快感,1331,至高天诺言,0.429376,0.000007
1112,终极不可阻挡,1335,夺金,0.461068,0.000046
1046,炼狱龙魂,1301,神圣干预,0.458659,0.000193
1340,升级：米凯尔的祝福,2007,你肩上的恶魔,0.430952,0.000001
1118,会心治疗,2001,当心小蛋糕！,0.488928,0.00023
1315,快中求稳,2024,由暴生急,0.494673,0.000025
1057,山脉龙魂,1384,捐赠,0.497903,0.000088
1180,超强大脑,1389,男爵之手,0.538669,0.000011
1077,灵魂虹吸,1349,终极唤醒,0.453248,0.000151
1076,天音爆,2026,杀意翻涌,0.457034,0.000003
1073,暗影疾奔,1243,质变：混沌,0.518781,0.000384
1079,战争交响乐,1088,终极刷新,0.447767,0.000102
1057,山脉龙魂,12317,潘朵拉的盒子,0.504121,0
1004,回归基本功,1315,快中求稳,0.557544,0.000162
1318,升级：中娅,1321,砍伤,0.458255,0.000011
1087,台风,2003,魄罗之王的弹跳,0.431537,0.000028
1103,面包和黄油,1181,重量级打击手,0.485808,0.00052
1070,无休回复,1404,属性！,0.537289,0.000026
1057,山脉龙魂,2008,负重爆气,0.467985,0.000053
1085,折磨者,1418,砸开那颗蛋,0.477296,0.000001
1313,作弊：我能回城！,1372,小猫咪找妈妈,0.487492,0.000046
1332,不祥契约,1337,尊我为王,0.630484,0.000171
1057,山脉龙魂,2010,双发快射,0.45859,0.00001
1113,老练狙神,1136,扇巴掌,0.497863,0.000635
1308,火狐,2024,由暴生急,0.482673,0.000015
1416,海克斯科技龙魂,2018,纯粹主义者 - 术师,0.46939,0.000029
1047,关键暴击,1079,战争交响乐,0.479363,0.000383
1327,坚若磐石,2018,纯粹主义者 - 术师,0.441262,0.000012
1069,退敌力场,1313,作弊：我能回城！,0.463323,0.000174
1028,侵蚀,1084,穿针引线,0.48675,0.000499
1066,量子计算,1208,轨道镭射,0.458311,0.000068
12317,潘朵拉的盒子,2008,负重爆气,0.481611,0.000002
1406,祖母的辣椒油,2010,双发快射,0.476409,0.000037
0,无符文,1403,属性叠属性！,0.796879,0.008253
1079,战争交响乐,1156,任务：沃格勒特的巫师帽,0.480339,0.000026
1029,虚幻武器,1392,神圣雪球,0.440358,0.000044
1007,大力,1112,终极不可阻挡,0.487798,0.000116
1063,狂徒豪气,1333,逃跑计划,0.562284,0.000297
1004,回归基本功,1342,雪球扭蛋机,0.4996,0.00008
1047,关键暴击,12317,潘朵拉的盒子,0.492904,0.000001
1068,循环往复,1075,慢炖,0.50528,0.00048
1104,仆从大师,1105,家园卫士,0.555444,0.000035
1066,量子计算,1420,咏叹奏鸣,0.572419,0.000755
1064,坚韧,1334,升级：雪球,0.467321,0.000309
1314,强力护盾,1338,升级：狂妄,0.479802,0.000238
1051,点亮他们！,1361,任务：艾卡西亚的陷落,0.494718,0.00001
1007,大力,1353,坦克引擎,0.506281,0.000559
1375,吞噬灵魂,1389,男爵之手,0.508803,0.00003
1187,闪光弹,1214,旋转至胜,0.497432,0.00003
1036,火上浇油,1413,和我一起困在这里,0.455028,0.000009
1092,易损,1421,舞会女王,0.489227,0.000024
1113,老练狙神,2007,你肩上的恶魔,0.423349,0.000035
1006,利刃华尔兹,1085,折磨者,0.437703,0.000036
1404,属性！,2024,由暴生急,0.517813,0.000018
1220,连拨击锤,1390,超凡邪恶,0.439477,0.00013
1150,面包和果酱,1332,不祥契约,0.459749,0.000135
1338,升级：狂妄,2001,当心小蛋糕！,0.491467,0.000224
1013,星界躯体,1409,魄罗爆破手,0.474617,0.000238
1011,你摸不到,1064,坚韧,0.430181,0.000126
1042,恶趣味,1187,闪光弹,0.474226,0.000019
1002,尖端发明家,1353,坦克引擎,0.500639,0.003525
1048,珠光护手,1321,砍伤,0.458773,0.000132
1150,面包和果酱,1420,咏叹奏鸣,0.523843,0.000141
1066,量子计算,1349,终极唤醒,0.463857,0.000116
1205,物理转魔法,1415,双生火焰,0.484433,0.000428
1220,连拨击锤,1332,不祥契约,0.462463,0.000053
1301,神圣干预,1337,尊我为王,0.498889,0.000058
1018,巨像的勇气,1318,升级：中娅,0.442033,0.000024
1344,最终形态,1411,升级：荆棘之甲,0.515197,0.000071
1066,量子计算,1322,罪恶快感,0.480537,0.000323
1181,重量级打击手,1390,超凡邪恶,0.492521,0.000524
1004,回归基本功,1353,坦克引擎,0.515086,0.000503
1002,尖端发明家,1048,珠光护手,0.445497,0.000712
1187,闪光弹,1237,质变：黄金阶,0.47287,0.000075
1181,重量级打击手,1225,双刀流,0.528515,0.000256
1317,升级：弯刀,1344,最终形态,0.441177,0.000018
1018,巨像的勇气,1347,吵闹鬼,0.429155,0.000016
1025,俯冲轰炸,1067,古式佳酿,0.490894,0.000403
1026,唯快不破,1204,叠角龙,0.546499,0.000003
1112,终极不可阻挡,1389,男爵之手,0.503766,0.000005
1006,利刃华尔兹,1327,坚若磐石,0.436316,0.000052
1023,魔鬼之舞,1038,有始有终,0.506377,0.000132
1037,急救用具,1335,夺金,0.472282,0.000046
1386,转得我眩晕了,2004,信念者的强化,0.277778,0
1133,魔法飞弹,1315,快中求稳,0.495591,0.000277
1020,黎明使者的坚决,1344,最终形态,0.482848,0.000286
1082,残暴之力,1342,雪球扭蛋机,0.471006,0.000157
1036,火上浇油,1331,至高天诺言,0.43024,0.000009
1075,慢炖,1133,魔法飞弹,0.471889,0.000341
1070,无休回复,1319,升级：献祭,0.502057,0.000199
1323,残忍,2007,你肩上的恶魔,0.42856,0.000007
1116,闪现向前,1384,捐赠,0.508542,0.000094
1391,红包,1415,双生火焰,0.544046,0.000321
1007,大力,2003,魄罗之王的弹跳,0.495381,0.000026
1046,炼狱龙魂,1080,会心防御,0.482251,0.000239
1068,循环往复,1141,全心为你,0.491903,0.000215
1316,刃下生风,1390,超凡邪恶,0.472368,0.000083
1310,小丑学院,1388,无限循环往复,0.518419,0.000193
2016,注魔,2024,由暴生急,0.449796,0.000011
1088,终极刷新,1315,快中求稳,0.465941,0.000099
1237,质变：黄金阶,1379,未知符文_1379,0.461206,0.000006
1056,由心及物,1311,溢流,0.55847,0.004555
1007,大力,1345,心灵净化,0.484741,0.000397
1054,物法皆修,1415,双生火焰,0.450617,0.000185
1046,炼狱龙魂,1095,风语者的祝福,0.464986,0.000051
1038,有始有终,1406,祖母的辣椒油,0.564541,0.000723
1028,侵蚀,1044,冰寒,0.536198,0.000436
1064,坚韧,1194,精怪魔法,0.445315,0.00013
1115,最万用的瞄准镜,1194,精怪魔法,0.4484,0.000087
1085,折磨者,1092,易损,0.470887,0.000084
1386,转得我眩晕了,1391,红包,0.500626,0.000006
1334,升级：雪球,1341,帽上加帽,0.491765,0.000302
1113,老练狙神,1195,巨人杀手,0.515796,0.002027
1105,家园卫士,1316,刃下生风,0.50251,0.000071
1051,点亮他们！,1112,终极不可阻挡,0.485879,0.000066
1154,任务：海牛阿福的勇士,1220,连拨击锤,0.479541,0.000048
1134,亮出你的剑,1154,任务：海牛阿福的勇士,0.593895,0.000036
1152,任务：钢化你心,1386,转得我眩晕了,0.434191,0.000006
1073,暗影疾奔,1133,魔法飞弹,0.505319,0.000455
1073,暗影疾奔,1214,旋转至胜,0.52375,0.000137
1092,易损,1098,急急小子,0.486955,0.00017
1069,退敌力场,1333,逃跑计划,0.493887,0.000126
1154,任务：海牛阿福的勇士,1334,升级：雪球,0.468611,0.000047
1311,溢流,2010,双发快射,0.46488,0.000058
1047,关键暴击,1112,终极不可阻挡,0.454531,0.000134
1058,秘术冲拳,1152,任务：钢化你心,0.469009,0.000552
1181,重量级打击手,1305,练腿日,0.529133,0.000411
1080,会心防御,1086,精准奇才,0.45057,0.000034
1388,无限循环往复,2016,注魔,0.489437,0.00011
1034,防护面纱,1180,超强大脑,0.508521,0.000156
1018,巨像的勇气,1069,退敌力场,0.433589,0.000042
1051,点亮他们！,1103,面包和黄油,0.471007,0.000195
1050,基石法师,1327,坚若磐石,0.453228,0.000102
12317,潘朵拉的盒子,1322,罪恶快感,0.502322,0.000001
1347,吵闹鬼,1401,生机迸发,0.615385,0
1002,尖端发明家,1095,风语者的祝福,0.474648,0.000201
1042,恶趣味,1061,回力OK镖,0.494711,0.000058
1042,恶趣味,1332,不祥契约,0.450281,0.000066
1023,魔鬼之舞,1411,升级：荆棘之甲,0.535929,0.000049
1070,无休回复,1075,慢炖,0.509345,0.000371
1319,升级：献祭,1334,升级：雪球,0.465177,0.000221
1329,史上最大雪球,1421,舞会女王,0.498434,0.000018
1326,夜狩,1397,地狱三头犬,0.452496,0.0002
1044,冰寒,1346,吸血习性,0.528778,0.002309
1149,不动如山,1310,小丑学院,0.487577,0.00013
1041,歌利亚巨人,1072,炽烈黎明,0.470217,0.000138
1314,强力护盾,1348,闪闪现现,0.429762,0.000008
1036,火上浇油,1057,山脉龙魂,0.458444,0.000074
1211,杀戮时间到了,2005,扳机炼狱,0.435528,0.000086
1050,基石法师,1331,至高天诺言,0.481735,0.000045
1028,侵蚀,1118,会心治疗,0.472913,0.000337
1097,巫师式思考,2024,由暴生急,0.4563,0.000026
1029,虚幻武器,1194,精怪魔法,0.471145,0.000164
1108,自我毁灭,1214,旋转至胜,0.487682,0.000057
1011,你摸不到,1038,有始有终,0.486618,0.000151
1220,连拨击锤,1400,最终都市列车,0.463501,0.000075
1066,量子计算,1138,渴血,0.488177,0.000412
1403,属性叠属性！,2003,魄罗之王的弹跳,0.485123,0.000031
1326,夜狩,1416,海克斯科技龙魂,0.448022,0.000067
1056,由心及物,1082,残暴之力,0.479409,0.000065
1421,舞会女王,1424,???,0.476431,0.000002
1015,死亡之环,1074,缩小射线,0.44285,0.000047
1048,珠光护手,1211,杀戮时间到了,0.480611,0.002066
1037,急救用具,1206,魔法转物理,0.494548,0.000065
1097,巫师式思考,2004,信念者的强化,0.481921,0.000034
1026,唯快不破,1152,任务：钢化你心,0.472203,0.000114
1337,尊我为王,1358,弹球,0.490207,0.000025
1118,会心治疗,2024,由暴生急,0.4715,0.000156
1002,尖端发明家,1034,防护面纱,0.458145,0.000143
1211,杀戮时间到了,1401,生机迸发,0.461024,0.000093
1060,海洋龙魂,1187,闪光弹,0.485703,0.000038
1025,俯冲轰炸,1314,强力护盾,0.484303,0.000118
1086,精准奇才,1107,接二连三,0.426928,0.000088
1006,利刃华尔兹,1007,大力,0.487562,0.000331
1029,虚幻武器,1152,任务：钢化你心,0.503192,0.001365
1225,双刀流,2001,当心小蛋糕！,0.556865,0.000117
1308,火狐,1315,快中求稳,0.541769,0.000044
1063,狂徒豪气,1379,未知符文_1379,0.41532,0
1081,踢踏舞,1358,弹球,0.436,0.000038
1391,红包,2001,当心小蛋糕！,0.548463,0.003995
1086,精准奇才,1332,不祥契约,0.480038,0.000041
1028,侵蚀,1418,砸开那颗蛋,0.488372,0.000001
1373,缩小引擎,1996,升级：耀光,0.511689,0.000239
1082,残暴之力,1379,未知符文_1379,0.422573,0.000001
1011,你摸不到,1413,和我一起困在这里,0.456869,0.000006
1112,终极不可阻挡,1333,逃跑计划,0.516263,0.000189
1074,缩小射线,1097,巫师式思考,0.45534,0.00024
1015,死亡之环,1081,踢踏舞,0.458412,0.000029
1030,尤里卡,1243,质变：混沌,0.511088,0.000447
1025,俯冲轰炸,1320,升级：收集者,0.498055,0.00035
1085,折磨者,1402,属性叠属性叠属性！,0.487497,0.000014
1105,家园卫士,1152,任务：钢化你心,0.495322,0.000298
1088,终极刷新,1225,双刀流,0.47536,0.000136
1013,星界躯体,1038,有始有终,0.471561,0.000208
1250,一板一眼,1341,帽上加帽,0.416044,0.000027
1237,质变：黄金阶,1321,砍伤,0.494432,0.000184
1025,俯冲轰炸,1388,无限循环往复,0.50051,0.000269
1004,回归基本功,1211,杀戮时间到了,0.657143,0
1156,任务：沃格勒特的巫师帽,1323,残忍,0.494035,0.000137
1067,古式佳酿,1077,灵魂虹吸,0.476685,0.000207
1098,急急小子,1329,史上最大雪球,0.466482,0.000057
1373,缩小引擎,1392,神圣雪球,0.464366,0.000074
1073,暗影疾奔,1187,闪光弹,0.505542,0.000192
1342,雪球扭蛋机,2004,信念者的强化,0.464723,0.00001
1113,老练狙神,2006,飞身踢,0.448279,0.000096
1134,亮出你的剑,1404,属性！,0.637891,0.00004
1326,夜狩,2010,双发快射,0.480737,0.000116
1087,台风,1330,活力再生,0.451557,0.000178
1084,穿针引线,1194,精怪魔法,0.457855,0.000318
1020,黎明使者的坚决,1361,任务：艾卡西亚的陷落,0.540805,0.000083
1019,全凭身法,1057,山脉龙魂,0.459573,0.000056
1018,巨像的勇气,1067,古式佳酿,0.462962,0.000433
1045,炼狱导管,1134,亮出你的剑,0.515154,0.000037
1141,全心为你,1206,魔法转物理,0.440109,0.000008
1073,暗影疾奔,1238,质变：棱彩阶,0.538476,0.001174
1007,大力,1314,强力护盾,0.503413,0.000061
1081,踢踏舞,1195,巨人杀手,0.53827,0.000914
1322,罪恶快感,1397,地狱三头犬,0.468457,0.000607
1044,冰寒,1308,火狐,0.530416,0.000305
1204,叠角龙,1338,升级：狂妄,0.539548,0.00001
1027,大地苏醒,1316,刃下生风,0.49447,0.000095
1170,万用瞄准镜,1996,升级：耀光,0.487183,0.000391
1319,升级：献祭,1347,吵闹鬼,0.460591,0.000021
1026,唯快不破,1054,物法皆修,0.462427,0.000053
1075,慢炖,1375,吞噬灵魂,0.511632,0.001034
1039,冰霜 幽灵,1084,穿针引线,0.447236,0.000183
1002,尖端发明家,1151,面包和奶酪,0.460968,0.000365
1206,魔法转物理,2009,狂热者,0.49549,0.000186
1022,灵巧,1318,升级：中娅,0.468285,0.000038
1080,会心防御,1406,祖母的辣椒油,0.503441,0.000051
1006,利刃华尔兹,1041,歌利亚巨人,0.482051,0.000373
1150,面包和果酱,2004,信念者的强化,0.483424,0.000021
1069,退敌力场,1361,任务：艾卡西亚的陷落,0.482744,0.000018
1077,灵魂虹吸,2026,杀意翻涌,0.490054,0.000097
1104,仆从大师,1384,捐赠,0.523942,0.000031
1154,任务：海牛阿福的勇士,1180,超强大脑,0.485241,0.000064
1077,灵魂虹吸,1151,面包和奶酪,0.476983,0.000235
1403,属性叠属性！,1404,属性！,0.620311,0.000602
1011,你摸不到,1115,最万用的瞄准镜,0.451929,0.000105
1149,不动如山,1204,叠角龙,0.484845,0.000022
1225,双刀流,1326,夜狩,0.525711,0.000475
0,无符文,2024,由暴生急,0.559258,0.003842
1029,虚幻武器,2007,你肩上的恶魔,0.418391,0.000037
1328,暴击律动,1415,双生火焰,0.465421,0.000207
1373,缩小引擎,1401,生机迸发,0.505884,0.000173
1337,尊我为王,1338,升级：狂妄,0.515984,0.000253
1034,防护面纱,1154,任务：海牛阿福的勇士,0.498869,0.000061
1112,终极不可阻挡,1220,连拨击锤,0.442143,0.000089
1069,退敌力场,1237,质变：黄金阶,0.455309,0.000077
1056,由心及物,2001,当心小蛋糕！,0.516616,0.000282
1403,属性叠属性！,1996,升级：耀光,0.530933,0.000069
1045,炼狱导管,1403,属性叠属性！,0.549574,0.000164
1011,你摸不到,1032,裁决使,0.456392,0.000608
1075,慢炖,1308,火狐,0.501429,0.000126
1064,坚韧,1225,双刀流,0.493048,0.000147
1087,台风,1397,地狱三头犬,0.45999,0.000372
1204,叠角龙,1332,不祥契约,0.472456,0.000013
1095,风语者的祝福,1402,属性叠属性叠属性！,0.507077,0.000007
1361,任务：艾卡西亚的陷落,1384,捐赠,0.558922,0.000215
1348,闪闪现现,2026,杀意翻涌,0.462822,0
1073,暗影疾奔,1346,吸血习性,0.55662,0.002987
1038,有始有终,1198,圣火,0.470065,0.000078
1313,作弊：我能回城！,1402,属性叠属性叠属性！,0.494876,0.00006
1996,升级：耀光,2010,双发快射,0.487723,0.000133
1112,终极不可阻挡,1338,升级：狂妄,0.463756,0.000388
1056,由心及物,1328,暴击律动,0.470468,0.000051
1029,虚幻武器,1073,暗影疾奔,0.521017,0.000536
1250,一板一眼,1324,蛋白粉奶昔,0.419961,0.000052
1068,循环往复,1113,老练狙神,0.491907,0.001116
1004,回归基本功,2016,注魔,0.527534,0.000038
1044,冰寒,1136,扇巴掌,0.495189,0.000726
1022,灵巧,1088,终极刷新,0.4599,0.00024
1042,恶趣味,1069,退敌力场,0.443823,0.000038
1015,死亡之环,1077,灵魂虹吸,0.44037,0.000054
1006,利刃华尔兹,1329,史上最大雪球,0.615385,0
1027,大地苏醒,1238,质变：棱彩阶,0.51361,0.000263
1328,暴击律动,1353,坦克引擎,0.500956,0.000258
1098,急急小子,1129,神射法师,0.484225,0.0002
2003,魄罗之王的弹跳,2010,双发快射,0.451336,0.000019
1046,炼狱龙魂,1079,战争交响乐,0.452296,0.00046
1225,双刀流,1342,雪球扭蛋机,0.492658,0.000113
1013,星界躯体,1356,暴击飞弹,0.490842,0.000025
1077,灵魂虹吸,1348,闪闪现现,0.450408,0.00003
1081,踢踏舞,1084,穿针引线,0.472167,0.000733
1151,面包和奶酪,1384,捐赠,0.502521,0.000218
1079,战争交响乐,1097,巫师式思考,0.461613,0.000086
1025,俯冲轰炸,1414,卡皮巴拉空投,0.461772,0.000044
1019,全凭身法,1027,大地苏醒,0.50308,0.000249
1400,最终都市列车,2003,魄罗之王的弹跳,0.510679,0.000059
1050,基石法师,1414,卡皮巴拉空投,0.443804,0.000024
1027,大地苏醒,1038,有始有终,0.498957,0.000079
1113,老练狙神,1204,叠角龙,0.521142,0.000028
1087,台风,1384,捐赠,0.513092,0.000267
1321,砍伤,1392,神圣雪球,0.444944,0.000012
1373,缩小引擎,1375,吞噬灵魂,0.540876,0.002857
1050,基石法师,1181,重量级打击手,0.47526,0.000097
1092,易损,1225,双刀流,0.536998,0.000731
1035,感受燃烧,1243,质变：混沌,0.512463,0.000171
1042,恶趣味,1400,最终都市列车,0.49677,0.000079
1052,闪电打击,1066,量子计算,0.456769,0.000132
1032,裁决使,1339,激光治疗,0.476715,0.000075
1150,面包和果酱,1349,终极唤醒,0.451869,0.000173
1053,科学狂人,1071,更万用的瞄准镜,0.529074,0.000342
1322,罪恶快感,2001,当心小蛋糕！,0.508495,0.000238
1301,神圣干预,1324,蛋白粉奶昔,0.460378,0.000157
1105,家园卫士,1342,雪球扭蛋机,0.511572,0.000112
1086,精准奇才,1087,台风,0.432813,0.000125
1195,巨人杀手,2016,注魔,0.523513,0.000181
1338,升级：狂妄,2003,魄罗之王的弹跳,0.481928,0.000092
1009,霸符兄弟,1391,红包,0.57143,0.00023
1011,你摸不到,1386,转得我眩晕了,0.393134,0.000001
1030,尤里卡,1379,未知符文_1379,0.449675,0.000002
1321,砍伤,1336,升级：无尽之刃,0.4928,0.000155
1022,灵巧,1356,暴击飞弹,0.542974,0.000683
1069,退敌力场,1328,暴击律动,0.473332,0.000146
1391,红包,2018,纯粹主义者 - 术师,0.536628,0.000161
1308,火狐,1404,属性！,0.550832,0.000046
1313,作弊：我能回城！,1405,速度恶魔,0.490697,0.000299
1085,折磨者,1149,不动如山,0.462813,0.000258
1301,神圣干预,1344,最终形态,0.478112,0.000248
1022,灵巧,1113,老练狙神,0.449411,0.00051
1392,神圣雪球,2007,你肩上的恶魔,0.413982,0.000007
1152,任务：钢化你心,1390,超凡邪恶,0.487144,0.002573
1320,升级：收集者,1326,夜狩,0.449856,0.001156
1156,任务：沃格勒特的巫师帽,1372,小猫咪找妈妈,0.487054,0.000009
1038,有始有终,1323,残忍,0.50076,0.000299
1103,面包和黄油,1325,玻璃大炮,0.439666,0.000212
1325,玻璃大炮,1333,逃跑计划,0.503728,0.000141
1026,唯快不破,1208,轨道镭射,0.474982,0.000011
1170,万用瞄准镜,1411,升级：荆棘之甲,0.503944,0.000016
1379,未知符文_1379,2006,飞身踢,0.41787,0.000001
1327,坚若磐石,1346,吸血习性,0.466261,0.000296
1056,由心及物,1316,刃下生风,0.486271,0.000037
1401,生机迸发,1418,砸开那颗蛋,0.480873,0.000003
1006,利刃华尔兹,1411,升级：荆棘之甲,0.490426,0.000023
1050,基石法师,1342,雪球扭蛋机,0.481771,0.000099
1038,有始有终,1068,循环往复,0.523619,0.001112
1058,秘术冲拳,1061,回力OK镖,0.461007,0.000099
1105,家园卫士,1322,罪恶快感,0.506854,0.000475
1250,一板一眼,1403,属性叠属性！,0.522461,0.000118
1151,面包和奶酪,1404,属性！,0.506335,0.000045
12317,潘朵拉的盒子,1326,夜狩,0.499839,0.000001
1084,穿针引线,1373,缩小引擎,0.490578,0.000782
1092,易损,1379,未知符文_1379,0.435373,0.000002
1037,急救用具,1072,炽烈黎明,0.469767,0.000071
1015,死亡之环,1019,全凭身法,0.483769,0.000037
1030,尤里卡,1310,小丑学院,0.525698,0.000329
1152,任务：钢化你心,1391,红包,0.518955,0.000433
1116,闪现向前,1340,升级：米凯尔的祝福,0.508173,0.000004
1068,循环往复,1129,神射法师,0.492922,0.000854
1170,万用瞄准镜,2007,你肩上的恶魔,0.425023,0.000035
1356,暴击飞弹,1375,吞噬灵魂,0.478058,0.000029
1116,闪现向前,2006,飞身踢,0.47036,0.000065
1057,山脉龙魂,1205,物理转魔法,0.471516,0.000123
1027,大地苏醒,1075,慢炖,0.46344,0.000057
1009,霸符兄弟,1337,尊我为王,0.528694,0.000069
1060,海洋龙魂,1310,小丑学院,0.517772,0.000194
1023,魔鬼之舞,1068,循环往复,0.505671,0.000278
1007,大力,2005,扳机炼狱,0.472708,0.000077
1386,转得我眩晕了,1405,速度恶魔,0.461051,0.000001
1068,循环往复,1195,巨人杀手,0.544607,0.002046
1088,终极刷新,1180,超强大脑,0.475187,0.000178
1314,强力护盾,1336,升级：无尽之刃,0.473668,0.000054
1053,科学狂人,1331,至高天诺言,0.478113,0.000009
1054,物法皆修,1326,夜狩,0.412534,0.000118
1042,恶趣味,1414,卡皮巴拉空投,0.442215,0.000021
1064,坚韧,1105,家园卫士,0.493299,0.000211
1077,灵魂虹吸,1305,练腿日,0.504205,0.000288
1339,激光治疗,1361,任务：艾卡西亚的陷落,0.50207,0.000003
1068,循环往复,1413,和我一起困在这里,0.475063,0.000026
1390,超凡邪恶,1418,砸开那颗蛋,0.497914,0.000018
1058,秘术冲拳,1180,超强大脑,0.45053,0.000062
1004,回归基本功,1204,叠角龙,0.56904,0.000015
1373,缩小引擎,1402,属性叠属性叠属性！,0.530372,0.000098
1087,台风,1418,砸开那颗蛋,0.45125,0
1080,会心防御,1331,至高天诺言,0.447553,0.000008
1315,快中求稳,2008,负重爆气,0.516407,0.000139
1057,山脉龙魂,2024,由暴生急,0.439019,0.000005
1097,巫师式思考,1375,吞噬灵魂,0.47734,0.000232
1108,自我毁灭,1390,超凡邪恶,0.48465,0.000463
1082,残暴之力,1388,无限循环往复,0.473211,0.000256
1181,重量级打击手,1333,逃跑计划,0.553437,0.00058
1154,任务：海牛阿福的勇士,1418,砸开那颗蛋,0.477965,0.000001
1330,活力再生,1414,卡皮巴拉空投,0.414915,0.000004
1062,全能龙魂,1069,退敌力场,0.469125,0.000051
1206,魔法转物理,1344,最终形态,0.515567,0.000513
1057,山脉龙魂,1415,双生火焰,0.460977,0.000015
1035,感受燃烧,2009,狂热者,0.470602,0.000027
1339,激光治疗,1345,心灵净化,0.46409,0.000069
1326,夜狩,1421,舞会女王,0.474777,0.000053
1020,黎明使者的坚决,1141,全心为你,0.459419,0.000043
1042,恶趣味,1050,基石法师,0.470947,0.000082
1361,任务：艾卡西亚的陷落,2007,你肩上的恶魔,0.429462,0.000007
1071,更万用的瞄准镜,1214,旋转至胜,0.49693,0.000137
1056,由心及物,1064,坚韧,0.472327,0.000711
1002,尖端发明家,1039,冰霜 幽灵,0.474651,0.000482
1057,山脉龙魂,1225,双刀流,0.49955,0.000065
1086,精准奇才,1103,面包和黄油,0.469752,0.000215
1075,慢炖,1206,魔法转物理,0.485767,0.000124
1022,灵巧,1076,天音爆,0.475531,0.000023
1006,利刃华尔兹,1333,逃跑计划,0.516845,0.000329
1060,海洋龙魂,2008,负重爆气,0.507781,0.000173
1156,任务：沃格勒特的巫师帽,1409,魄罗爆破手,0.505138,0.000422
1311,溢流,1319,升级：献祭,0.472703,0.000107
1030,尤里卡,1325,玻璃大炮,0.484544,0.000291
1028,侵蚀,1349,终极唤醒,0.484951,0.000127
1113,老练狙神,1341,帽上加帽,0.473209,0.001028
1334,升级：雪球,1375,吞噬灵魂,0.462159,0.000212
1037,急救用具,1338,升级：狂妄,0.488251,0.000155
1152,任务：钢化你心,1311,溢流,0.454189,0.000403
1103,面包和黄油,1315,快中求稳,0.505956,0.000336
1045,炼狱导管,1136,扇巴掌,0.509991,0.000969
1048,珠光护手,1327,坚若磐石,0.441152,0.000188
1151,面包和奶酪,1194,精怪魔法,0.457707,0.00013
1116,闪现向前,1225,双刀流,0.523862,0.000086
1064,坚韧,1104,仆从大师,0.47224,0.000037
1070,无休回复,1129,神射法师,0.499763,0.000172
1011,你摸不到,1195,巨人杀手,0.506031,0.000213
1320,升级：收集者,2016,注魔,0.458857,0.000039
2004,信念者的强化,2005,扳机炼狱,0.424258,0.000001
1105,家园卫士,1129,神射法师,0.512206,0.000259
1402,属性叠属性叠属性！,1420,咏叹奏鸣,0.555751,0.000022
1332,不祥契约,1358,弹球,0.45519,0.000036
2001,当心小蛋糕！,2006,飞身踢,0.487465,0.000101
1334,升级：雪球,1346,吸血习性,0.511223,0.001002
1098,急急小子,1334,升级：雪球,0.483527,0.000089
1402,属性叠属性叠属性！,1418,砸开那颗蛋,0.491205,0.000001
1036,火上浇油,1391,红包,0.542486,0.000219
1029,虚幻武器,1187,闪光弹,0.484207,0.000111
1047,关键暴击,1118,会心治疗,0.479166,0.001306
1054,物法皆修,2004,信念者的强化,0.437678,0.000001
1084,穿针引线,1404,属性！,0.512199,0.000131
1035,感受燃烧,1087,台风,0.461681,0.000055
1325,玻璃大炮,2004,信念者的强化,0.453844,0.000001
1050,基石法师,1087,台风,0.452981,0.000062
1050,基石法师,1064,坚韧,0.468758,0.000177
1347,吵闹鬼,1421,舞会女王,0.474227,0.000005
1006,利刃华尔兹,1208,轨道镭射,0.5,0
1020,黎明使者的坚决,1082,残暴之力,0.483224,0.000117
1034,防护面纱,1141,全心为你,0.475321,0.000041
1345,心灵净化,1353,坦克引擎,0.471831,0.002006
1004,回归基本功,1081,踢踏舞,0.480361,0.00015
1006,利刃华尔兹,2005,扳机炼狱,0.455396,0.000056
1154,任务：海牛阿福的勇士,1356,暴击飞弹,0.522088,0.000036
1205,物理转魔法,1311,溢流,0.543729,0.002877
1073,暗影疾奔,1205,物理转魔法,0.510411,0.000394
1308,火狐,1323,残忍,0.516257,0.00015
1063,狂徒豪气,1074,缩小射线,0.487048,0.000191
1004,回归基本功,1149,不动如山,0.477055,0.000064
1056,由心及物,1416,海克斯科技龙魂,0.508041,0.000063
1311,溢流,1317,升级：弯刀,0.417794,0.000005
1314,强力护盾,1328,暴击律动,0.444,0.000005
1070,无休回复,1403,属性叠属性！,0.542011,0.000047
1220,连拨击锤,1379,未知符文_1379,0.454757,0.000001
1046,炼狱龙魂,1112,终极不可阻挡,0.454438,0.000209
1138,渴血,1181,重量级打击手,0.511194,0.000731
1084,穿针引线,1104,仆从大师,0.49194,0.000104
1323,残忍,1361,任务：艾卡西亚的陷落,0.537334,0.000066
1206,魔法转物理,1238,质变：棱彩阶,0.523167,0.001081
1151,面包和奶酪,1316,刃下生风,0.464679,0.000119
1314,强力护盾,1405,速度恶魔,0.466308,0.000041
1214,旋转至胜,1327,坚若磐石,0.463644,0.000012
1073,暗影疾奔,1373,缩小引擎,0.521358,0.000481
1068,循环往复,1347,吵闹鬼,0.482385,0.0001
1415,双生火焰,1420,咏叹奏鸣,0.528867,0.000137
1098,急急小子,1315,快中求稳,0.504044,0.000084
1421,舞会女王,2008,负重爆气,0.498056,0.000058
1250,一板一眼,1349,终极唤醒,0.441985,0.000165
1194,精怪魔法,1335,夺金,0.470857,0.000024
1069,退敌力场,1356,暴击飞弹,0.474176,0.00003
1334,升级：雪球,2024,由暴生急,0.445567,0.000037
1062,全能龙魂,1181,重量级打击手,0.528906,0.000231
1042,恶趣味,1348,闪闪现现,0.450625,0.000012
1018,巨像的勇气,1311,溢流,0.466408,0.000131
1107,接二连三,2016,注魔,0.445223,0.000038
1036,火上浇油,1115,最万用的瞄准镜,0.49355,0.00073
1077,灵魂虹吸,1237,质变：黄金阶,0.505216,0.000337
1092,易损,2005,扳机炼狱,0.453239,0.000067
1025,俯冲轰炸,1051,点亮他们！,0.490668,0.000079
1305,练腿日,1392,神圣雪球,0.459934,0.000043
1330,活力再生,2026,杀意翻涌,0.478735,0.000009
1098,急急小子,1384,捐赠,0.522392,0.000106
1129,神射法师,1334,升级：雪球,0.482167,0.000254
1039,冰霜 幽灵,1045,炼狱导管,0.471582,0.00022
1015,死亡之环,1092,易损,0.454142,0.000099
1097,巫师式思考,1150,面包和果酱,0.473754,0.000589
1034,防护面纱,1113,老练狙神,0.486864,0.000318
1150,面包和果酱,1328,暴击律动,0.469664,0.000168
1071,更万用的瞄准镜,2005,扳机炼狱,0.45209,0.000113
1022,灵巧,1027,大地苏醒,0.488477,0.000117
1028,侵蚀,1313,作弊：我能回城！,0.49688,0.000346
1136,扇巴掌,2024,由暴生急,0.47212,0.00004
1105,家园卫士,1405,速度恶魔,0.530519,0.000149
1002,尖端发明家,1206,魔法转物理,0.449866,0.000299
1050,基石法师,1072,炽烈黎明,0.489763,0.000133
1054,物法皆修,1056,由心及物,0.447889,0.000126
1002,尖端发明家,1150,面包和果酱,0.460351,0.000361
1038,有始有终,1151,面包和奶酪,0.509452,0.000543
1038,有始有终,1379,未知符文_1379,0.445599,0.000003
1018,巨像的勇气,1068,循环往复,0.491087,0.000273
1087,台风,1319,升级：献祭,0.485362,0.000028
1038,有始有终,1041,歌利亚巨人,0.503646,0.000565
12317,潘朵拉的盒子,1346,吸血习性,0.523932,0.000005
1150,面包和果酱,1413,和我一起困在这里,0.451446,0.000011
1088,终极刷新,1349,终极唤醒,0.44802,0.000236
1058,秘术冲拳,1409,魄罗爆破手,0.459494,0.000203
1061,回力OK镖,2007,你肩上的恶魔,0.446911,0.000016
2003,魄罗之王的弹跳,2009,狂热者,0.460776,0.000027
1034,防护面纱,1390,超凡邪恶,0.499397,0.000286
1076,天音爆,1323,残忍,0.480977,0.000063
1053,科学狂人,1116,闪现向前,0.50428,0.000031
1092,易损,1129,神射法师,0.470129,0.000443
1068,循环往复,1086,精准奇才,0.490056,0.000231
1301,神圣干预,1397,地狱三头犬,0.445466,0.000057
1084,穿针引线,1361,任务：艾卡西亚的陷落,0.486572,0.000042
1149,不动如山,1154,任务：海牛阿福的勇士,0.450698,0.000046
1250,一板一眼,2006,飞身踢,0.47122,0.000212
1384,捐赠,1389,男爵之手,0.563331,0.000038
1104,仆从大师,1348,闪闪现现,0.475459,0.000004
1092,易损,1151,面包和奶酪,0.490824,0.00042
1045,炼狱导管,1075,慢炖,0.496792,0.000284
1077,灵魂虹吸,1353,坦克引擎,0.477966,0.000471
1333,逃跑计划,1334,升级：雪球,0.529767,0.000349
1133,魔法飞弹,1403,属性叠属性！,0.519092,0.000326
1187,闪光弹,1315,快中求稳,0.514643,0.000098
1112,终极不可阻挡,2018,纯粹主义者 - 术师,0.437867,0.000019
1039,冰霜 幽灵,1344,最终形态,0.475803,0.000304
1011,你摸不到,1420,咏叹奏鸣,0.505107,0.000035
1379,未知符文_1379,1414,卡皮巴拉空投,0.40143,0
1002,尖端发明家,1195,巨人杀手,0.494002,0.000637
1036,火上浇油,2018,纯粹主义者 - 术师,0.422837,0.000037
1206,魔法转物理,1333,逃跑计划,0.553389,0.000366
1392,神圣雪球,1421,舞会女王,0.470173,0.00001
1023,魔鬼之舞,1095,风语者的祝福,0.477767,0.000063
1079,战争交响乐,1313,作弊：我能回城！,0.467634,0.000355
1356,暴击飞弹,1406,祖母的辣椒油,0.517729,0.000203
1211,杀戮时间到了,1388,无限循环往复,0.487008,0.000461
1334,升级：雪球,1411,升级：荆棘之甲,0.506484,0.000083
1072,炽烈黎明,1404,属性！,0.519618,0.000012
1335,夺金,1338,升级：狂妄,0.494678,0.000114
1035,感受燃烧,1225,双刀流,0.494871,0.000106
1316,刃下生风,1403,属性叠属性！,0.558546,0.000044
1019,全凭身法,1333,逃跑计划,0.528818,0.000367
1062,全能龙魂,1319,升级：献祭,0.513902,0.000093
1320,升级：收集者,1328,暴击律动,0.496586,0.001999
1069,退敌力场,1392,神圣雪球,0.414827,0.000014
1097,巫师式思考,1198,圣火,0.459293,0.00019
1195,巨人杀手,1349,终极唤醒,0.511246,0.000295
1152,任务：钢化你心,1204,叠角龙,0.517647,0.000061
1308,火狐,1332,不祥契约,0.500195,0.000118
1086,精准奇才,1327,坚若磐石,0.457768,0.000022
1389,男爵之手,1416,海克斯科技龙魂,0.522298,0.000009
1335,夺金,1397,地狱三头犬,0.472955,0.000022
1036,火上浇油,1340,升级：米凯尔的祝福,0.46744,0.000009
1084,穿针引线,1330,活力再生,0.452622,0.000175
1051,点亮他们！,2004,信念者的强化,0.452333,0.000006
1341,帽上加帽,1356,暴击飞弹,0.462255,0.000085
1194,精怪魔法,1415,双生火焰,0.464093,0.00007
1041,歌利亚巨人,1323,残忍,0.504744,0.000422
1098,急急小子,1403,属性叠属性！,0.551188,0.000049
1020,黎明使者的坚决,1315,快中求稳,0.502318,0.000112
1054,物法皆修,1391,红包,0.513598,0.000164
1329,史上最大雪球,1358,弹球,0.476482,0.001715
1310,小丑学院,1392,神圣雪球,0.75,0
1406,祖母的辣椒油,1418,砸开那颗蛋,0.525776,0.000014
1238,质变：棱彩阶,1401,生机迸发,0.515956,0.000121
1080,会心防御,2006,飞身踢,0.481956,0.000081
1019,全凭身法,1088,终极刷新,0.448502,0.00009
1133,魔法飞弹,1198,圣火,0.468055,0.000332
1009,霸符兄弟,1301,神圣干预,0.494965,0.000106
1050,基石法师,1058,秘术冲拳,0.443026,0.000075
1334,升级：雪球,1335,夺金,0.48315,0.00005
1056,由心及物,1318,升级：中娅,0.493664,0.000278
1019,全凭身法,1074,缩小射线,0.437629,0.000166
1322,罪恶快感,1406,祖母的辣椒油,0.495439,0.000108
1250,一板一眼,1328,暴击律动,0.459204,0.000721
1194,精怪魔法,1322,罪恶快感,0.46095,0.000187
1041,歌利亚巨人,1403,属性叠属性！,0.523874,0.00022
1080,会心防御,1105,家园卫士,0.51935,0.000083
1011,你摸不到,1384,捐赠,0.49541,0.000079
1018,巨像的勇气,1107,接二连三,0.428571,0.000026
1020,黎明使者的坚决,1149,不动如山,0.477196,0.000242
1020,黎明使者的坚决,1152,任务：钢化你心,0.515454,0.001001
1332,不祥契约,1335,夺金,0.494461,0.000026
0,无符文,1211,杀戮时间到了,0.576409,0.032591
1388,无限循环往复,2010,双发快射,0.476381,0.000096
1314,强力护盾,1392,神圣雪球,0.4325,0.000027
1129,神射法师,1317,升级：弯刀,0.365778,0.000002
1072,炽烈黎明,1118,会心治疗,0.454556,0.000104
1347,吵闹鬼,1418,砸开那颗蛋,0.453305,0
1314,强力护盾,2018,纯粹主义者 - 术师,0.438113,0.000008
1301,神圣干预,1318,升级：中娅,0.469401,0.000131
1205,物理转魔法,1338,升级：狂妄,0.412202,0.000125
1328,暴击律动,1386,转得我眩晕了,0.443824,0.000001
1035,感受燃烧,1372,小猫咪找妈妈,0.50286,0.000029
1204,叠角龙,1208,轨道镭射,0.493462,0.000005
1331,至高天诺言,1413,和我一起困在这里,0.482379,0
1004,回归基本功,1348,闪闪现现,0.474369,0.000018
1036,火上浇油,1087,台风,0.491714,0.001018
1030,尤里卡,1133,魔法飞弹,0.522019,0.006382
1076,天音爆,1138,渴血,0.457383,0.000019
1391,红包,2010,双发快射,0.576483,0.000197
1187,闪光弹,2009,狂热者,0.51184,0
1204,叠角龙,1310,小丑学院,0.502258,0.000008
1057,山脉龙魂,1151,面包和奶酪,0.465043,0.000117
1044,冰寒,1347,吵闹鬼,0.485525,0.000079
1401,生机迸发,1421,舞会女王,0.504249,0.000047
1035,感受燃烧,1397,地狱三头犬,0.469696,0.000072
1333,逃跑计划,1389,男爵之手,0.568004,0.000015
1013,星界躯体,1329,史上最大雪球,0.464816,0.000276
1070,无休回复,2016,注魔,0.482439,0.000016
1348,闪闪现现,2018,纯粹主义者 - 术师,0.437811,0
1317,升级：弯刀,1318,升级：中娅,0.344828,0
1082,残暴之力,1390,超凡邪恶,0.454727,0.000076
1181,重量级打击手,1328,暴击律动,0.477384,0.000108
1075,慢炖,1401,生机迸发,0.520169,0.000145
1071,更万用的瞄准镜,1420,咏叹奏鸣,0.515738,0.000243
1006,利刃华尔兹,1414,卡皮巴拉空投,0.666667,0
1156,任务：沃格勒特的巫师帽,1334,升级：雪球,0.510882,0.000247
1019,全凭身法,1384,捐赠,0.510508,0.000279
1327,坚若磐石,2001,当心小蛋糕！,0.468802,0.000061
1018,巨像的勇气,1206,魔法转物理,0.448419,0.000032
1042,恶趣味,1335,夺金,0.471847,0.000044
1115,最万用的瞄准镜,1326,夜狩,0.470872,0.000285
1019,全凭身法,1415,双生火焰,0.464691,0.000062
1095,风语者的祝福,1118,会心治疗,0.487181,0.000956
1015,死亡之环,1151,面包和奶酪,0.466638,0.000129
1064,坚韧,1415,双生火焰,0.461028,0.000058
1046,炼狱龙魂,1113,老练狙神,0.464184,0.001195
1050,基石法师,2006,飞身踢,0.468326,0.000056
1322,罪恶快感,2002,虚空裂隙,0.47578,0.000051
1322,罪恶快感,1328,暴击律动,0.50087,0.002226
1088,终极刷新,1237,质变：黄金阶,0.459189,0.000188
1069,退敌力场,1107,接二连三,0.452864,0.000132
1076,天音爆,1338,升级：狂妄,0.449625,0.000014
1156,任务：沃格勒特的巫师帽,1335,夺金,0.509917,0.000043
1048,珠光护手,1347,吵闹鬼,0.462199,0.00015
1154,任务：海牛阿福的勇士,2007,你肩上的恶魔,0.459659,0.000005
1205,物理转魔法,1996,升级：耀光,0.49027,0.000198
1060,海洋龙魂,1116,闪现向前,0.488988,0.000032
1103,面包和黄油,1220,连拨击锤,0.448249,0.000269
1002,尖端发明家,1068,循环往复,0.477799,0.000699
1015,死亡之环,1042,恶趣味,0.530175,0.000275
1071,更万用的瞄准镜,2006,飞身踢,0.487126,0.000343
1214,旋转至胜,1413,和我一起困在这里,0.463082,0.000009
1220,连拨击锤,1372,小猫咪找妈妈,0.442515,0.000006
1054,物法皆修,1413,和我一起困在这里,0.435411,0.000004
1105,家园卫士,1356,暴击飞弹,0.53197,0.000077
1066,量子计算,1413,和我一起困在这里,0.480025,0.000008
1211,杀戮时间到了,1345,心灵净化,0.475868,0.001556
1328,暴击律动,1330,活力再生,0.470207,0.000374
1108,自我毁灭,1391,红包,0.539146,0.000306
1061,回力OK镖,1322,罪恶快感,0.486217,0.000178
1022,灵巧,1416,海克斯科技龙魂,0.489764,0.000088
1002,尖端发明家,1403,属性叠属性！,0.48847,0.000143
1058,秘术冲拳,1375,吞噬灵魂,0.480284,0.000182
1052,闪电打击,1318,升级：中娅,0.4524,0.000027
1004,回归基本功,1056,由心及物,0.591733,0.000398
1028,侵蚀,1330,活力再生,0.462124,0.00002
1344,最终形态,2009,狂热者,0.521147,0.000102
1069,退敌力场,1181,重量级打击手,0.468128,0.000116
1038,有始有终,1345,心灵净化,0.498151,0.001014
1113,老练狙神,2018,纯粹主义者 - 术师,0.463961,0.000136
1045,炼狱导管,1195,巨人杀手,0.571738,0.001142
1067,古式佳酿,1134,亮出你的剑,0.555267,0.000051
1335,夺金,1421,舞会女王,0.498103,0.000005
1015,死亡之环,1113,老练狙神,0.439315,0.000059
1034,防护面纱,1330,活力再生,0.478616,0.000026
1334,升级：雪球,1418,砸开那颗蛋,0.479512,0.000006
1133,魔法飞弹,1136,扇巴掌,0.502953,0.001152
1074,缩小射线,1208,轨道镭射,0.443532,0.000029
1036,火上浇油,1406,祖母的辣椒油,0.531746,0.000395
1037,急救用具,1320,升级：收集者,0.464991,0.00004
1134,亮出你的剑,1332,不祥契约,0.501087,0.00002
1326,夜狩,2008,负重爆气,0.443966,0.000238
1108,自我毁灭,2002,虚空裂隙,0.507807,0.000097
1004,回归基本功,1214,旋转至胜,0.565199,0.000077
1133,魔法飞弹,1194,精怪魔法,0.477501,0.000527
1036,火上浇油,1390,超凡邪恶,0.475613,0.000397
1149,不动如山,1325,玻璃大炮,0.42636,0.000025
2007,你肩上的恶魔,2009,狂热者,0.444143,0.00003
1243,质变：混沌,1333,逃跑计划,0.534952,0.000483
1074,缩小射线,1315,快中求稳,0.48703,0.000185
1046,炼狱龙魂,1204,叠角龙,0.517488,0.000024
1097,巫师式思考,1324,蛋白粉奶昔,0.452686,0.000156
1107,接二连三,1401,生机迸发,0.490625,0.000082
1225,双刀流,1404,属性！,0.578856,0.000091
1086,精准奇才,1372,小猫咪找妈妈,0.468969,0.000005
1026,唯快不破,1080,会心防御,0.511791,0.000048
1062,全能龙魂,1098,急急小子,0.496223,0.000077
1397,地狱三头犬,1416,海克斯科技龙魂,0.455735,0.000031
1097,巫师式思考,1187,闪光弹,0.475867,0.00005
1225,双刀流,1391,红包,0.613928,0.000539
1002,尖端发明家,1411,升级：荆棘之甲,0.504848,0.000214
1046,炼狱龙魂,1332,不祥契约,0.469756,0.000153
1052,闪电打击,1237,质变：黄金阶,0.504189,0.000449
1007,大力,1331,至高天诺言,0.413025,0.000002
1048,珠光护手,1195,巨人杀手,0.535041,0.002352
1319,升级：献祭,2003,魄罗之王的弹跳,0.487495,0.000053
1358,弹球,2005,扳机炼狱,0.420629,0.000037
1087,台风,1416,海克斯科技龙魂,0.458808,0.000053
1015,死亡之环,1358,弹球,0.447335,0.000034
1020,黎明使者的坚决,1406,祖母的辣椒油,0.507225,0.000105
1194,精怪魔法,1353,坦克引擎,0.456054,0.000322
1181,重量级打击手,1237,质变：黄金阶,0.521403,0.000491
1390,超凡邪恶,1401,生机迸发,0.491393,0.00028
1211,杀戮时间到了,1214,旋转至胜,0.490782,0.000198
1041,歌利亚巨人,2005,扳机炼狱,0.46928,0.000074
1063,狂徒豪气,1305,练腿日,0.514177,0.000161
1116,闪现向前,1322,罪恶快感,0.473605,0.000127
1030,尤里卡,1238,质变：棱彩阶,0.525595,0.002289
1080,会心防御,1342,雪球扭蛋机,0.484046,0.000065
1105,家园卫士,1339,激光治疗,0.494016,0.000027
1133,魔法飞弹,2001,当心小蛋糕！,0.495281,0.000408
1013,星界躯体,2024,由暴生急,0.434674,0.000019
1346,吸血习性,2024,由暴生急,0.496021,0.000374
1042,恶趣味,1329,史上最大雪球,0.470762,0.00012
1389,男爵之手,1400,最终都市列车,0.554258,0.000021
1051,点亮他们！,1341,帽上加帽,0.467726,0.000096
1036,火上浇油,1323,残忍,0.456542,0.000076
1068,循环往复,1250,一板一眼,0.482671,0.000536
1042,恶趣味,1118,会心治疗,0.457225,0.000392
1027,大地苏醒,1187,闪光弹,0.479599,0.00005
1220,连拨击锤,1340,升级：米凯尔的祝福,0.450569,0.000006
1026,唯快不破,1415,双生火焰,0.498951,0.000025
1305,练腿日,1416,海克斯科技龙魂,0.491845,0.000037
1388,无限循环往复,2004,信念者的强化,0.524268,0.000019
1098,急急小子,1323,残忍,0.485205,0.000084
1034,防护面纱,1104,仆从大师,0.512309,0.000022
1067,古式佳酿,1113,老练狙神,0.493213,0.000427
1069,退敌力场,1070,无休回复,0.467064,0.000072
1104,仆从大师,1129,神射法师,0.477323,0.000068
1375,吞噬灵魂,1413,和我一起困在这里,0.468951,0.000046
1006,利刃华尔兹,2008,负重爆气,0.452094,0.000145
1018,巨像的勇气,1996,升级：耀光,0.455351,0.000019
1029,虚幻武器,1170,万用瞄准镜,0.469599,0.000438
1030,尤里卡,1315,快中求稳,0.538416,0.000332
1315,快中求稳,1337,尊我为王,0.533338,0.000078
1325,玻璃大炮,1420,咏叹奏鸣,0.49566,0.000049
1023,魔鬼之舞,1088,终极刷新,0.45703,0.000084
1208,轨道镭射,1305,练腿日,0.475446,0.000032
1104,仆从大师,1152,任务：钢化你心,0.475467,0.000049
1108,自我毁灭,1237,质变：黄金阶,0.494227,0.000196
1061,回力OK镖,2018,纯粹主义者 - 术师,0.504373,0.000034
1004,回归基本功,1336,升级：无尽之刃,0.53046,0.000268
1205,物理转魔法,1392,神圣雪球,0.450933,0.000119
1316,刃下生风,1342,雪球扭蛋机,0.483522,0.000085
1321,砍伤,1332,不祥契约,0.476384,0.000031
1170,万用瞄准镜,1384,捐赠,0.521671,0.000328
1105,家园卫士,1415,双生火焰,0.52082,0.000088
1129,神射法师,1401,生机迸发,0.483122,0.000069
1064,坚韧,1338,升级：狂妄,0.469517,0.000302
1086,精准奇才,1409,魄罗爆破手,0.488969,0.000169
1053,科学狂人,1390,超凡邪恶,0.528099,0.000286
1327,坚若磐石,1347,吵闹鬼,0.434858,0.000014
1136,扇巴掌,2008,负重爆气,0.500567,0.000612
1373,缩小引擎,2004,信念者的强化,0.52119,0.000056
1081,踢踏舞,1305,练腿日,0.497442,0.000425
1054,物法皆修,1180,超强大脑,0.446494,0.000083
1015,死亡之环,1409,魄罗爆破手,0.480212,0.00009
1028,侵蚀,1324,蛋白粉奶昔,0.468177,0.000202
1325,玻璃大炮,1341,帽上加帽,0.451869,0.00026
1079,战争交响乐,1103,面包和黄油,0.459781,0.000298
1076,天音爆,1194,精怪魔法,0.467695,0.000033
1048,珠光护手,1067,古式佳酿,0.491462,0.000927
1027,大地苏醒,1206,魔法转物理,0.513573,0.000101
1054,物法皆修,1086,精准奇才,0.429454,0.000049
1340,升级：米凯尔的祝福,1358,弹球,0.499371,0.000007
1113,老练狙神,1338,升级：狂妄,0.463278,0.000658
1004,回归基本功,1405,速度恶魔,0.531969,0.000153
1314,强力护盾,1415,双生火焰,0.458786,0.000014
12317,潘朵拉的盒子,2007,你肩上的恶魔,0.463035,0
1379,未知符文_1379,1388,无限循环往复,0.473251,0.000002
1238,质变：棱彩阶,1333,逃跑计划,0.558031,0.001305
1054,物法皆修,1211,杀戮时间到了,0.444421,0.000231
1023,魔鬼之舞,1327,坚若磐石,0.475604,0.000097
1372,小猫咪找妈妈,1375,吞噬灵魂,0.472521,0.000013
1391,红包,2026,杀意翻涌,0.553813,0.000188
1401,生机迸发,2006,飞身踢,0.494391,0.000159
1007,大力,1075,慢炖,0.504503,0.000115
1073,暗影疾奔,1403,属性叠属性！,0.56697,0.000096
1015,死亡之环,1220,连拨击锤,0.460443,0.000017
1064,坚韧,1136,扇巴掌,0.47997,0.001433
1018,巨像的勇气,1170,万用瞄准镜,0.441219,0.000045
1022,灵巧,1237,质变：黄金阶,0.509148,0.000541
1054,物法皆修,2024,由暴生急,0.437419,0.000075
1072,炽烈黎明,1345,心灵净化,0.477248,0.000233
1013,星界躯体,1391,红包,0.51369,0.000349
1002,尖端发明家,1066,量子计算,0.45935,0.000264
1062,全能龙魂,1336,升级：无尽之刃,0.511844,0.000152
1002,尖端发明家,1187,闪光弹,0.46129,0.000073
1011,你摸不到,1087,台风,0.444882,0.000085
1015,死亡之环,2026,杀意翻涌,0.473174,0.000015
1046,炼狱龙魂,1421,舞会女王,0.485606,0.000039
1027,大地苏醒,1084,穿针引线,0.476069,0.000205
1112,终极不可阻挡,1301,神圣干预,0.445521,0.0001
1136,扇巴掌,1204,叠角龙,0.491805,0.00002
1009,霸符兄弟,1323,残忍,0.511365,0.000151
1194,精怪魔法,1344,最终形态,0.492197,0.00018
1032,裁决使,1072,炽烈黎明,0.481624,0.000403
1098,急急小子,1108,自我毁灭,0.458502,0.000081
1103,面包和黄油,1156,任务：沃格勒特的巫师帽,0.488713,0.000548
1243,质变：混沌,1344,最终形态,0.513875,0.000271
1334,升级：雪球,1347,吵闹鬼,0.333333,0
1149,不动如山,2009,狂热者,0.44934,0.000015
1081,踢踏舞,1098,急急小子,0.45622,0.0002
1044,冰寒,1327,坚若磐石,0.45818,0.000167
1052,闪电打击,1335,夺金,0.493876,0.000114
1067,古式佳酿,1996,升级：耀光,0.511209,0.000165
1194,精怪魔法,1375,吞噬灵魂,0.451761,0.000064
1391,红包,2005,扳机炼狱,0.509301,0.000122
1314,强力护盾,1323,残忍,0.457556,0.000051
1052,闪电打击,2005,扳机炼狱,0.445994,0.000078
1038,有始有终,1335,夺金,0.523352,0.001029
1039,冰霜 幽灵,1105,家园卫士,0.486688,0.000063
1077,灵魂虹吸,1187,闪光弹,0.48431,0.000078
1053,科学狂人,2006,飞身踢,0.526596,0.000076
1372,小猫咪找妈妈,2003,魄罗之王的弹跳,0.464789,0.000002
1029,虚幻武器,1320,升级：收集者,0.458629,0.000504
1029,虚幻武器,1361,任务：艾卡西亚的陷落,0.505447,0.000113
1194,精怪魔法,2018,纯粹主义者 - 术师,0.452875,0.000023
1072,炽烈黎明,2004,信念者的强化,0.473856,0.000008
1340,升级：米凯尔的祝福,1420,咏叹奏鸣,0.602412,0.00024
1027,大地苏醒,1320,升级：收集者,0.470081,0.00014
1074,缩小射线,1319,升级：献祭,0.461151,0.000091
1077,灵魂虹吸,1340,升级：米凯尔的祝福,0.449183,0.000007
1004,回归基本功,1341,帽上加帽,0.532595,0.000171
1205,物理转魔法,1420,咏叹奏鸣,0.559758,0.000362
1373,缩小引擎,1388,无限循环往复,0.528976,0.003429
1315,快中求稳,1411,升级：荆棘之甲,0.529023,0.000017
1198,圣火,1411,升级：荆棘之甲,0.506227,0.00002
1046,炼狱龙魂,1358,弹球,0.455184,0.00018
1038,有始有终,1103,面包和黄油,0.494184,0.000692
1015,死亡之环,1046,炼狱龙魂,0.466006,0.000072
1028,侵蚀,1325,玻璃大炮,0.481457,0.000089
1133,魔法飞弹,1195,巨人杀手,0.548328,0.003893
1112,终极不可阻挡,1334,升级：雪球,0.458822,0.000135
1050,基石法师,1340,升级：米凯尔的祝福,0.540184,0.000071
1069,退敌力场,1071,更万用的瞄准镜,0.469338,0.000212
1026,唯快不破,1115,最万用的瞄准镜,0.498004,0.000125
1052,闪电打击,1104,仆从大师,0.434984,0.000002
1063,狂徒豪气,1308,火狐,0.522849,0.000039
1301,神圣干预,1339,激光治疗,0.481824,0.000047
1323,残忍,1349,终极唤醒,0.486952,0.000074
1061,回力OK镖,1181,重量级打击手,0.502056,0.00013
1029,虚幻武器,1403,属性叠属性！,0.523677,0.000118
1044,冰寒,1316,刃下生风,0.449584,0.000021
1002,尖端发明家,1062,全能龙魂,0.489696,0.000157
1118,会心治疗,1416,海克斯科技龙魂,0.467878,0.000082
1316,刃下生风,2010,双发快射,0.472721,0.000036
1046,炼狱龙魂,1322,罪恶快感,0.467918,0.001102
1107,接二连三,1402,属性叠属性叠属性！,0.509648,0.000063
1002,尖端发明家,1996,升级：耀光,0.482489,0.00018
1308,火狐,1411,升级：荆棘之甲,0.549648,0.000027
1088,终极刷新,1335,夺金,0.467265,0.000031
1041,歌利亚巨人,1310,小丑学院,0.525941,0.000485
1092,易损,1340,升级：米凯尔的祝福,0.487558,0.000013
1138,渴血,1150,面包和果酱,0.479853,0.000594
1104,仆从大师,1331,至高天诺言,0.452749,0.000002
1332,不祥契约,1338,升级：狂妄,0.440216,0.000042
1050,基石法师,1391,红包,0.539962,0.000177
1069,退敌力场,2004,信念者的强化,0.463565,0.000007
1311,溢流,2026,杀意翻涌,0.483859,0.000053
12317,潘朵拉的盒子,1421,舞会女王,0.67825,0
1092,易损,1401,生机迸发,0.484528,0.000062
1044,冰寒,1322,罪恶快感,0.475556,0.000242
1013,星界躯体,1339,激光治疗,0.47482,0.000091
1011,你摸不到,1405,速度恶魔,0.461337,0.000062
1020,黎明使者的坚决,2007,你肩上的恶魔,0.4134,0.000013
1107,接二连三,1181,重量级打击手,0.482391,0.000282
1327,坚若磐石,1349,终极唤醒,0.451385,0.000078
1019,全凭身法,1421,舞会女王,0.505126,0.000024
1032,裁决使,1050,基石法师,0.493554,0.001275
1019,全凭身法,1056,由心及物,0.520163,0.000232
1045,炼狱导管,1156,任务：沃格勒特的巫师帽,0.519127,0.000666
1030,尤里卡,1072,炽烈黎明,0.506435,0.000325
1332,不祥契约,1416,海克斯科技龙魂,0.468924,0.000037
1116,闪现向前,1211,杀戮时间到了,0.470566,0.000113
1141,全心为你,1149,不动如山,0.465799,0.000064
1206,魔法转物理,1325,玻璃大炮,0.445239,0.000205
0,无符文,1194,精怪魔法,0.551988,0.007025
1045,炼狱导管,1322,罪恶快感,0.487811,0.000288
1050,基石法师,1056,由心及物,0.512494,0.000531
1107,接二连三,1180,超强大脑,0.453189,0.000038
1054,物法皆修,1138,渴血,0.483464,0.000699
1112,终极不可阻挡,1327,坚若磐石,0.429431,0.000049
1029,虚幻武器,1418,砸开那颗蛋,0.453317,0.000003
1041,歌利亚巨人,1391,红包,0.543536,0.000635
1051,点亮他们！,1073,暗影疾奔,0.548324,0.000171
1325,玻璃大炮,2024,由暴生急,0.422088,0.000029
2006,飞身踢,2008,负重爆气,0.476464,0.000361
1006,利刃华尔兹,1081,踢踏舞,0.459016,0.000135
1316,刃下生风,1348,闪闪现现,0.438264,0.000009
1330,活力再生,1379,未知符文_1379,0.451171,0.000001
1156,任务：沃格勒特的巫师帽,1405,速度恶魔,0.507106,0.000335
1057,山脉龙魂,1108,自我毁灭,0.462562,0.000145
1063,狂徒豪气,1194,精怪魔法,0.492043,0.000064
1039,冰霜 幽灵,1313,作弊：我能回城！,0.473865,0.00037
1060,海洋龙魂,1064,坚韧,0.490611,0.000598
1389,男爵之手,2007,你肩上的恶魔,0.495962,0.000003
1035,感受燃烧,1358,弹球,0.727273,0
1061,回力OK镖,1424,???,0.498692,0.000014
1095,风语者的祝福,1194,精怪魔法,0.467403,0.000025
1342,雪球扭蛋机,2003,魄罗之王的弹跳,0.285714,0
1037,急救用具,1074,缩小射线,0.451303,0.000087
1115,最万用的瞄准镜,1344,最终形态,0.491256,0.000152
1066,量子计算,1085,折磨者,0.456855,0.000081
1134,亮出你的剑,1325,玻璃大炮,0.531118,0.000054
1020,黎明使者的坚决,1336,升级：无尽之刃,0.494758,0.000078
1076,天音爆,1308,火狐,0.538734,0.000071
1045,炼狱导管,1332,不祥契约,0.51533,0.000309
1058,秘术冲拳,1348,闪闪现现,0.421184,0.000026
1011,你摸不到,1316,刃下生风,0.460671,0.000065
1097,巫师式思考,1151,面包和奶酪,0.4906,0.000806
1180,超强大脑,1402,属性叠属性叠属性！,0.519157,0.000029
1152,任务：钢化你心,1313,作弊：我能回城！,0.503989,0.001482
1053,科学狂人,1389,男爵之手,0.547215,0.000006
1034,防护面纱,1349,终极唤醒,0.466382,0.000101
1198,圣火,2010,双发快射,0.469884,0.000011
1151,面包和奶酪,1310,小丑学院,0.500386,0.000326
1047,关键暴击,1072,炽烈黎明,0.448676,0.000046
1052,闪电打击,1344,最终形态,0.494746,0.000401
1205,物理转魔法,2010,双发快射,0.443222,0.00004
1018,巨像的勇气,1063,狂徒豪气,0.473746,0.000087
1054,物法皆修,1220,连拨击锤,0.444635,0.000158
1053,科学狂人,1098,急急小子,0.529358,0.000125
1036,火上浇油,1315,快中求稳,0.510565,0.000182
1022,灵巧,1358,弹球,0.456929,0.000128
1050,基石法师,1150,面包和果酱,0.481595,0.000246
1023,魔鬼之舞,1064,坚韧,0.487554,0.000463
1334,升级：雪球,1353,坦克引擎,0.478968,0.000828
1206,魔法转物理,1375,吞噬灵魂,0.479525,0.000148
1015,死亡之环,1322,罪恶快感,0.469973,0.000045
1036,火上浇油,1041,歌利亚巨人,0.478974,0.000411
1045,炼狱导管,1057,山脉龙魂,0.481887,0.000144
1007,大力,1029,虚幻武器,0.493548,0.000284
1018,巨像的勇气,2009,狂热者,0.440331,0.00001
1022,灵巧,1402,属性叠属性叠属性！,0.536772,0.000088
1112,终极不可阻挡,1211,杀戮时间到了,0.46307,0.000911
1004,回归基本功,2010,双发快射,0.501315,0.000059
1025,俯冲轰炸,1334,升级：雪球,0.49432,0.000406
1079,战争交响乐,1392,神圣雪球,0.435175,0.000015
1046,炼狱龙魂,1324,蛋白粉奶昔,0.447803,0.000126
1133,魔法飞弹,1402,属性叠属性叠属性！,0.504565,0.000165
1198,圣火,1356,暴击飞弹,0.456083,0.000011
1072,炽烈黎明,1097,巫师式思考,0.484565,0.000253
1344,最终形态,1346,吸血习性,0.512349,0.003046
1019,全凭身法,1330,活力再生,0.437758,0.000021
1045,炼狱导管,1113,老练狙神,0.498292,0.001547
1098,急急小子,1149,不动如山,0.460201,0.000071
1409,魄罗爆破手,1413,和我一起困在这里,0.462429,0.000021
1053,科学狂人,1243,质变：混沌,0.537957,0.000239
1030,尤里卡,1220,连拨击锤,0.468,0.000097
1084,穿针引线,1152,任务：钢化你心,0.455506,0.000542
1062,全能龙魂,1129,神射法师,0.497109,0.000156
1180,超强大脑,2010,双发快射,0.438935,0.000009
1335,夺金,1409,魄罗爆破手,0.514703,0.000125
1025,俯冲轰炸,1325,玻璃大炮,0.486905,0.000192
1039,冰霜 幽灵,1327,坚若磐石,0.474659,0.000235
1208,轨道镭射,1344,最终形态,0.484755,0.000042
1250,一板一眼,2024,由暴生急,0.455631,0.000122
1019,全凭身法,1194,精怪魔法,0.461439,0.000063
1046,炼狱龙魂,1180,超强大脑,0.503227,0.000239
1073,暗影疾奔,1080,会心防御,0.531518,0.000165
1052,闪电打击,2018,纯粹主义者 - 术师,0.386442,0.00005
1067,古式佳酿,1152,任务：钢化你心,0.499471,0.001864
1205,物理转魔法,1305,练腿日,0.496761,0.000375
1372,小猫咪找妈妈,2007,你肩上的恶魔,0.40895,0.000001
1077,灵魂虹吸,1314,强力护盾,0.466486,0.000068
1409,魄罗爆破手,2010,双发快射,0.48165,0.000112
1056,由心及物,1061,回力OK镖,0.524969,0.000145
1022,灵巧,1391,红包,0.582469,0.000588
1134,亮出你的剑,12317,潘朵拉的盒子,0.591908,0
1330,活力再生,1400,最终都市列车,0.484382,0.000014
1319,升级：献祭,2008,负重爆气,0.493571,0.000157
1086,精准奇才,1313,作弊：我能回城！,0.486069,0.000145
1208,轨道镭射,1314,强力护盾,0.446162,0.000014
1006,利刃华尔兹,1325,玻璃大炮,0.447505,0.000088
1023,魔鬼之舞,1036,火上浇油,0.492708,0.000165
1077,灵魂虹吸,2002,虚空裂隙,0.464318,0.000034
1032,裁决使,1152,任务：钢化你心,0.480221,0.001601
1134,亮出你的剑,1416,海克斯科技龙魂,0.569231,0.000037
1011,你摸不到,1044,冰寒,0.457582,0.000138
1308,火狐,1397,地狱三头犬,0.467633,0.000018
1037,急救用具,12317,潘朵拉的盒子,0.512677,0.000001
1071,更万用的瞄准镜,1330,活力再生,0.481889,0.000475
1085,折磨者,2008,负重爆气,0.480866,0.000072
1335,夺金,1420,咏叹奏鸣,0.548506,0.000064
1026,唯快不破,1237,质变：黄金阶,0.511384,0.000093
1187,闪光弹,1406,祖母的辣椒油,0.489886,0
1154,任务：海牛阿福的勇士,1170,万用瞄准镜,0.504152,0.000148
1034,防护面纱,1077,灵魂虹吸,0.496573,0.000157
1072,炽烈黎明,1136,扇巴掌,0.489115,0.000134
1206,魔法转物理,1415,双生火焰,0.473531,0.000098
1068,循环往复,1097,巫师式思考,0.505933,0.001579
1346,吸血习性,1348,闪闪现现,0.484027,0.000126
1180,超强大脑,1406,祖母的辣椒油,0.531828,0.000369
1391,红包,1404,属性！,0.584113,0.000169
1027,大地苏醒,1205,物理转魔法,0.461739,0.000079
1069,退敌力场,12317,潘朵拉的盒子,0.469697,0
1073,暗影疾奔,1113,老练狙神,0.443844,0.000053
1115,最万用的瞄准镜,1403,属性叠属性！,0.540791,0.000104
1072,炽烈黎明,1327,坚若磐石,0.457123,0.000051
1076,天音爆,1150,面包和果酱,0.486614,0.000109
1020,黎明使者的坚决,1330,活力再生,0.45766,0.00001
1037,急救用具,1080,会心防御,0.479607,0.000104
1035,感受燃烧,1038,有始有终,0.489634,0.000149
1113,老练狙神,1340,升级：米凯尔的祝福,0.501457,0.000044
1134,亮出你的剑,1187,闪光弹,0.642075,0.000046
1402,属性叠属性叠属性！,1416,海克斯科技龙魂,0.511409,0.000025
1118,会心治疗,1181,重量级打击手,0.487364,0.001103
1156,任务：沃格勒特的巫师帽,2003,魄罗之王的弹跳,0.470964,0.000015
1025,俯冲轰炸,1243,质变：混沌,0.498698,0.000405
1006,利刃华尔兹,1088,终极刷新,0.441079,0.000115
1071,更万用的瞄准镜,1116,闪现向前,0.489311,0.000142
1181,重量级打击手,1341,帽上加帽,0.479757,0.000108
1026,唯快不破,1401,生机迸发,0.492829,0.000014
1061,回力OK镖,1996,升级：耀光,0.500453,0.000073
1116,闪现向前,1301,神圣干预,0.471189,0.00004
1080,会心防御,1358,弹球,0.457145,0.000036
1129,神射法师,1411,升级：荆棘之甲,0.487965,0.000017
1084,穿针引线,1095,风语者的祝福,0.453728,0.000062
1073,暗影疾奔,1225,双刀流,0.590706,0.000721
1085,折磨者,1390,超凡邪恶,0.479741,0.000253
1042,恶趣味,1198,圣火,0.471194,0.00011
1038,有始有终,1358,弹球,0.485235,0.000104
1337,尊我为王,1390,超凡邪恶,0.527825,0.000153
1070,无休回复,1195,巨人杀手,0.571205,0.000657
1064,坚韧,1347,吵闹鬼,0.448977,0.00007
1030,尤里卡,1047,关键暴击,0.479091,0.000258
1206,魔法转物理,1332,不祥契约,0.444019,0.00007
1066,量子计算,1317,升级：弯刀,0.453906,0.000008
1032,裁决使,1340,升级：米凯尔的祝福,0.526464,0.000087
1113,老练狙神,1170,万用瞄准镜,0.437045,0.000401
2004,信念者的强化,2009,狂热者,0.457674,0.000007
2008,负重爆气,2016,注魔,0.470614,0.00007
1007,大力,2007,你肩上的恶魔,0.473067,0.000026
1308,火狐,1416,海克斯科技龙魂,0.518624,0.000076
1347,吵闹鬼,1403,属性叠属性！,0.52385,0.000013
1129,神射法师,1341,帽上加帽,0.472648,0.000948
1996,升级：耀光,2026,杀意翻涌,0.48151,0.00005
1020,黎明使者的坚决,1060,海洋龙魂,0.503472,0.000177
1154,任务：海牛阿福的勇士,1327,坚若磐石,0.442083,0.000038
1075,慢炖,2003,魄罗之王的弹跳,0.512084,0.00003
1056,由心及物,1187,闪光弹,0.493864,0.000027
1072,炽烈黎明,1325,玻璃大炮,0.448221,0.000051
1327,坚若磐石,1329,史上最大雪球,0.455193,0.000104
1030,尤里卡,12317,潘朵拉的盒子,0.516977,0.000001
1206,魔法转物理,1214,旋转至胜,0.522237,0.000133
1151,面包和奶酪,1416,海克斯科技龙魂,0.478488,0.000071
1138,渴血,1220,连拨击锤,0.479987,0.00114
0,无符文,1077,灵魂虹吸,0.608009,0.0224
1107,接二连三,1345,心灵净化,0.454566,0.000517
1018,巨像的勇气,1390,超凡邪恶,0.474692,0.000236
1082,残暴之力,1211,杀戮时间到了,0.467424,0.000448
1133,魔法飞弹,1397,地狱三头犬,0.449162,0.000157
1098,急急小子,2026,杀意翻涌,0.46698,0.000038
1311,溢流,1314,强力护盾,0.454473,0.000086
1314,强力护盾,1335,夺金,0.465173,0.000027
1198,圣火,1204,叠角龙,0.470349,0.000009
1030,尤里卡,1211,杀戮时间到了,0.50918,0.002143
1313,作弊：我能回城！,2010,双发快射,0.484702,0.00009
1392,神圣雪球,2010,双发快射,0.442684,0.000016
1334,升级：雪球,2010,双发快射,0.463921,0.000039
1151,面包和奶酪,2016,注魔,0.472686,0.000045
1032,裁决使,1317,升级：弯刀,0.418239,0.000064
1030,尤里卡,1336,升级：无尽之刃,0.435865,0.000022
1087,台风,1150,面包和果酱,0.455019,0.000159
1029,虚幻武器,1136,扇巴掌,0.476819,0.000693
1098,急急小子,1402,属性叠属性叠属性！,0.526699,0.000023
1324,蛋白粉奶昔,2010,双发快射,0.467576,0.000014
1195,巨人杀手,1220,连拨击锤,0.504261,0.000713
1325,玻璃大炮,1389,男爵之手,0.493581,0.000004
1104,仆从大师,1308,火狐,0.539931,0.000025
1048,珠光护手,1095,风语者的祝福,0.468895,0.000057
1056,由心及物,1345,心灵净化,0.494532,0.000793
1013,星界躯体,1334,升级：雪球,0.467472,0.00038
1085,折磨者,1421,舞会女王,0.486358,0.000029
1105,家园卫士,2005,扳机炼狱,0.465515,0.00002
1051,点亮他们！,1129,神射法师,0.485338,0.000327
1046,炼狱龙魂,1214,旋转至胜,0.491065,0.000144
1205,物理转魔法,1237,质变：黄金阶,0.491629,0.000649
1339,激光治疗,1373,缩小引擎,0.522048,0.000035
1087,台风,1133,魔法飞弹,0.456124,0.00266
1154,任务：海牛阿福的勇士,1414,卡皮巴拉空投,0.442369,0.000004
1025,俯冲轰炸,1180,超强大脑,0.504297,0.000178
1092,易损,2006,飞身踢,0.469794,0.000156
1104,仆从大师,1187,闪光弹,0.453647,0.000008
1046,炼狱龙魂,1386,转得我眩晕了,0.420532,0.000001
1195,巨人杀手,2003,魄罗之王的弹跳,0.518505,0.000052
1086,精准奇才,1108,自我毁灭,0.449249,0.00002
1002,尖端发明家,1064,坚韧,0.473333,0.001031
1331,至高天诺言,1335,夺金,0.463829,0.000003
1108,自我毁灭,1204,叠角龙,0.463685,0.000005
1152,任务：钢化你心,1338,升级：狂妄,0.45576,0.001429
1214,旋转至胜,1406,祖母的辣椒油,0.581657,0.000036
1220,连拨击锤,1316,刃下生风,0.449595,0.00008
1023,魔鬼之舞,2010,双发快射,0.514982,0.000039
1085,折磨者,2005,扳机炼狱,0.42839,0.000009
1030,尤里卡,2026,杀意翻涌,0.500253,0.000102
1051,点亮他们！,2005,扳机炼狱,0.44482,0.000038
1038,有始有终,1141,全心为你,0.469355,0.000062
1150,面包和果酱,1342,雪球扭蛋机,0.463658,0.000115
1092,易损,1321,砍伤,0.476001,0.000145
1330,活力再生,1346,吸血习性,0.510031,0.000437
1019,全凭身法,1349,终极唤醒,0.460096,0.000132
1409,魄罗爆破手,1996,升级：耀光,0.501264,0.000183
1328,暴击律动,2001,当心小蛋糕！,0.513502,0.000157
1116,闪现向前,1404,属性！,0.517773,0.000017
1104,仆从大师,1406,祖母的辣椒油,0.55504,0.000095
1041,歌利亚巨人,1075,慢炖,0.547019,0.001759
1315,快中求稳,1386,转得我眩晕了,0.456081,0.000001
1154,任务：海牛阿福的勇士,1316,刃下生风,0.489838,0.000058
1011,你摸不到,1013,星界躯体,0.428589,0.000109
1013,星界躯体,1032,裁决使,0.478559,0.001096
1187,闪光弹,1313,作弊：我能回城！,0.463956,0.000099
1026,唯快不破,2007,你肩上的恶魔,0.449972,0.000011
1342,雪球扭蛋机,1996,升级：耀光,0.49192,0.000067
1070,无休回复,1098,急急小子,0.518234,0.000163
1075,慢炖,1413,和我一起困在这里,0.4944,0.000013
1018,巨像的勇气,1084,穿针引线,0.438636,0.000086
1051,点亮他们！,1411,升级：荆棘之甲,0.506134,0.000004
1415,双生火焰,2026,杀意翻涌,0.47152,0.00003
1068,循环往复,1401,生机迸发,0.492096,0.00012
1052,闪电打击,2006,飞身踢,0.486208,0.000197
1009,霸符兄弟,1129,神射法师,0.50225,0.000302
1051,点亮他们！,1320,升级：收集者,0.49374,0.000422
1045,炼狱导管,1400,最终都市列车,0.516322,0.000189
1053,科学狂人,1082,残暴之力,0.518187,0.000204
1029,虚幻武器,1331,至高天诺言,0.43811,0.000015
1321,砍伤,1322,罪恶快感,0.486424,0.000427
1087,台风,1415,双生火焰,0.460004,0.000676
1116,闪现向前,1325,玻璃大炮,0.432451,0.000025
1133,魔法飞弹,1405,速度恶魔,0.500574,0.000847
1011,你摸不到,1071,更万用的瞄准镜,0.459278,0.000188
1073,暗影疾奔,1315,快中求稳,0.553925,0.00102
1062,全能龙魂,1322,罪恶快感,0.501962,0.000277
1042,恶趣味,1180,超强大脑,0.454757,0.000067
1062,全能龙魂,2005,扳机炼狱,0.47721,0.00001
1313,作弊：我能回城！,1322,罪恶快感,0.482975,0.000775
1041,歌利亚巨人,1071,更万用的瞄准镜,0.507899,0.001042
1329,史上最大雪球,1418,砸开那颗蛋,0.485172,0.000004
1080,会心防御,1084,穿针引线,0.488619,0.000348
1342,雪球扭蛋机,1358,弹球,0.484805,0.002045
1015,死亡之环,1023,魔鬼之舞,0.530433,0.000043
1107,接二连三,1136,扇巴掌,0.46583,0.000186
1088,终极刷新,1424,???,0.443629,0.000004
1313,作弊：我能回城！,1389,男爵之手,0.517993,0.000022
1045,炼狱导管,1314,强力护盾,0.464737,0.00011
1035,感受燃烧,1204,叠角龙,0.495237,0.000007
1097,巫师式思考,1156,任务：沃格勒特的巫师帽,0.502114,0.001825
1027,大地苏醒,2009,狂热者,0.455869,0.000014
0,无符文,1051,点亮他们！,0.591615,0.01625
1237,质变：黄金阶,1243,质变：混沌,0.552074,0.002338
1205,物理转魔法,1361,任务：艾卡西亚的陷落,0.507579,0.000058
1086,精准奇才,1170,万用瞄准镜,0.437419,0.000125
1066,量子计算,1170,万用瞄准镜,0.459175,0.000125
1136,扇巴掌,1406,祖母的辣椒油,0.525168,0.000903
1006,利刃华尔兹,1345,心灵净化,0.450522,0.000444
1330,活力再生,1336,升级：无尽之刃,0.493305,0.000239
1061,回力OK镖,1384,捐赠,0.537355,0.000113
1205,物理转魔法,1336,升级：无尽之刃,0.399513,0.000066
1198,圣火,1324,蛋白粉奶昔,0.463221,0.000351
1007,大力,1066,量子计算,0.510425,0.000146
1019,全凭身法,1315,快中求稳,0.525357,0.001005
1037,急救用具,1405,速度恶魔,0.48159,0.000119
1421,舞会女王,2018,纯粹主义者 - 术师,0.487827,0.000012
1112,终极不可阻挡,1317,升级：弯刀,0.402214,0.000005
1053,科学狂人,1105,家园卫士,0.544691,0.000157
1077,灵魂虹吸,2005,扳机炼狱,0.453809,0.000068
1136,扇巴掌,1250,一板一眼,0.452842,0.000192
1112,终极不可阻挡,1401,生机迸发,0.462692,0.000041
1048,珠光护手,1087,台风,0.457368,0.000481
1057,山脉龙魂,1319,升级：献祭,0.484036,0.000257
1098,急急小子,1104,仆从大师,0.519582,0.00002
1057,山脉龙魂,1347,吵闹鬼,0.446015,0.000018
1322,罪恶快感,2006,飞身踢,0.478825,0.00033
1088,终极刷新,1311,溢流,0.468802,0.000269
1316,刃下生风,1391,红包,0.58098,0.000177
1038,有始有终,1070,无休回复,0.540158,0.000201
1338,升级：狂妄,1418,砸开那颗蛋,0.454205,0.000004
1411,升级：荆棘之甲,1420,咏叹奏鸣,0.541582,0.000126
1206,魔法转物理,1327,坚若磐石,0.43787,0.000022
1034,防护面纱,1372,小猫咪找妈妈,0.483351,0.000014
1002,尖端发明家,1097,巫师式思考,0.458208,0.000507
1103,面包和黄油,1138,渴血,0.490082,0.001068
1002,尖端发明家,2007,你肩上的恶魔,0.38857,0.000038
1129,神射法师,1238,质变：棱彩阶,0.500685,0.001282
1067,古式佳酿,1317,升级：弯刀,0.437428,0.000006
1225,双刀流,1339,激光治疗,0.43444,0.000007
1327,坚若磐石,1348,闪闪现现,0.43425,0.000011
1057,山脉龙魂,1104,仆从大师,0.480535,0.000013
1238,质变：棱彩阶,1250,一板一眼,0.501917,0.001189
1372,小猫咪找妈妈,2005,扳机炼狱,0.446132,0
1103,面包和黄油,1349,终极唤醒,0.464408,0.000295
1051,点亮他们！,1391,红包,0.567133,0.000241
1335,夺金,1400,最终都市列车,0.514831,0.000041
1080,会心防御,1118,会心治疗,0.503056,0.001383
1214,旋转至胜,1238,质变：棱彩阶,0.529041,0.000303
1308,火狐,1418,砸开那颗蛋,0.538858,0.000006
1069,退敌力场,1334,升级：雪球,0.444372,0.000062
1026,唯快不破,1074,缩小射线,0.472998,0.000102
1204,叠角龙,1353,坦克引擎,0.512798,0.000135
1058,秘术冲拳,1317,升级：弯刀,0.39548,0.000008
1314,强力护盾,1317,升级：弯刀,0.417079,0.000002
1334,升级：雪球,1420,咏叹奏鸣,0.523861,0.00018
1071,更万用的瞄准镜,1401,生机迸发,0.501157,0.000151
1341,帽上加帽,1361,任务：艾卡西亚的陷落,0.512667,0.000023
1025,俯冲轰炸,1372,小猫咪找妈妈,0.447511,0.000012
1071,更万用的瞄准镜,1345,心灵净化,0.477023,0.000964
1060,海洋龙魂,1082,残暴之力,0.488359,0.000125
1048,珠光护手,1250,一板一眼,0.493443,0.001322
1225,双刀流,2026,杀意翻涌,0.542996,0.000137
1318,升级：中娅,2024,由暴生急,0.446549,0.000011
1092,易损,2004,信念者的强化,0.43796,0.000007
1220,连拨击锤,1311,溢流,0.434552,0.000136
1206,魔法转物理,2016,注魔,0.460183,0.000032
1070,无休回复,1400,最终都市列车,0.510472,0.000083
1138,渴血,1420,咏叹奏鸣,0.524664,0.0003
1006,利刃华尔兹,1373,缩小引擎,0.470363,0.000215
1076,天音爆,1237,质变：黄金阶,0.477384,0.000066
1198,圣火,1379,未知符文_1379,0.450375,0.00001
1211,杀戮时间到了,1329,史上最大雪球,0.465832,0.000231
1067,古式佳酿,1405,速度恶魔,0.505882,0.000322
1030,尤里卡,2024,由暴生急,0.466018,0.000039
1211,杀戮时间到了,1225,双刀流,0.499058,0.000343
1039,冰霜 幽灵,1323,残忍,0.521386,0.000318
1141,全心为你,1424,???,0.492948,0.000012
1074,缩小射线,1353,坦克引擎,0.461826,0.000667
1060,海洋龙魂,1323,残忍,0.509986,0.00024
1141,全心为你,1420,咏叹奏鸣,0.55039,0.000624
1063,狂徒豪气,1316,刃下生风,0.496423,0.000162
1056,由心及物,1194,精怪魔法,0.493816,0.00016
1084,穿针引线,1339,激光治疗,0.435687,0.000023
1150,面包和果酱,1418,砸开那颗蛋,0.49014,0.000004
1081,踢踏舞,1116,闪现向前,0.475835,0.00006
1029,虚幻武器,1081,踢踏舞,0.486316,0.000447
1015,死亡之环,1326,夜狩,0.449135,0.000022
1061,回力OK镖,1074,缩小射线,0.457702,0.000104
1051,点亮他们！,1996,升级：耀光,0.509336,0.000204
1022,灵巧,1149,不动如山,0.467704,0.000068
1026,唯快不破,1108,自我毁灭,0.475402,0.000033
1070,无休回复,1340,升级：米凯尔的祝福,0.521267,0.000031
1194,精怪魔法,1346,吸血习性,0.491995,0.000579
1337,尊我为王,1341,帽上加帽,0.500684,0.000105
1009,霸符兄弟,1116,闪现向前,0.49448,0.000031
1027,大地苏醒,1061,回力OK镖,0.486469,0.000022
1205,物理转魔法,1397,地狱三头犬,0.435425,0.000065
1032,裁决使,1311,溢流,0.491554,0.002552
1397,地狱三头犬,1405,速度恶魔,0.457927,0.000074
1034,防护面纱,1088,终极刷新,0.455328,0.000113
1409,魄罗爆破手,2001,当心小蛋糕！,0.50039,0.00033
1037,急救用具,1305,练腿日,0.487207,0.000134
1015,死亡之环,1204,叠角龙,0.485621,0.000015
1073,暗影疾奔,1095,风语者的祝福,0.484072,0.000027
1074,缩小射线,1308,火狐,0.475353,0.000053
1181,重量级打击手,1187,闪光弹,0.50274,0.000076
1013,星界躯体,1386,转得我眩晕了,0.424036,0.000003
1026,唯快不破,1336,升级：无尽之刃,0.524024,0.000145
1029,虚幻武器,1054,物法皆修,0.482421,0.000332
1116,闪现向前,1347,吵闹鬼,0.458575,0.000003
1332,不祥契约,1403,属性叠属性！,0.52149,0.000043
1048,珠光护手,1339,激光治疗,0.446724,0.00002
1051,点亮他们！,1052,闪电打击,0.52447,0.001423
1243,质变：混沌,1315,快中求稳,0.519946,0.000268
1064,坚韧,1373,缩小引擎,0.512189,0.000352
1080,会心防御,1194,精怪魔法,0.466225,0.000051
1194,精怪魔法,1384,捐赠,0.496879,0.000098
1058,秘术冲拳,1204,叠角龙,0.498657,0.000023
1346,吸血习性,1392,神圣雪球,0.464343,0.000213
1052,闪电打击,1416,海克斯科技龙魂,0.483642,0.000083
1409,魄罗爆破手,2009,狂热者,0.488211,0.000236
1038,有始有终,1386,转得我眩晕了,0.470048,0.000004
1326,夜狩,1402,属性叠属性叠属性！,0.497122,0.000051
1082,残暴之力,2005,扳机炼狱,0.444377,0.000108
1058,秘术冲拳,1384,捐赠,0.512057,0.00036
1092,易损,1181,重量级打击手,0.479331,0.000215
1045,炼狱导管,1405,速度恶魔,0.53743,0.000701
1002,尖端发明家,1326,夜狩,0.429637,0.000202
1020,黎明使者的坚决,1026,唯快不破,0.493342,0.000033
1041,歌利亚巨人,1205,物理转魔法,0.486493,0.000849
12317,潘朵拉的盒子,1316,刃下生风,0.50094,0
1042,恶趣味,1088,终极刷新,0.445727,0.000089
1105,家园卫士,1320,升级：收集者,0.509762,0.000289
1181,重量级打击手,1329,史上最大雪球,0.481472,0.000285
1156,任务：沃格勒特的巫师帽,1225,双刀流,0.502647,0.000034
1141,全心为你,1154,任务：海牛阿福的勇士,0.459721,0.000015
1413,和我一起困在这里,2004,信念者的强化,0.401952,0
1018,巨像的勇气,1308,火狐,0.498413,0.000055
1198,圣火,1337,尊我为王,0.498088,0.000027
1007,大力,1087,台风,0.489755,0.000257
1062,全能龙魂,1358,弹球,0.478537,0.00003
1113,老练狙神,1151,面包和奶酪,0.488377,0.000616
1205,物理转魔法,1388,无限循环往复,0.50463,0.000915
1047,关键暴击,1379,未知符文_1379,0.42569,0.000002
1087,台风,1107,接二连三,0.477054,0.002298
1098,急急小子,1373,缩小引擎,0.560877,0.000296
1045,炼狱导管,1097,巫师式思考,0.509671,0.002263
1069,退敌力场,1079,战争交响乐,0.44141,0.000083
1053,科学狂人,2016,注魔,0.515441,0.000022
1054,物法皆修,1087,台风,0.467035,0.000454
1075,慢炖,1324,蛋白粉奶昔,0.492342,0.000352
1098,急急小子,1301,神圣干预,0.46999,0.000082
1113,老练狙神,1311,溢流,0.464034,0.001029
1105,家园卫士,1409,魄罗爆破手,0.534909,0.000208
1112,终极不可阻挡,1418,砸开那颗蛋,0.468714,0.000001
1035,感受燃烧,1320,升级：收集者,0.462152,0.000089
1104,仆从大师,1154,任务：海牛阿福的勇士,0.487269,0.00001
1061,回力OK镖,1152,任务：钢化你心,0.482802,0.000177
1211,杀戮时间到了,2026,杀意翻涌,0.450446,0.000127
1107,接二连三,1129,神射法师,0.471065,0.000508
1187,闪光弹,1225,双刀流,0.516505,0.000075
1015,死亡之环,1415,双生火焰,0.448273,0.00005
1134,亮出你的剑,1996,升级：耀光,0.57311,0.000288
1038,有始有终,1138,渴血,0.530593,0.001234
1321,砍伤,1344,最终形态,0.498435,0.000207
1027,大地苏醒,2026,杀意翻涌,0.472868,0.000042
1113,老练狙神,1133,魔法飞弹,0.499788,0.003551
1243,质变：混沌,1361,任务：艾卡西亚的陷落,0.546,0.000029
1138,渴血,2006,飞身踢,0.48466,0.000529
1026,唯快不破,1328,暴击律动,0.511493,0.000182
1097,巫师式思考,2010,双发快射,0.454153,0.000028
1042,恶趣味,1154,任务：海牛阿福的勇士,0.458087,0.000038
1108,自我毁灭,1336,升级：无尽之刃,0.47588,0.000146
12317,潘朵拉的盒子,1345,心灵净化,0.489016,0.000002
1129,神射法师,1379,未知符文_1379,0.455164,0.000006
1011,你摸不到,1321,砍伤,0.466869,0.000056
1150,面包和果酱,1220,连拨击锤,0.433774,0.000131
1319,升级：献祭,1388,无限循环往复,0.493464,0.000238
1151,面包和奶酪,1333,逃跑计划,0.52381,0.000379
1308,火狐,1339,激光治疗,0.52193,0.000033
1062,全能龙魂,1087,台风,0.486858,0.000132
1198,圣火,1329,史上最大雪球,0.446811,0.000038
1026,唯快不破,1348,闪闪现现,0.462082,0.000008
1013,星界躯体,1062,全能龙魂,0.500476,0.000241
1152,任务：钢化你心,1402,属性叠属性叠属性！,0.479544,0.000103
1082,残暴之力,1318,升级：中娅,0.433322,0.000005
1372,小猫咪找妈妈,2001,当心小蛋糕！,0.485515,0.000009
1073,暗影疾奔,1320,升级：收集者,0.499567,0.000655
1136,扇巴掌,1318,升级：中娅,0.486885,0.000229
1133,魔法飞弹,1389,男爵之手,0.519088,0.00006
1035,感受燃烧,1053,科学狂人,0.516396,0.000097
1072,炽烈黎明,1195,巨人杀手,0.523576,0.000249
1136,扇巴掌,1372,小猫咪找妈妈,0.495176,0.000047
1108,自我毁灭,1324,蛋白粉奶昔,0.454479,0.000254
1151,面包和奶酪,1349,终极唤醒,0.461057,0.000201
1039,冰霜 幽灵,1149,不动如山,0.474001,0.000439
1070,无休回复,1141,全心为你,0.484118,0.000088
1047,关键暴击,1404,属性！,0.518193,0.000039
1326,夜狩,1338,升级：狂妄,0.469413,0.0019
1063,狂徒豪气,1336,升级：无尽之刃,0.533122,0.000216
1019,全凭身法,1206,魔法转物理,0.485248,0.000325
1056,由心及物,2005,扳机炼狱,0.484692,0.000027
1056,由心及物,1421,舞会女王,0.502871,0.000042
1170,万用瞄准镜,1317,升级：弯刀,0.416727,0.000005
1141,全心为你,1339,激光治疗,0.463548,0.000193
1028,侵蚀,1238,质变：棱彩阶,0.520815,0.000609
1080,会心防御,1403,属性叠属性！,0.552986,0.000039
1039,冰霜 幽灵,1080,会心防御,0.463637,0.000046
1084,穿针引线,1415,双生火焰,0.465648,0.000362
1051,点亮他们！,1310,小丑学院,0.524702,0.000125
1013,星界躯体,1105,家园卫士,0.492352,0.000212
1069,退敌力场,1086,精准奇才,0.450013,0.000039
1057,山脉龙魂,1348,闪闪现现,0.442137,0.000012
1085,折磨者,1329,史上最大雪球,0.461785,0.000074
1035,感受燃烧,1054,物法皆修,0.454166,0.000032
1068,循环往复,1372,小猫咪找妈妈,0.505193,0.000064
1086,精准奇才,1204,叠角龙,0.506379,0.000004
1092,易损,2003,魄罗之王的弹跳,0.466825,0.000032
1084,穿针引线,1329,史上最大雪球,0.463468,0.000295
1050,基石法师,1375,吞噬灵魂,0.478332,0.000116
1073,暗影疾奔,1074,缩小射线,0.488182,0.000284
1344,最终形态,1358,弹球,0.472036,0.000119
1214,旋转至胜,1324,蛋白粉奶昔,0.473297,0.000056
1087,台风,1238,质变：棱彩阶,0.503173,0.000896
1030,尤里卡,1038,有始有终,0.53928,0.002319
1025,俯冲轰炸,1066,量子计算,0.520065,0.00042
1181,重量级打击手,2002,虚空裂隙,0.483217,0.000056
1018,巨像的勇气,1198,圣火,0.470452,0.00008
1149,不动如山,2005,扳机炼狱,0.432609,0.000018
1037,急救用具,1205,物理转魔法,0.459009,0.000256
1002,尖端发明家,1118,会心治疗,0.45675,0.000786
1022,灵巧,1319,升级：献祭,0.495972,0.000097
1015,死亡之环,1054,物法皆修,0.445981,0.000015
1170,万用瞄准镜,2010,双发快射,0.500939,0.000333
1069,退敌力场,1225,双刀流,0.50588,0.000174
1081,踢踏舞,1238,质变：棱彩阶,0.515782,0.000917
1195,巨人杀手,1389,男爵之手,0.573732,0.000036
1045,炼狱导管,1071,更万用的瞄准镜,0.453237,0.000243
1134,亮出你的剑,1322,罪恶快感,0.574747,0.000795
1086,精准奇才,1250,一板一眼,0.444844,0.00014
1314,强力护盾,1327,坚若磐石,0.441059,0.000073
1211,杀戮时间到了,1402,属性叠属性叠属性！,0.499396,0.000067
1333,逃跑计划,1340,升级：米凯尔的祝福,0.543915,0.000034
1077,灵魂虹吸,1113,老练狙神,0.455411,0.000331
1013,星界躯体,1375,吞噬灵魂,0.469524,0.001435
1046,炼狱龙魂,1087,台风,0.452114,0.0003
1050,基石法师,1052,闪电打击,0.454054,0.00005
2016,注魔,2026,杀意翻涌,0.468159,0.000009
1151,面包和奶酪,1373,缩小引擎,0.504935,0.000314
1022,灵巧,2005,扳机炼狱,0.453093,0.0001
1118,会心治疗,1324,蛋白粉奶昔,0.45348,0.001152
1066,量子计算,1097,巫师式思考,0.468579,0.000152
1069,退敌力场,2018,纯粹主义者 - 术师,0.431852,0.000009
1066,量子计算,1103,面包和黄油,0.460871,0.000215
1170,万用瞄准镜,1320,升级：收集者,0.481774,0.001073
1077,灵魂虹吸,1079,战争交响乐,0.50079,0.000633
1338,升级：狂妄,1424,???,0.4491,0.000033
1035,感受燃烧,1039,冰霜 幽灵,0.502066,0.000102
1141,全心为你,1415,双生火焰,0.453737,0.000027
1333,逃跑计划,1996,升级：耀光,0.553256,0.000251
1067,古式佳酿,1413,和我一起困在这里,0.472647,0.000021
1009,霸符兄弟,1402,属性叠属性叠属性！,0.533582,0.000035
1152,任务：钢化你心,1321,砍伤,0.498473,0.000935
1052,闪电打击,1151,面包和奶酪,0.466017,0.000273
1353,坦克引擎,1373,缩小引擎,0.754201,0.000001
1035,感受燃烧,1081,踢踏舞,0.468192,0.000086
1041,歌利亚巨人,1315,快中求稳,0.505796,0.000478
1116,闪现向前,1134,亮出你的剑,0.577128,0.000036
1333,逃跑计划,1341,帽上加帽,0.523664,0.000268
1051,点亮他们！,1136,扇巴掌,0.482893,0.000085
1316,刃下生风,1346,吸血习性,0.526989,0.000934
1134,亮出你的剑,1372,小猫咪找妈妈,0.456371,0.000001
1064,坚韧,2002,虚空裂隙,0.475676,0.000086
1108,自我毁灭,2018,纯粹主义者 - 术师,0.462373,0.000031
12317,潘朵拉的盒子,1400,最终都市列车,0.513457,0.000001
1085,折磨者,1208,轨道镭射,0.458603,0.00002
1325,玻璃大炮,1384,捐赠,0.479588,0.000131
1084,穿针引线,1150,面包和果酱,0.460078,0.000606
1018,巨像的勇气,1238,质变：棱彩阶,0.490972,0.000434
1205,物理转魔法,2009,狂热者,0.4821,0.000285
1074,缩小射线,1418,砸开那颗蛋,0.451351,0.000001
1405,速度恶魔,1415,双生火焰,0.493228,0.000225
1022,灵巧,1085,折磨者,0.453976,0.000027
1020,黎明使者的坚决,1325,玻璃大炮,0.44713,0.000032
1044,冰寒,1056,由心及物,0.511279,0.000894
1170,万用瞄准镜,1373,缩小引擎,0.481585,0.000422
1007,大力,1358,弹球,0.472247,0.000074
1071,更万用的瞄准镜,1400,最终都市列车,0.522257,0.000292
1084,穿针引线,1413,和我一起困在这里,0.446716,0.000033
1392,神圣雪球,1418,砸开那颗蛋,0.436067,0.000002
1181,重量级打击手,1404,属性！,0.532532,0.000074
1077,灵魂虹吸,1401,生机迸发,0.497162,0.000064
1081,踢踏舞,1334,升级：雪球,0.44773,0.000078
1098,急急小子,1405,速度恶魔,0.497067,0.000139
1205,物理转魔法,1416,海克斯科技龙魂,0.486044,0.000164
1347,吵闹鬼,1406,祖母的辣椒油,0.512769,0.000038
1081,踢踏舞,1424,???,0.447225,0.000007
1092,易损,1133,魔法飞弹,0.50543,0.001873
1103,面包和黄油,1323,残忍,0.480245,0.000351
1345,心灵净化,1401,生机迸发,0.468566,0.000122
1077,灵魂虹吸,2006,飞身踢,0.475047,0.000133
1086,精准奇才,1392,神圣雪球,0.426574,0.000005
1116,闪现向前,2001,当心小蛋糕！,0.489653,0.000041
1015,死亡之环,1418,砸开那颗蛋,0.465193,0.000008
1070,无休回复,2006,飞身踢,0.492507,0.000105
1063,狂徒豪气,1325,玻璃大炮,0.4603,0.000036
1074,缩小射线,1238,质变：棱彩阶,0.479147,0.000882
1319,升级：献祭,1332,不祥契约,0.47053,0.000062
1333,逃跑计划,1409,魄罗爆破手,0.528801,0.000262
0,无符文,1390,超凡邪恶,0.637681,0.054916
1342,雪球扭蛋机,1403,属性叠属性！,0.5216,0.000063
1045,炼狱导管,1338,升级：狂妄,0.480021,0.000136
1301,神圣干预,2026,杀意翻涌,0.477294,0.000042
1373,缩小引擎,2001,当心小蛋糕！,0.5236,0.000292
1050,基石法师,1349,终极唤醒,0.469895,0.000149
1060,海洋龙魂,1115,最万用的瞄准镜,0.485175,0.000188
1025,俯冲轰炸,1392,神圣雪球,0.467826,0.000105
1081,踢踏舞,1406,祖母的辣椒油,0.485463,0.000125
1315,快中求稳,1361,任务：艾卡西亚的陷落,0.533822,0.000036
1080,会心防御,1180,超强大脑,0.477389,0.000038
1331,至高天诺言,1406,祖母的辣椒油,0.493642,0.000033
1310,小丑学院,1311,溢流,0.52019,0.000488
1070,无休回复,1305,练腿日,0.532797,0.000241
1104,仆从大师,1424,???,0.488048,0.000002
1237,质变：黄金阶,1324,蛋白粉奶昔,0.464934,0.000235
1007,大力,2026,杀意翻涌,0.502846,0.000063
1156,任务：沃格勒特的巫师帽,1194,精怪魔法,0.478178,0.000096
1013,星界躯体,1041,歌利亚巨人,0.497914,0.004111
1002,尖端发明家,1388,无限循环往复,0.475913,0.000455
1023,魔鬼之舞,1403,属性叠属性！,0.548921,0.000057
1046,炼狱龙魂,2003,魄罗之王的弹跳,0.466698,0.000047
1420,咏叹奏鸣,2002,虚空裂隙,0.560504,0.00019
1057,山脉龙魂,1134,亮出你的剑,0.567695,0.000025
1353,坦克引擎,2007,你肩上的恶魔,0.394486,0.000083
1028,侵蚀,1077,灵魂虹吸,0.49096,0.000165
1077,灵魂虹吸,1344,最终形态,0.489552,0.000413
1310,小丑学院,2007,你肩上的恶魔,0.501635,0.000046
1154,任务：海牛阿福的勇士,1361,任务：艾卡西亚的陷落,0.504042,0.000008
1015,死亡之环,1373,缩小引擎,0.512816,0.000148
1034,防护面纱,1375,吞噬灵魂,0.467115,0.000065
1181,重量级打击手,1331,至高天诺言,0.4502,0.000014
1421,舞会女王,2003,魄罗之王的弹跳,0.520823,0.000013
1004,回归基本功,1400,最终都市列车,0.545094,0.00006
1030,尤里卡,1066,量子计算,0.494284,0.000143
1129,神射法师,1187,闪光弹,0.478676,0.000088
1052,闪电打击,1074,缩小射线,0.4833,0.001093
1079,战争交响乐,1400,最终都市列车,0.498321,0.000098
1036,火上浇油,1208,轨道镭射,0.451485,0.000028
1082,残暴之力,1333,逃跑计划,0.532551,0.000306
1035,感受燃烧,2004,信念者的强化,0.496354,0.000015
1042,恶趣味,1098,急急小子,0.466349,0.000054
2001,当心小蛋糕！,2007,你肩上的恶魔,0.454638,0.00002
1041,歌利亚巨人,1327,坚若磐石,0.471492,0.00091
1037,急救用具,1187,闪光弹,0.467602,0.000018
1071,更万用的瞄准镜,1115,最万用的瞄准镜,0.509814,0.003754
1041,歌利亚巨人,2018,纯粹主义者 - 术师,0.456271,0.000087
1194,精怪魔法,2009,狂热者,0.474629,0.00005
1113,老练狙神,1187,闪光弹,0.434111,0.000031
1097,巫师式思考,1388,无限循环往复,0.502636,0.000636
1372,小猫咪找妈妈,1379,未知符文_1379,0.481195,0.000002
1072,炽烈黎明,1156,任务：沃格勒特的巫师帽,0.486678,0.000125
1041,歌利亚巨人,1379,未知符文_1379,0.431512,0.000002
1204,叠角龙,1305,练腿日,0.524456,0.000017
1316,刃下生风,1402,属性叠属性叠属性！,0.542019,0.000026
1384,捐赠,2005,扳机炼狱,0.483696,0.000133
1036,火上浇油,2006,飞身踢,0.467936,0.000118
0,无符文,1415,双生火焰,0.583267,0.012572
1020,黎明使者的坚决,1996,升级：耀光,0.503806,0.000049
1028,侵蚀,1063,狂徒豪气,0.497472,0.000094
1075,慢炖,2006,飞身踢,0.517876,0.000325
1023,魔鬼之舞,1316,刃下生风,0.471463,0.000086
1002,尖端发明家,1041,歌利亚巨人,0.502159,0.001745
1314,强力护盾,2024,由暴生急,0.441454,0.000007
1066,量子计算,1406,祖母的辣椒油,0.504072,0.00012
1070,无休回复,1088,终极刷新,0.463407,0.000111
1072,炽烈黎明,1250,一板一眼,0.440195,0.000047
1105,家园卫士,1243,质变：混沌,0.510768,0.000305
1198,圣火,2024,由暴生急,0.438223,0.000006
1047,关键暴击,1071,更万用的瞄准镜,0.501145,0.001188
1061,回力OK镖,1379,未知符文_1379,0.487365,0.000002
1079,战争交响乐,1322,罪恶快感,0.482148,0.001265
1062,全能龙魂,1326,夜狩,0.480524,0.000148
1038,有始有终,2008,负重爆气,0.508611,0.000866
1322,罪恶快感,1414,卡皮巴拉空投,0.429574,0.000036
1053,科学狂人,1061,回力OK镖,0.532205,0.000068
1053,科学狂人,1074,缩小射线,0.48823,0.000149
1009,霸符兄弟,1151,面包和奶酪,0.50555,0.000272
1320,升级：收集者,1401,生机迸发,0.488763,0.000118
1113,老练狙神,2004,信念者的强化,0.454779,0.000017
1149,不动如山,1332,不祥契约,0.446403,0.000061
1082,残暴之力,1401,生机迸发,0.477652,0.000054
1204,叠角龙,1324,蛋白粉奶昔,0.471931,0.000021
1032,裁决使,1310,小丑学院,0.522182,0.003396
1018,巨像的勇气,1133,魔法飞弹,0.459564,0.000166
1051,点亮他们！,1347,吵闹鬼,0.486452,0.000029
1237,质变：黄金阶,2007,你肩上的恶魔,0.459546,0.000022
1400,最终都市列车,2007,你肩上的恶魔,0.491502,0.000047
1042,恶趣味,1051,点亮他们！,0.45731,0.000015
1084,穿针引线,1372,小猫咪找妈妈,0.44803,0.000016
1320,升级：收集者,1375,吞噬灵魂,0.45941,0.00011
1060,海洋龙魂,1220,连拨击锤,0.46677,0.000133
1007,大力,1319,升级：献祭,0.510065,0.000072
1340,升级：米凯尔的祝福,2003,魄罗之王的弹跳,0.503308,0.000002
1067,古式佳酿,1326,夜狩,0.475285,0.000268
1018,巨像的勇气,1019,全凭身法,0.47082,0.00006
1077,灵魂虹吸,1397,地狱三头犬,0.48444,0.000339
1046,炼狱龙魂,1154,任务：海牛阿福的勇士,0.490458,0.000189
1015,死亡之环,1095,风语者的祝福,0.491812,0.000193
1026,唯快不破,1250,一板一眼,0.498144,0.000148
1082,残暴之力,1133,魔法飞弹,0.456306,0.000201
1063,狂徒豪气,1113,老练狙神,0.435128,0.000017
1205,物理转魔法,1308,火狐,0.526156,0.000465
1057,山脉龙魂,1386,转得我眩晕了,0.43758,0.000001
1156,任务：沃格勒特的巫师帽,1320,升级：收集者,0.44081,0.000027
1052,闪电打击,1086,精准奇才,0.4449,0.000104
1066,量子计算,2016,注魔,0.468843,0.000014
1069,退敌力场,1305,练腿日,0.461306,0.000066
1015,死亡之环,1379,未知符文_1379,0.452988,0.000004
1072,炽烈黎明,1103,面包和黄油,0.474559,0.000145
1035,感受燃烧,2003,魄罗之王的弹跳,0.25,0
1044,冰寒,1107,接二连三,0.460248,0.000146
1326,夜狩,1336,升级：无尽之刃,0.477798,0.000562
1022,灵巧,1029,虚幻武器,0.493393,0.000757
1050,基石法师,2009,狂热者,0.466863,0.000075
1079,战争交响乐,1243,质变：混沌,0.492855,0.000257
1038,有始有终,1087,台风,0.48667,0.000337
1029,虚幻武器,1030,尤里卡,0.498163,0.0009
1039,冰霜 幽灵,1041,歌利亚巨人,0.492853,0.001226
1097,巫师式思考,1317,升级：弯刀,0.417812,0.000001
1056,由心及物,1068,循环往复,0.525582,0.000937
1023,魔鬼之舞,1104,仆从大师,0.476459,0.000015
1154,任务：海牛阿福的勇士,1342,雪球扭蛋机,0.469954,0.000036
1198,圣火,1220,连拨击锤,0.436646,0.000019
1009,霸符兄弟,1389,男爵之手,0.548097,0.000014
1084,穿针引线,1116,闪现向前,0.459696,0.000128
1023,魔鬼之舞,1337,尊我为王,0.514655,0.000077
1018,巨像的勇气,2003,魄罗之王的弹跳,0.49837,0.000014
1061,回力OK镖,1392,神圣雪球,0.464736,0.000021
1118,会心治疗,1375,吞噬灵魂,0.4572,0.000505
1042,恶趣味,1063,狂徒豪气,0.486532,0.000086
1058,秘术冲拳,1067,古式佳酿,0.50502,0.000551
1198,圣火,1388,无限循环往复,0.495505,0.000088
1211,杀戮时间到了,1406,祖母的辣椒油,0.519823,0.000657
1028,侵蚀,1050,基石法师,0.514834,0.00018
1004,回归基本功,1311,溢流,0.583511,0.000705
1097,巫师式思考,1214,旋转至胜,0.524176,0.000039
1085,折磨者,1205,物理转魔法,0.462645,0.00015
1081,踢踏舞,1324,蛋白粉奶昔,0.451081,0.000047
1072,炽烈黎明,1313,作弊：我能回城！,0.489976,0.000144
1058,秘术冲拳,1225,双刀流,0.514878,0.000722
0,无符文,1064,坚韧,0.58983,0.028731
1211,杀戮时间到了,1348,闪闪现现,0.456798,0.00007
1088,终极刷新,1317,升级：弯刀,0.394264,0.000005
1006,利刃华尔兹,1335,夺金,0.46975,0.000032
1250,一板一眼,1305,练腿日,0.486799,0.000272
1018,巨像的勇气,1413,和我一起困在这里,0.47253,0.000006
1150,面包和果酱,1208,轨道镭射,0.45821,0.000037
1141,全心为你,1388,无限循环往复,0.517968,0.000066
1214,旋转至胜,1337,尊我为王,0.516342,0.000034
1039,冰霜 幽灵,1081,踢踏舞,0.451376,0.000094
1025,俯冲轰炸,2026,杀意翻涌,0.526092,0.000101
1323,残忍,1409,魄罗爆破手,0.556042,0.000292
1041,歌利亚巨人,1051,点亮他们！,0.495454,0.000182
1026,唯快不破,1044,冰寒,0.530023,0.000207
1027,大地苏醒,1332,不祥契约,0.454248,0.000022
1061,回力OK镖,1356,暴击飞弹,0.487299,0.000053
1019,全凭身法,1339,激光治疗,0.444363,0.000002
1025,俯冲轰炸,1141,全心为你,0.442965,0.000037
1068,循环往复,1326,夜狩,0.466312,0.00061
1007,大力,1041,歌利亚巨人,0.525041,0.00065
1198,圣火,1340,升级：米凯尔的祝福,0.51117,0.000151
1048,珠光护手,1151,面包和奶酪,0.476049,0.001156
1152,任务：钢化你心,1318,升级：中娅,0.417401,0.000095
1238,质变：棱彩阶,1323,残忍,0.513254,0.000621
1023,魔鬼之舞,1313,作弊：我能回城！,0.495301,0.00028
1037,急救用具,1051,点亮他们！,0.471551,0.000028
1045,炼狱导管,1107,接二连三,0.436054,0.000126
1013,星界躯体,1187,闪光弹,0.479494,0.00009
1053,科学狂人,1112,终极不可阻挡,0.492604,0.000088
1325,玻璃大炮,2009,狂热者,0.446584,0.000066
1138,渴血,1409,魄罗爆破手,0.494769,0.000483
1180,超强大脑,1316,刃下生风,0.477938,0.000036
1372,小猫咪找妈妈,1418,砸开那颗蛋,0.506867,0.000008
1039,冰霜 幽灵,1180,超强大脑,0.445274,0.000076
1116,闪现向前,1141,全心为你,0.467911,0.000008
1073,暗影疾奔,1118,会心治疗,0.524943,0.00047
1035,感受燃烧,1348,闪闪现现,0.333333,0
1046,炼狱龙魂,2004,信念者的强化,0.457462,0.000006
1019,全凭身法,1386,转得我眩晕了,0.429817,0.000001
1305,练腿日,1341,帽上加帽,0.495072,0.000195
1084,穿针引线,1411,升级：荆棘之甲,0.489684,0.000025
1180,超强大脑,1335,夺金,0.508567,0.000082
1052,闪电打击,1150,面包和果酱,0.469629,0.000222
1037,急救用具,1070,无休回复,0.485422,0.000183
1048,珠光护手,1322,罪恶快感,0.475,0.001368
2005,扳机炼狱,2009,狂热者,0.458544,0.000047
1034,防护面纱,1389,男爵之手,0.527525,0.000006
1045,炼狱导管,1388,无限循环往复,0.527704,0.000352
1079,战争交响乐,1416,海克斯科技龙魂,0.458198,0.000056
1074,缩小射线,1421,舞会女王,0.466907,0.00002
1074,缩小射线,1389,男爵之手,0.504727,0.000011
1079,战争交响乐,1318,升级：中娅,0.444781,0.000023
1149,不动如山,1401,生机迸发,0.481101,0.000072
1019,全凭身法,1077,灵魂虹吸,0.464856,0.000248
1087,台风,1335,夺金,0.478532,0.000104
1108,自我毁灭,1115,最万用的瞄准镜,0.453623,0.000096
1042,恶趣味,1237,质变：黄金阶,0.48858,0.000155
0,无符文,1060,海洋龙魂,0.616159,0.016765
1181,重量级打击手,1335,夺金,0.489725,0.000107
1133,魔法飞弹,1318,升级：中娅,0.490445,0.001584
1349,终极唤醒,1389,男爵之手,0.509489,0.000004
1022,灵巧,1353,坦克引擎,0.49711,0.000931
1004,回归基本功,1136,扇巴掌,0.524024,0.000247
1028,侵蚀,1347,吵闹鬼,0.483438,0.000028
1019,全凭身法,1112,终极不可阻挡,0.445706,0.000177
1034,防护面纱,1115,最万用的瞄准镜,0.490217,0.000167
1028,侵蚀,2016,注魔,0.48161,0.000014
1066,量子计算,1392,神圣雪球,0.457841,0.00002
1028,侵蚀,1323,残忍,0.503764,0.000144
1092,易损,1180,超强大脑,0.500332,0.000224
1082,残暴之力,1150,面包和果酱,0.46211,0.000239
1057,山脉龙魂,1409,魄罗爆破手,0.472942,0.000068
1206,魔法转物理,1372,小猫咪找妈妈,0.454785,0.000003
1041,歌利亚巨人,2009,狂热者,0.497343,0.000176
1113,老练狙神,1421,舞会女王,0.441788,0.000002
1046,炼狱龙魂,1415,双生火焰,0.471475,0.000174
1009,霸符兄弟,1013,星界躯体,0.510334,0.000278
1112,终极不可阻挡,1187,闪光弹,0.462138,0.000044
1050,基石法师,2010,双发快射,0.446299,0.000013
1079,战争交响乐,1421,舞会女王,0.487942,0.000011
1208,轨道镭射,1339,激光治疗,1,0
1037,急救用具,1418,砸开那颗蛋,0.506138,0.000029
1149,不动如山,2006,飞身踢,0.477378,0.000204
1028,侵蚀,1082,残暴之力,0.473234,0.000145
1051,点亮他们！,1424,???,0.45088,0.000014
1020,黎明使者的坚决,1035,感受燃烧,0.502143,0.000065
1115,最万用的瞄准镜,1151,面包和奶酪,0.459233,0.000197
1373,缩小引擎,1424,???,0.475593,0.000051
1195,巨人杀手,2002,虚空裂隙,0.550832,0.000243
1052,闪电打击,1332,不祥契约,0.479613,0.000065
1056,由心及物,1097,巫师式思考,0.514116,0.00088
1152,任务：钢化你心,1342,雪球扭蛋机,0.490664,0.000372
1009,霸符兄弟,1411,升级：荆棘之甲,0.558289,0.000016
1243,质变：混沌,1348,闪闪现现,0.450388,0.000128
1044,冰寒,1333,逃跑计划,0.538669,0.000523
1346,吸血习性,1372,小猫咪找妈妈,0.464184,0.000015
0,无符文,1019,全凭身法,0.584481,0.015507
1082,残暴之力,1152,任务：钢化你心,0.471918,0.000416
1181,重量级打击手,1420,咏叹奏鸣,0.518136,0.000262
1046,炼狱龙魂,1077,灵魂虹吸,0.479921,0.000617
1002,尖端发明家,1050,基石法师,0.463167,0.000222
1046,炼狱龙魂,1053,科学狂人,0.517214,0.000298
1062,全能龙魂,1416,海克斯科技龙魂,0.505881,0.00004
1330,活力再生,1344,最终形态,0.442966,0.000005
1095,风语者的祝福,1372,小猫咪找妈妈,0.561936,0.000078
1063,狂徒豪气,1411,升级：荆棘之甲,0.522072,0.000021
1105,家园卫士,1180,超强大脑,0.544243,0.00019
1154,任务：海牛阿福的勇士,1225,双刀流,0.562534,0.000093
1328,暴击律动,1339,激光治疗,0.39392,0.000005
1150,面包和果酱,1238,质变：棱彩阶,0.48904,0.000922
1030,尤里卡,1361,任务：艾卡西亚的陷落,0.484407,0.000013
1042,恶趣味,1081,踢踏舞,0.461109,0.000071
1084,穿针引线,1346,吸血习性,0.519972,0.005159
1345,心灵净化,2007,你肩上的恶魔,0.417095,0.000055
1149,不动如山,1237,质变：黄金阶,0.474467,0.000204
1315,快中求稳,1321,砍伤,0.513144,0.000158
1053,科学狂人,1404,属性！,0.562299,0.000032
1037,急救用具,1314,强力护盾,0.457811,0.000156
1305,练腿日,1415,双生火焰,0.486358,0.000061
1084,穿针引线,1211,杀戮时间到了,0.473093,0.001803
1391,红包,2002,虚空裂隙,0.568209,0.000294
1345,心灵净化,1375,吞噬灵魂,0.461378,0.000387
1133,魔法飞弹,1339,激光治疗,0.469386,0.000106
1057,山脉龙魂,1301,神圣干预,0.464608,0.000118
1372,小猫咪找妈妈,1392,神圣雪球,0.451069,0.000001
1067,古式佳酿,2007,你肩上的恶魔,0.437487,0.000046
1195,巨人杀手,1315,快中求稳,0.561953,0.000734
1214,旋转至胜,1384,捐赠,0.543472,0.000078
1313,作弊：我能回城！,1421,舞会女王,0.499146,0.000058
1401,生机迸发,1996,升级：耀光,0.497414,0.000047
1098,急急小子,1136,扇巴掌,0.518456,0.000227
1340,升级：米凯尔的祝福,1400,最终都市列车,0.493034,0.000007
1361,任务：艾卡西亚的陷落,1379,未知符文_1379,0.43618,0
1063,狂徒豪气,1418,砸开那颗蛋,0.483619,0.000003
1064,坚韧,1349,终极唤醒,0.459733,0.000227
1039,冰霜 幽灵,1066,量子计算,0.505942,0.000833
1069,退敌力场,1077,灵魂虹吸,0.460901,0.000094
1225,双刀流,1237,质变：黄金阶,0.538935,0.000505
1013,星界躯体,1204,叠角龙,0.483302,0.000055
1047,关键暴击,1346,吸血习性,0.531583,0.001915
1006,利刃华尔兹,1103,面包和黄油,0.448508,0.00029
1052,闪电打击,1082,残暴之力,0.470909,0.000543
1103,面包和黄油,1336,升级：无尽之刃,0.473191,0.000379
1004,回归基本功,1372,小猫咪找妈妈,0.481594,0.00001
1023,魔鬼之舞,1028,侵蚀,0.497123,0.00014
1019,全凭身法,1150,面包和果酱,0.45742,0.000296
1018,巨像的勇气,1346,吸血习性,0.461091,0.000226
1022,灵巧,1073,暗影疾奔,0.542216,0.000683
1038,有始有终,1081,踢踏舞,0.496364,0.000307
1011,你摸不到,2016,注魔,0.458925,0.000011
1044,冰寒,1045,炼狱导管,0.539907,0.003339
1026,唯快不破,2006,飞身踢,0.486636,0.000038
1085,折磨者,1214,旋转至胜,0.46613,0.000008
1025,俯冲轰炸,1092,易损,0.500246,0.000335
1180,超强大脑,1308,火狐,0.531479,0.00016
1025,俯冲轰炸,1134,亮出你的剑,0.601818,0.000124
1073,暗影疾奔,1104,仆从大师,0.494297,0.000041
1006,利刃华尔兹,1400,最终都市列车,0.495872,0.000143
1028,侵蚀,1344,最终形态,0.499399,0.000306
1375,吞噬灵魂,1388,无限循环往复,0.519256,0.002619
1006,利刃华尔兹,12317,潘朵拉的盒子,0.516206,0
1068,循环往复,1112,终极不可阻挡,0.472974,0.0003
1080,会心防御,1418,砸开那颗蛋,0.503446,0.000001
1061,回力OK镖,1072,炽烈黎明,0.493702,0.000044
1329,史上最大雪球,2007,你肩上的恶魔,0.437755,0.000011
1038,有始有终,1061,回力OK镖,0.523227,0.000199
1104,仆从大师,1150,面包和果酱,0.503508,0.000071
1384,捐赠,1392,神圣雪球,0.472343,0.000073
1023,魔鬼之舞,2005,扳机炼狱,0.461169,0.000057
1022,灵巧,1054,物法皆修,0.479412,0.000731
1118,会心治疗,1347,吵闹鬼,0.458717,0.000073
1035,感受燃烧,1400,最终都市列车,0.520126,0.000048
1180,超强大脑,1337,尊我为王,0.519623,0.000062
1113,老练狙神,1138,渴血,0.470535,0.000747
1082,残暴之力,1194,精怪魔法,0.45532,0.000104
1020,黎明使者的坚决,1308,火狐,0.501044,0.000044
1018,巨像的勇气,1086,精准奇才,0.452483,0.000024
1113,老练狙神,1339,激光治疗,0.467159,0.000049
1118,会心治疗,2009,狂热者,0.496602,0.000261
1070,无休回复,1339,激光治疗,0.458799,0.00003
1112,终极不可阻挡,1404,属性！,0.511758,0.000022
1237,质变：黄金阶,1320,升级：收集者,0.488463,0.000412
1118,会心治疗,1345,心灵净化,0.455816,0.000705
1032,裁决使,1077,灵魂虹吸,0.482365,0.001516
1108,自我毁灭,1421,舞会女王,0.527782,0.000517
1311,溢流,1338,升级：狂妄,0.49845,0.000546
1056,由心及物,1181,重量级打击手,0.509475,0.000444
1018,巨像的勇气,1424,???,0.447881,0.000003
1038,有始有终,1107,接二连三,0.484685,0.000295
1214,旋转至胜,1400,最终都市列车,0.551724,0.000055
1149,不动如山,1214,旋转至胜,0.469043,0.00002
1321,砍伤,1348,闪闪现现,0.4415,0.000016
1205,物理转魔法,1327,坚若磐石,0.461485,0.000169
1107,接二连三,1332,不祥契约,0.465199,0.000066
1118,会心治疗,1156,任务：沃格勒特的巫师帽,0.468838,0.000183
1180,超强大脑,1342,雪球扭蛋机,0.490965,0.000088
1205,物理转魔法,1335,夺金,0.504387,0.00031
1069,退敌力场,2003,魄罗之王的弹跳,0.436099,0.00001
1084,穿针引线,1400,最终都市列车,0.519336,0.000526
1112,终极不可阻挡,1403,属性叠属性！,0.519808,0.000041
1373,缩小引擎,1400,最终都市列车,0.516617,0.000323
1087,台风,1331,至高天诺言,0.444966,0.000006
1095,风语者的祝福,2008,负重爆气,0.506679,0.000074
1035,感受燃烧,1057,山脉龙魂,0.494802,0.000065
1023,魔鬼之舞,1107,接二连三,0.484852,0.000235
1211,杀戮时间到了,1315,快中求稳,0.504713,0.000456
1208,轨道镭射,1319,升级：献祭,0.471087,0.000024
1028,侵蚀,1361,任务：艾卡西亚的陷落,0.541872,0.00009
1007,大力,12317,潘朵拉的盒子,0.522313,0.000001
1086,精准奇才,1206,魔法转物理,0.444164,0.000131
1052,闪电打击,1379,未知符文_1379,0.488751,0.000007
1071,更万用的瞄准镜,2026,杀意翻涌,0.502858,0.000193
1097,巫师式思考,12317,潘朵拉的盒子,0.482087,0.000002
1063,狂徒豪气,1077,灵魂虹吸,0.527855,0.000264
1134,亮出你的剑,1206,魔法转物理,0.599694,0.000559
1305,练腿日,2003,魄罗之王的弹跳,0.48642,0.000025
1345,心灵净化,1403,属性叠属性！,0.509659,0.000164
1329,史上最大雪球,1391,红包,0.523207,0.000141
1023,魔鬼之舞,1328,暴击律动,0.486985,0.000023
1047,关键暴击,1397,地狱三头犬,0.46584,0.000227
1151,面包和奶酪,1392,神圣雪球,0.434269,0.000032
1314,强力护盾,1416,海克斯科技龙魂,0.457151,0.000014
1156,任务：沃格勒特的巫师帽,2016,注魔,0.493074,0.000104
1075,慢炖,1220,连拨击锤,0.453295,0.000088
1344,最终形态,1390,超凡邪恶,0.505055,0.000385
1149,不动如山,2001,当心小蛋糕！,0.466663,0.000064
1108,自我毁灭,1225,双刀流,0.492253,0.000112
1332,不祥契约,1384,捐赠,0.506613,0.000124
1097,巫师式思考,1389,男爵之手,0.52553,0.000026
1325,玻璃大炮,2026,杀意翻涌,0.422861,0.000027
1058,秘术冲拳,1416,海克斯科技龙魂,0.459881,0.000073
1092,易损,1323,残忍,0.474543,0.000152
1305,练腿日,1318,升级：中娅,0.49639,0.000119
1044,冰寒,1420,咏叹奏鸣,0.550671,0.000332
1011,你摸不到,1334,升级：雪球,0.458811,0.000071
1180,超强大脑,1314,强力护盾,0.454571,0.000075
1319,升级：献祭,2005,扳机炼狱,0.452872,0.000044
1070,无休回复,1150,面包和果酱,0.493108,0.000188
1358,弹球,1388,无限循环往复,0.466494,0.000126
1151,面包和奶酪,1345,心灵净化,0.474172,0.000615
1347,吵闹鬼,1397,地狱三头犬,0.446623,0.000032
1075,慢炖,1214,旋转至胜,0.488401,0.000062
1336,升级：无尽之刃,1386,转得我眩晕了,0.442628,0.000002
1152,任务：钢化你心,1347,吵闹鬼,0.456218,0.00011
1358,弹球,2018,纯粹主义者 - 术师,0.442041,0.000053
1112,终极不可阻挡,1238,质变：棱彩阶,0.485621,0.000477
1045,炼狱导管,1316,刃下生风,0.471064,0.000066
1045,炼狱导管,2002,虚空裂隙,0.528241,0.000414
1070,无休回复,2004,信念者的强化,0.48762,0.000011
12317,潘朵拉的盒子,1328,暴击律动,0.506911,0.000001
1050,基石法师,1390,超凡邪恶,0.495615,0.001068
1250,一板一眼,1338,升级：狂妄,0.480046,0.001399
1058,秘术冲拳,1389,男爵之手,0.512281,0.000009
1086,精准奇才,1133,魔法飞弹,0.494736,0.000683
1086,精准奇才,1138,渴血,0.460842,0.000187
1112,终极不可阻挡,1250,一板一眼,0.447807,0.000191
1077,灵魂虹吸,1416,海克斯科技龙魂,0.480731,0.00006
1084,穿针引线,1134,亮出你的剑,0.577226,0.000524
1018,巨像的勇气,1356,暴击飞弹,0.430772,0.000003
1030,尤里卡,1337,尊我为王,0.606117,0.000277
1044,冰寒,1085,折磨者,0.482886,0.000207
1050,基石法师,12317,潘朵拉的盒子,0.501428,0.000001
1053,科学狂人,1403,属性叠属性！,0.565102,0.00005
1308,火狐,1330,活力再生,0.468378,0.000005
1150,面包和果酱,12317,潘朵拉的盒子,0.490979,0.000001
1095,风语者的祝福,1104,仆从大师,0.467253,0.000009
1305,练腿日,1361,任务：艾卡西亚的陷落,0.541786,0.000068
1039,冰霜 幽灵,1418,砸开那颗蛋,0.519523,0.000003
0,无符文,1996,升级：耀光,0.667089,0.011652
1237,质变：黄金阶,1384,捐赠,0.552031,0.000283
1061,回力OK镖,1338,升级：狂妄,0.499387,0.000168
2002,虚空裂隙,2003,魄罗之王的弹跳,0.49474,0.000018
1011,你摸不到,1375,吞噬灵魂,0.442442,0.000044
1328,暴击律动,1335,夺金,0.491757,0.000108
1053,科学狂人,1311,溢流,0.549774,0.000328
1205,物理转魔法,1353,坦克引擎,0.477396,0.001694
1082,残暴之力,2008,负重爆气,0.465198,0.000175
1011,你摸不到,1424,???,0.439173,0.000002
1077,灵魂虹吸,2010,双发快射,0.520911,0.00037
1112,终极不可阻挡,1341,帽上加帽,0.453986,0.000143
1050,基石法师,1118,会心治疗,0.471563,0.000214
1134,亮出你的剑,1409,魄罗爆破手,0.551085,0.000109
1180,超强大脑,1336,升级：无尽之刃,0.428009,0.000008
1026,唯快不破,2010,双发快射,0.515403,0.000033
12317,潘朵拉的盒子,2016,注魔,0.425584,0
1039,冰霜 幽灵,1098,急急小子,0.451827,0.000073
1390,超凡邪恶,1392,神圣雪球,0.452812,0.00013
1073,暗影疾奔,1180,超强大脑,0.526179,0.000122
1047,关键暴击,1301,神圣干预,0.449806,0.000099
1313,作弊：我能回城！,1414,卡皮巴拉空投,0.44296,0.000038
1050,基石法师,1206,魔法转物理,0.42521,0.000051
1098,急急小子,1346,吸血习性,0.525199,0.000726
1342,雪球扭蛋机,1356,暴击飞弹,0.465658,0.000025
1113,老练狙神,1129,神射法师,0.466769,0.000651
1023,魔鬼之舞,1401,生机迸发,0.500588,0.000052
1051,点亮他们！,1346,吸血习性,0.554813,0.00174
1025,俯冲轰炸,1347,吵闹鬼,0.455712,0.000028
1358,弹球,2003,魄罗之王的弹跳,1,0
1061,回力OK镖,1134,亮出你的剑,0.552157,0.00007
1018,巨像的勇气,1129,神射法师,0.435235,0.000056
1070,无休回复,1116,闪现向前,0.496878,0.000031
1105,家园卫士,1154,任务：海牛阿福的勇士,0.518116,0.000077
1092,易损,1405,速度恶魔,0.495724,0.000296
1104,仆从大师,1198,圣火,0.456063,0.000009
2005,扳机炼狱,2008,负重爆气,0.455172,0.00013
0,无符文,1384,捐赠,0.648943,0.025737
1085,折磨者,1356,暴击飞弹,0.461413,0.00001
1009,霸符兄弟,1392,神圣雪球,0.470957,0.000041
1320,升级：收集者,1361,任务：艾卡西亚的陷落,0.496021,0.000023
1063,狂徒豪气,1353,坦克引擎,0.493018,0.000639
1035,感受燃烧,1041,歌利亚巨人,0.501082,0.000197
1074,缩小射线,2010,双发快射,0.478962,0.000186
1013,星界躯体,1113,老练狙神,0.454014,0.00007
1346,吸血习性,1349,终极唤醒,0.506466,0.000942
1335,夺金,1341,帽上加帽,0.505812,0.000201
1156,任务：沃格勒特的巫师帽,1353,坦克引擎,0.490013,0.000467
1022,灵巧,1335,夺金,0.502345,0.000182
1074,缩小射线,1313,作弊：我能回城！,0.458615,0.000398
1338,升级：狂妄,1403,属性叠属性！,0.52736,0.000226
1330,活力再生,1375,吞噬灵魂,0.466806,0.000009
1030,尤里卡,1115,最万用的瞄准镜,0.460828,0.000088
1032,裁决使,1322,罪恶快感,0.479753,0.003822
1029,虚幻武器,1037,急救用具,0.45733,0.000221
1198,圣火,1335,夺金,0.460661,0.000025
1208,轨道镭射,1317,升级：弯刀,0.401062,0.000001
1152,任务：钢化你心,1322,罪恶快感,0.486145,0.000697
1318,升级：中娅,1372,小猫咪找妈妈,0.470457,0.000015
1057,山脉龙魂,1345,心灵净化,0.459489,0.000246
1118,会心治疗,1405,速度恶魔,0.472844,0.000334
1310,小丑学院,1325,玻璃大炮,0.505581,0.000211
1335,夺金,1392,神圣雪球,0.463513,0.000006
1301,神圣干预,1413,和我一起困在这里,0.475608,0.000018
1041,歌利亚巨人,1318,升级：中娅,0.450685,0.000125
1013,星界躯体,1418,砸开那颗蛋,0.4696,0.000009
1063,狂徒豪气,1092,易损,0.503855,0.000161
1038,有始有终,1337,尊我为王,0.545334,0.00017
1047,关键暴击,1187,闪光弹,0.468872,0.000067
1007,大力,1205,物理转魔法,0.408112,0.000015
1150,面包和果酱,1320,升级：收集者,0.450376,0.000287
1053,科学狂人,1097,巫师式思考,0.520838,0.000244
1007,大力,2001,当心小蛋糕！,0.537237,0.000118
1250,一板一眼,1409,魄罗爆破手,0.471595,0.000199
1039,冰霜 幽灵,1324,蛋白粉奶昔,0.458955,0.000319
1391,红包,1402,属性叠属性叠属性！,0.573965,0.00013
1138,渴血,1198,圣火,0.462836,0.000129
1170,万用瞄准镜,1413,和我一起困在这里,0.468173,0.000011
1335,夺金,1373,缩小引擎,0.529422,0.000131
1198,圣火,1421,舞会女王,0.480866,0.000011
1403,属性叠属性！,2010,双发快射,0.5552,0.000075
1323,残忍,1418,砸开那颗蛋,0.484113,0.000004
1088,终极刷新,1112,终极不可阻挡,0.435362,0.000309
1080,会心防御,1195,巨人杀手,0.545489,0.000568
1057,山脉龙魂,1323,残忍,0.481447,0.000157
1403,属性叠属性！,1414,卡皮巴拉空投,0.490468,0.000028
1151,面包和奶酪,1225,双刀流,0.495931,0.000264
1129,神射法师,1315,快中求稳,0.529139,0.000335
1152,任务：钢化你心,1243,质变：混沌,0.493692,0.000747
1324,蛋白粉奶昔,1404,属性！,0.488772,0.000033
1347,吵闹鬼,1375,吞噬灵魂,0.45022,0.000021
1045,炼狱导管,1058,秘术冲拳,0.470576,0.000202
1056,由心及物,1104,仆从大师,0.512174,0.000056
1070,无休回复,1405,速度恶魔,0.531079,0.000145
1044,冰寒,1115,最万用的瞄准镜,0.4647,0.000141
1318,升级：中娅,1420,咏叹奏鸣,0.552426,0.000157
1006,利刃华尔兹,2026,杀意翻涌,0.453434,0.000094
1056,由心及物,1317,升级：弯刀,0.448424,0.000001
1141,全心为你,1375,吞噬灵魂,0.465648,0.00004
1116,闪现向前,1318,升级：中娅,0.472887,0.000057
1074,缩小射线,1346,吸血习性,0.505465,0.002062
1092,易损,1342,雪球扭蛋机,0.484067,0.00015
1098,急急小子,1314,强力护盾,0.449909,0.000036
1087,台风,1170,万用瞄准镜,0.477078,0.000978
1082,残暴之力,1406,祖母的辣椒油,0.4685,0.000027
1081,踢踏舞,2006,飞身踢,0.484159,0.000091
1026,唯快不破,1113,老练狙神,0.496333,0.000137
1027,大地苏醒,2001,当心小蛋糕！,0.500718,0.000014
1036,火上浇油,1082,残暴之力,0.459158,0.00029
1118,会心治疗,1225,双刀流,0.54941,0.000923
1152,任务：钢化你心,1392,神圣雪球,0.424421,0.000075
2009,狂热者,2016,注魔,0.473283,0.000048
1397,地狱三头犬,2026,杀意翻涌,0.470425,0.000049
1002,尖端发明家,1321,砍伤,0.473319,0.000343
1149,不动如山,1305,练腿日,0.479771,0.000154
1108,自我毁灭,1402,属性叠属性叠属性！,0.509064,0.000049
0,无符文,1347,吵闹鬼,0.558346,0.002839
2003,魄罗之王的弹跳,2016,注魔,0.462742,0.000011
1181,重量级打击手,1314,强力护盾,0.491486,0.000288
1066,量子计算,1133,魔法飞弹,0.465214,0.000265
1075,慢炖,1225,双刀流,0.468427,0.000095
1133,魔法飞弹,1138,渴血,0.500456,0.001171
1060,海洋龙魂,1328,暴击律动,0.498101,0.000195
1156,任务：沃格勒特的巫师帽,1341,帽上加帽,0.491946,0.00173
1314,强力护盾,1320,升级：收集者,0.455008,0.000059
1045,炼狱导管,1105,家园卫士,0.558125,0.000589
1118,会心治疗,1325,玻璃大炮,0.438658,0.000104
1081,踢踏舞,1404,属性！,0.524089,0.000067
1329,史上最大雪球,2006,飞身踢,0.471888,0.000076
1053,科学狂人,1391,红包,0.572197,0.000145
1113,老练狙神,1405,速度恶魔,0.478974,0.000395
1061,回力OK镖,1401,生机迸发,0.513857,0.000044
1028,侵蚀,1339,激光治疗,0.472211,0.000013
1108,自我毁灭,1141,全心为你,0.504358,0.000045
1062,全能龙魂,1243,质变：混沌,0.529409,0.000224
1062,全能龙魂,1339,激光治疗,0.468524,0.000011
1118,会心治疗,1194,精怪魔法,0.446208,0.00014
1046,炼狱龙魂,1064,坚韧,0.471468,0.000365
1108,自我毁灭,1392,神圣雪球,0.445576,0.0001
1104,仆从大师,1107,接二连三,0.420152,0.00001
1328,暴击律动,1329,史上最大雪球,0.447386,0.000063
1076,天音爆,1305,练腿日,0.491135,0.00004
1076,天音爆,1136,扇巴掌,0.496927,0.00013
1073,暗影疾奔,1204,叠角龙,0.52849,0.000005
1328,暴击律动,1391,红包,0.567949,0.000348
1097,巫师式思考,2001,当心小蛋糕！,0.497574,0.00029
1095,风语者的祝福,1405,速度恶魔,0.493801,0.000051
1206,魔法转物理,1388,无限循环往复,0.493118,0.000339
1170,万用瞄准镜,1418,砸开那颗蛋,0.446141,0
1034,防护面纱,1058,秘术冲拳,0.457144,0.000148
1208,轨道镭射,1397,地狱三头犬,0.450717,0.000054
1391,红包,1409,魄罗爆破手,0.545019,0.00056
1028,侵蚀,1310,小丑学院,0.518553,0.000164
1316,刃下生风,1358,弹球,0.465448,0.000059
1314,强力护盾,1344,最终形态,0.475462,0.000273
1056,由心及物,1072,炽烈黎明,0.501717,0.000141
1301,神圣干预,1315,快中求稳,0.491247,0.000118
1039,冰霜 幽灵,1156,任务：沃格勒特的巫师帽,0.466438,0.000081
1154,任务：海牛阿福的勇士,1375,吞噬灵魂,0.457877,0.000045
1069,退敌力场,1314,强力护盾,0.416394,0.000021
1225,双刀流,1397,地狱三头犬,0.526311,0.000436
1023,魔鬼之舞,1113,老练狙神,0.443195,0.000046
1389,男爵之手,1403,属性叠属性！,0.583539,0.000011
1420,咏叹奏鸣,2003,魄罗之王的弹跳,0.528115,0.000061
1074,缩小射线,1156,任务：沃格勒特的巫师帽,0.455524,0.000127
1321,砍伤,1996,升级：耀光,0.513686,0.000119
1019,全凭身法,1361,任务：艾卡西亚的陷落,0.517896,0.000016
1097,巫师式思考,1372,小猫咪找妈妈,0.478938,0.000062
1136,扇巴掌,1404,属性！,0.512761,0.000096
1023,魔鬼之舞,1058,秘术冲拳,0.497098,0.00034
1058,秘术冲拳,2004,信念者的强化,0.438952,0.000002
1036,火上浇油,1397,地狱三头犬,0.467421,0.000255
1346,吸血习性,2010,双发快射,0.552649,0.00098
1029,虚幻武器,1082,残暴之力,0.471802,0.000348
1045,炼狱导管,1112,终极不可阻挡,0.475306,0.000221
1313,作弊：我能回城！,1361,任务：艾卡西亚的陷落,0.523586,0.000131
1243,质变：混沌,2007,你肩上的恶魔,0.471982,0.000009
1115,最万用的瞄准镜,1379,未知符文_1379,0.469448,0.000002
1379,未知符文_1379,2008,负重爆气,0.436528,0.000004
1141,全心为你,1322,罪恶快感,0.453616,0.000017
1345,心灵净化,1392,神圣雪球,0.438187,0.00008
1023,魔鬼之舞,1204,叠角龙,0.516273,0.000013
1070,无休回复,2002,虚空裂隙,0.511444,0.000059
1104,仆从大师,1320,升级：收集者,0.45443,0.000029
1061,回力OK镖,1086,精准奇才,0.496827,0.000129
1081,踢踏舞,1108,自我毁灭,0.451454,0.00011
1198,圣火,1333,逃跑计划,0.502192,0.000105
1170,万用瞄准镜,1342,雪球扭蛋机,0.463465,0.00013
1062,全能龙魂,1105,家园卫士,0.538456,0.00012
2003,魄罗之王的弹跳,2004,信念者的强化,0.456069,0.000002
1112,终极不可阻挡,1332,不祥契约,0.445557,0.000063
1032,裁决使,2009,狂热者,0.483685,0.000595
1082,残暴之力,1112,终极不可阻挡,0.459066,0.000169
1034,防护面纱,2008,负重爆气,0.481515,0.000091
1342,雪球扭蛋机,2006,飞身踢,0.474426,0.000143
1086,精准奇才,1194,精怪魔法,0.456739,0.000049
1061,回力OK镖,1225,双刀流,0.506698,0.000152
1384,捐赠,1409,魄罗爆破手,0.519393,0.000512
1020,黎明使者的坚决,1341,帽上加帽,0.474545,0.000092
12317,潘朵拉的盒子,1391,红包,0.504327,0.000001
1042,恶趣味,1181,重量级打击手,0.512202,0.00069
1048,珠光护手,1401,生机迸发,0.470558,0.000176
1318,升级：中娅,1346,吸血习性,0.510078,0.000942
1006,利刃华尔兹,1194,精怪魔法,0.446816,0.000083
1026,唯快不破,1404,属性！,0.56383,0.000013
1238,质变：棱彩阶,2026,杀意翻涌,0.515619,0.000091
1092,易损,1318,升级：中娅,0.488766,0.00032
1081,踢踏舞,1211,杀戮时间到了,0.453387,0.000227
1301,神圣干预,1311,溢流,0.47619,0.000216
1388,无限循环往复,1406,祖母的辣椒油,0.540804,0.000792
1002,尖端发明家,1414,卡皮巴拉空投,0.42037,0.000046
1313,作弊：我能回城！,1416,海克斯科技龙魂,0.482092,0.000089
1067,古式佳酿,2009,狂热者,0.480549,0.000079
1028,侵蚀,1150,面包和果酱,0.486611,0.000184
1023,魔鬼之舞,1211,杀戮时间到了,0.468481,0.000171
1009,霸符兄弟,1390,超凡邪恶,0.523894,0.000645
1063,狂徒豪气,1347,吵闹鬼,0.483342,0.000024
1009,霸符兄弟,1053,科学狂人,0.545487,0.000139
1113,老练狙神,12317,潘朵拉的盒子,0.466615,0.000001
1332,不祥契约,2002,虚空裂隙,0.49375,0.000058
1118,会心治疗,1180,超强大脑,0.4432,0.000145
1214,旋转至胜,1313,作弊：我能回城！,0.489886,0.000117
1007,大力,1379,未知符文_1379,0.445646,0.000001
1086,精准奇才,1340,升级：米凯尔的祝福,0.489706,0.000006
1046,炼狱龙魂,1424,???,0.443499,0.000023
1225,双刀流,1315,快中求稳,0.574423,0.000368
1080,会心防御,1087,台风,0.491965,0.000171
1112,终极不可阻挡,1205,物理转魔法,0.451933,0.000214
1011,你摸不到,1339,激光治疗,0.431159,0.000007
1056,由心及物,1388,无限循环往复,0.525955,0.000592
1053,科学狂人,1325,玻璃大炮,0.492642,0.000088
1397,地狱三头犬,2002,虚空裂隙,0.451505,0.000006
1077,灵魂虹吸,1356,暴击飞弹,0.53317,0.000299
1023,魔鬼之舞,1081,踢踏舞,0.490156,0.00015
1064,坚韧,1348,闪闪现现,0.446849,0.000046
1080,会心防御,1328,暴击律动,0.507619,0.000406
1085,折磨者,1416,海克斯科技龙魂,0.47217,0.000017
1327,坚若磐石,2004,信念者的强化,0.446646,0.000006
1238,质变：棱彩阶,1316,刃下生风,0.510287,0.000401
1077,灵魂虹吸,1108,自我毁灭,0.465621,0.000128
1029,虚幻武器,1220,连拨击锤,0.459678,0.000409
1344,最终形态,1353,坦克引擎,0.484905,0.00193
1026,唯快不破,1064,坚韧,0.480228,0.000079
1034,防护面纱,1403,属性叠属性！,0.53176,0.000032
1347,吵闹鬼,1389,男爵之手,0.515993,0.000002
1046,炼狱龙魂,1136,扇巴掌,0.487246,0.000344
1116,闪现向前,1406,祖母的辣椒油,0.516036,0.000068
1116,闪现向前,1205,物理转魔法,0.473472,0.000088
1205,物理转魔法,1318,升级：中娅,0.482357,0.000856
1088,终极刷新,1104,仆从大师,0.475848,0.00003
1013,星界躯体,1081,踢踏舞,0.472091,0.000277
1009,霸符兄弟,1187,闪光弹,0.498008,0.00003
1013,星界躯体,1250,一板一眼,0.461397,0.000211
1015,死亡之环,1112,终极不可阻挡,0.448262,0.00006
1134,亮出你的剑,1321,砍伤,0.543068,0.000008
1314,强力护盾,1403,属性叠属性！,0.508344,0.000026
1345,心灵净化,2001,当心小蛋糕！,0.484621,0.000238
1319,升级：献祭,1349,终极唤醒,0.474324,0.000087
1068,循环往复,1391,红包,0.541897,0.000454
1154,任务：海牛阿福的勇士,1331,至高天诺言,0.447048,0.000003
1013,星界躯体,1029,虚幻武器,0.471349,0.000692
1051,点亮他们！,1345,心灵净化,0.470321,0.0003
1056,由心及物,1107,接二连三,0.453975,0.000061
1079,战争交响乐,1323,残忍,0.453116,0.000028
1066,量子计算,1361,任务：艾卡西亚的陷落,0.521732,0.000041
1053,科学狂人,1335,夺金,0.522751,0.00003
1071,更万用的瞄准镜,1152,任务：钢化你心,0.492948,0.000956
1136,扇巴掌,1384,捐赠,0.513471,0.000478
1060,海洋龙魂,1392,神圣雪球,0.463752,0.000043
1156,任务：沃格勒特的巫师帽,2006,飞身踢,0.477698,0.000045
1081,踢踏舞,1384,捐赠,0.519589,0.000283
1035,感受燃烧,1134,亮出你的剑,0.551712,0.000036
1108,自我毁灭,1400,最终都市列车,0.536555,0.002135
1108,自我毁灭,1211,杀戮时间到了,0.46333,0.000386
1154,任务：海牛阿福的勇士,2016,注魔,0.482148,0.000013
1180,超强大脑,1319,升级：献祭,0.450538,0.000036
1056,由心及物,1326,夜狩,0.48419,0.000121
1133,魔法飞弹,1356,暴击飞弹,0.492961,0.004205
1404,属性！,2010,双发快射,0.548853,0.00004
1077,灵魂虹吸,1133,魔法飞弹,0.472302,0.000471
1025,俯冲轰炸,1041,歌利亚巨人,0.501753,0.000987
1151,面包和奶酪,1340,升级：米凯尔的祝福,0.530097,0.000057
1116,闪现向前,1214,旋转至胜,0.486739,0.000018
1071,更万用的瞄准镜,1331,至高天诺言,0.430454,0.000011
1018,巨像的勇气,1397,地狱三头犬,0.447585,0.000044
1181,重量级打击手,1313,作弊：我能回城！,0.510326,0.001067
1152,任务：钢化你心,1416,海克斯科技龙魂,0.472834,0.0001
1329,史上最大雪球,2008,负重爆气,0.479126,0.000236
1074,缩小射线,1314,强力护盾,0.437598,0.000051
1397,地狱三头犬,1403,属性叠属性！,0.529286,0.000047
1317,升级：弯刀,1348,闪闪现现,0.386332,0.000001
1036,火上浇油,1077,灵魂虹吸,0.498343,0.000499
1214,旋转至胜,1310,小丑学院,0.548835,0.000203
1098,急急小子,1327,坚若磐石,0.446909,0.000057
1314,强力护盾,1322,罪恶快感,0.464399,0.000136
1314,强力护盾,1319,升级：献祭,0.472599,0.000115
1052,闪电打击,1339,激光治疗,0.401436,0.000005
1050,基石法师,1098,急急小子,0.498883,0.00015
1220,连拨击锤,1361,任务：艾卡西亚的陷落,0.473811,0.000004
1044,冰寒,1138,渴血,0.503507,0.000432
1320,升级：收集者,1372,小猫咪找妈妈,0.442048,0.000003
1041,歌利亚巨人,1317,升级：弯刀,0.433466,0.000011
1214,旋转至胜,1308,火狐,0.542864,0.000015
1067,古式佳酿,1325,玻璃大炮,0.455553,0.000106
1416,海克斯科技龙魂,2010,双发快射,0.478159,0.000043
1061,回力OK镖,1103,面包和黄油,0.489673,0.00018
1098,急急小子,1103,面包和黄油,0.479289,0.000289
1141,全心为你,1996,升级：耀光,0.461363,0.000007
1028,侵蚀,1996,升级：耀光,0.505929,0.000093
1211,杀戮时间到了,1414,卡皮巴拉空投,0.429623,0.000046
1133,魔法飞弹,1319,升级：献祭,0.475552,0.00017
1150,面包和果酱,1345,心灵净化,0.463568,0.000499
1081,踢踏舞,1340,升级：米凯尔的祝福,0.455821,0.000008
1026,唯快不破,1372,小猫咪找妈妈,0.47261,0.000004
1152,任务：钢化你心,2004,信念者的强化,0.415051,0.000012
1320,升级：收集者,1356,暴击飞弹,0.525955,0.000565
1011,你摸不到,1332,不祥契约,0.458952,0.000056
1046,炼狱龙魂,1341,帽上加帽,0.482267,0.000375
1004,回归基本功,1329,史上最大雪球,0.475517,0.000092
1321,砍伤,1403,属性叠属性！,0.534673,0.000051
1214,旋转至胜,1415,双生火焰,0.492554,0.000013
1026,唯快不破,1338,升级：狂妄,0.5262,0.000277
1067,古式佳酿,1406,祖母的辣椒油,0.518164,0.000402
1104,仆从大师,1156,任务：沃格勒特的巫师帽,0.520384,0.000075
1331,至高天诺言,1358,弹球,0.75,0
1103,面包和黄油,1151,面包和奶酪,0.473888,0.001073
1315,快中求稳,1356,暴击飞弹,0.536739,0.000035
1063,狂徒豪气,1405,速度恶魔,0.494305,0.000129
1048,珠光护手,1150,面包和果酱,0.465769,0.000876
2004,信念者的强化,2018,纯粹主义者 - 术师,0.495422,0.000009
1004,回归基本功,1420,咏叹奏鸣,0.574118,0.000088
1002,尖端发明家,1342,雪球扭蛋机,0.463057,0.0002
1036,火上浇油,1045,炼狱导管,0.493506,0.000687
1046,炼狱龙魂,1194,精怪魔法,0.457886,0.000194
1038,有始有终,1048,珠光护手,0.51112,0.002659
1310,小丑学院,2005,扳机炼狱,0.507399,0.000091
1154,任务：海牛阿福的勇士,2003,魄罗之王的弹跳,0.467071,0.000005
1187,闪光弹,1336,升级：无尽之刃,0.485581,0.000076
1225,双刀流,1346,吸血习性,0.595742,0.005067
1063,狂徒豪气,1112,终极不可阻挡,0.484403,0.000151
1022,灵巧,1062,全能龙魂,0.513325,0.000276
1062,全能龙魂,1406,祖母的辣椒油,0.538889,0.000113
1391,红包,1411,升级：荆棘之甲,0.573311,0.000098
0,无符文,1046,炼狱龙魂,0.571543,0.027489
1057,山脉龙魂,1311,溢流,0.473616,0.000106
1348,闪闪现现,1409,魄罗爆破手,0.484281,0
1134,亮出你的剑,1317,升级：弯刀,0.569789,0.000004
1187,闪光弹,2001,当心小蛋糕！,0.470177,0.000001
1238,质变：棱彩阶,1327,坚若磐石,0.481988,0.000398
1333,逃跑计划,2002,虚空裂隙,0.537171,0.000124
1015,死亡之环,1323,残忍,0.489091,0.00007
1108,自我毁灭,1112,终极不可阻挡,0.451429,0.000096
1154,任务：海牛阿福的勇士,1404,属性！,0.53129,0.000018
0,无符文,1409,魄罗爆破手,0.637903,0.018579
1020,黎明使者的坚决,1076,天音爆,0.468657,0.000038
1037,急救用具,1038,有始有终,0.482416,0.000164
1044,冰寒,1411,升级：荆棘之甲,0.508289,0.000031
1056,由心及物,1319,升级：献祭,0.496654,0.000195
1067,古式佳酿,1074,缩小射线,0.458626,0.000205
1346,吸血习性,2026,杀意翻涌,0.510204,0.000586
1079,战争交响乐,1112,终极不可阻挡,0.455623,0.000151
1243,质变：混沌,1404,属性！,0.587375,0.00026
1015,死亡之环,1416,海克斯科技龙魂,0.468059,0.000024
1141,全心为你,1170,万用瞄准镜,0.446473,0.000017
1054,物法皆修,1079,战争交响乐,0.465273,0.000155
1103,面包和黄油,1406,祖母的辣椒油,0.513379,0.000394
1118,会心治疗,1316,刃下生风,0.474834,0.000118
1321,砍伤,2005,扳机炼狱,0.457366,0.000017
1301,神圣干预,1321,砍伤,0.466865,0.000115
1311,溢流,1339,激光治疗,0.46237,0.00008
1058,秘术冲拳,1331,至高天诺言,0.42053,0.000007
1118,会心治疗,2002,虚空裂隙,0.465278,0.000112
1006,利刃华尔兹,1320,升级：收集者,0.452984,0.000563
1353,坦克引擎,1409,魄罗爆破手,0.487736,0.000601
1214,旋转至胜,2010,双发快射,0.472381,0.000019
1060,海洋龙魂,1405,速度恶魔,0.519911,0.000129
1009,霸符兄弟,1331,至高天诺言,0.492147,0.000024
1118,会心治疗,1349,终极唤醒,0.467099,0.000246
1038,有始有终,1318,升级：中娅,0.507139,0.000765
1384,捐赠,2009,狂热者,0.530792,0.000289
1063,狂徒豪气,1404,属性！,0.553971,0.000038
1027,大地苏醒,1044,冰寒,0.440086,0.000019
1004,回归基本功,1037,急救用具,0.504236,0.000116
1328,暴击律动,1996,升级：耀光,0.48641,0.000268
1054,物法皆修,1310,小丑学院,0.488921,0.00008
1081,踢踏舞,1356,暴击飞弹,0.531477,0.000415
1332,不祥契约,2004,信念者的强化,0.4685,0.000002
1095,风语者的祝福,1392,神圣雪球,0.441393,0.000005
1072,炽烈黎明,1344,最终形态,0.481104,0.000063
1045,炼狱导管,1056,由心及物,0.53036,0.001444
1004,回归基本功,1152,任务：钢化你心,0.505647,0.000279
1105,家园卫士,1113,老练狙神,0.52658,0.000611
1020,黎明使者的坚决,1326,夜狩,0.462421,0.000104
1195,巨人杀手,2010,双发快射,0.541002,0.000526
1181,重量级打击手,1996,升级：耀光,0.510188,0.000158
1325,玻璃大炮,1334,升级：雪球,0.458812,0.000088
1009,霸符兄弟,1416,海克斯科技龙魂,0.502926,0.000043
1042,恶趣味,1418,砸开那颗蛋,0.490975,0.000002
12317,潘朵拉的盒子,1308,火狐,0.498703,0.000001
1333,逃跑计划,2006,飞身踢,0.517012,0.000251
1063,狂徒豪气,1071,更万用的瞄准镜,0.534098,0.000501
1004,回归基本功,1327,坚若磐石,0.486494,0.000062
1041,歌利亚巨人,1057,山脉龙魂,0.491859,0.000963
1009,霸符兄弟,1384,捐赠,0.540223,0.000186
1056,由心及物,1347,吵闹鬼,0.48648,0.00005
1220,连拨击锤,1404,属性！,0.482671,0.000043
1208,轨道镭射,1321,砍伤,0.463877,0.000034
1070,无休回复,2001,当心小蛋糕！,0.505541,0.000058
1032,裁决使,1198,圣火,0.472858,0.000282
1063,狂徒豪气,1103,面包和黄油,0.503684,0.000285
1194,精怪魔法,1324,蛋白粉奶昔,0.435992,0.000036
1047,关键暴击,1400,最终都市列车,0.511779,0.000129
1013,星界躯体,1238,质变：棱彩阶,0.496603,0.00159
1308,火狐,2018,纯粹主义者 - 术师,0.510366,0.000054
1034,防护面纱,2002,虚空裂隙,0.503724,0.000068
1023,魔鬼之舞,1243,质变：混沌,0.504819,0.000254
1041,歌利亚巨人,1068,循环往复,0.499906,0.001139
1071,更万用的瞄准镜,1372,小猫咪找妈妈,0.463934,0.000011
1026,唯快不破,1181,重量级打击手,0.499198,0.000061
1038,有始有终,1063,狂徒豪气,0.527781,0.000181
1028,侵蚀,1039,冰霜 幽灵,0.483054,0.000153
1046,炼狱龙魂,1392,神圣雪球,0.444922,0.000093
1053,科学狂人,1349,终极唤醒,0.498825,0.000119
1150,面包和果酱,1400,最终都市列车,0.49843,0.000127
1116,闪现向前,1220,连拨击锤,0.441809,0.000044
1006,利刃华尔兹,1029,虚幻武器,0.462743,0.000297
1004,回归基本功,1044,冰寒,0.511085,0.000222
1064,坚韧,1358,弹球,0.453191,0.00011
1112,终极不可阻挡,2010,双发快射,0.473206,0.00004
1250,一板一眼,1361,任务：艾卡西亚的陷落,0.497124,0.000026
0,无符文,1333,逃跑计划,0.635142,0.023082
1007,大力,1416,海克斯科技龙魂,0.496919,0.000034
1092,易损,1390,超凡邪恶,0.500749,0.00087
1336,升级：无尽之刃,2004,信念者的强化,0.418726,0.000005
1035,感受燃烧,1084,穿针引线,0.467681,0.000199
1082,残暴之力,1324,蛋白粉奶昔,0.44542,0.000084
1002,尖端发明家,1011,你摸不到,0.428958,0.000088
1108,自我毁灭,1413,和我一起困在这里,0.478586,0.000035
1151,面包和奶酪,1181,重量级打击手,0.486197,0.000327
1041,歌利亚巨人,1138,渴血,0.501595,0.001682
1037,急救用具,1208,轨道镭射,0.45936,0.000023
1054,物法皆修,1349,终极唤醒,0.446014,0.000051
1064,坚韧,1411,升级：荆棘之甲,0.526115,0.000294
1339,激光治疗,1402,属性叠属性叠属性！,0.489477,0.000002
1086,精准奇才,1136,扇巴掌,0.496029,0.000116
1002,尖端发明家,2005,扳机炼狱,0.42566,0.00007
1066,量子计算,2010,双发快射,0.461699,0.000026
1156,任务：沃格勒特的巫师帽,1333,逃跑计划,0.53852,0.000393
1061,回力OK镖,1113,老练狙神,0.490727,0.000382
1326,夜狩,1346,吸血习性,0.500947,0.00266
1020,黎明使者的坚决,1411,升级：荆棘之甲,0.538898,0.000054
1067,古式佳酿,1070,无休回复,0.494115,0.000421
1092,易损,1345,心灵净化,0.478617,0.000699
1319,升级：献祭,1397,地狱三头犬,0.471037,0.000026
1038,有始有终,1338,升级：狂妄,0.51713,0.000582
1044,冰寒,1415,双生火焰,0.493592,0.000329
1057,山脉龙魂,1068,循环往复,0.488188,0.000227
1015,死亡之环,1421,舞会女王,0.508195,0.000009
1339,激光治疗,1405,速度恶魔,0.480126,0.000015
1022,灵巧,1104,仆从大师,0.454115,0.000026
1095,风语者的祝福,2002,虚空裂隙,0.490951,0.000012
1057,山脉龙魂,1138,渴血,0.476464,0.000161
1118,会心治疗,1339,激光治疗,0.461889,0.000151
1027,大地苏醒,1353,坦克引擎,0.460575,0.000197
1020,黎明使者的坚决,1063,狂徒豪气,0.504309,0.000119
1034,防护面纱,1068,循环往复,0.504205,0.000346
1321,砍伤,1347,吵闹鬼,0.450972,0.000024
1315,快中求稳,1336,升级：无尽之刃,0.543048,0.000251
1076,天音爆,2002,虚空裂隙,0.472176,0.000027
1044,冰寒,1087,台风,0.465463,0.00012
1071,更万用的瞄准镜,1348,闪闪现现,0.462795,0.00006
1071,更万用的瞄准镜,1402,属性叠属性叠属性！,0.532337,0.000114
1331,至高天诺言,1333,逃跑计划,0.487486,0.000023
1086,精准奇才,1098,急急小子,0.472719,0.000061
1401,生机迸发,2016,注魔,0.473793,0.000017
1030,尤里卡,1051,点亮他们！,0.488808,0.000296
1208,轨道镭射,1250,一板一眼,0.437859,0.000026
1105,家园卫士,1204,叠角龙,0.566974,0.000014
1035,感受燃烧,1416,海克斯科技龙魂,0.481426,0.000024
1326,夜狩,1379,未知符文_1379,0.372802,0.000001
1084,穿针引线,1420,咏叹奏鸣,0.514597,0.00026
1067,古式佳酿,1348,闪闪现现,0.456995,0.000036
1066,量子计算,1372,小猫咪找妈妈,0.47393,0.00001
1007,大力,1386,转得我眩晕了,0.463935,0.000001
1007,大力,1373,缩小引擎,0.513699,0.000254
1104,仆从大师,1317,升级：弯刀,0.39885,0.000001
1208,轨道镭射,1238,质变：棱彩阶,0.474535,0.000136
1019,全凭身法,1149,不动如山,0.458362,0.000069
1250,一板一眼,2003,魄罗之王的弹跳,0.46597,0.000039
1152,任务：钢化你心,1195,巨人杀手,0.493626,0.000617
1029,虚幻武器,1409,魄罗爆破手,0.488306,0.000278
1009,霸符兄弟,1319,升级：献祭,0.524641,0.000081
1074,缩小射线,2006,飞身踢,0.449342,0.000123
1115,最万用的瞄准镜,1225,双刀流,0.551861,0.001227
1329,史上最大雪球,1372,小猫咪找妈妈,0.460603,0.000009
1039,冰霜 幽灵,1404,属性！,0.517627,0.000025
1332,不祥契约,2003,魄罗之王的弹跳,0.467587,0.000007
1075,慢炖,1321,砍伤,0.497652,0.000266
1064,坚韧,1326,夜狩,0.453634,0.000123
1116,闪现向前,1353,坦克引擎,0.476769,0.000184
1061,回力OK镖,2004,信念者的强化,0.553835,0.000019
1097,巫师式思考,1402,属性叠属性叠属性！,0.507403,0.000068
1050,基石法师,1092,易损,0.494694,0.0003
1250,一板一眼,1386,转得我眩晕了,0.423417,0.000002
1038,有始有终,1996,升级：耀光,0.521832,0.000262
1084,穿针引线,1301,神圣干预,0.454498,0.000304
1029,虚幻武器,1103,面包和黄油,0.476001,0.000632
1323,残忍,1400,最终都市列车,0.50599,0.000111
1322,罪恶快感,1358,弹球,0.451286,0.000113
1409,魄罗爆破手,2008,负重爆气,0.495052,0.00068
1007,大力,1372,小猫咪找妈妈,0.460458,0.000001
1056,由心及物,1073,暗影疾奔,0.543785,0.000146
1087,台风,1390,超凡邪恶,0.463491,0.00022
1041,歌利亚巨人,1220,连拨击锤,0.476207,0.000198
1015,死亡之环,1032,裁决使,0.472684,0.000362
1027,大地苏醒,1411,升级：荆棘之甲,0.481963,0.000006
1054,物法皆修,2010,双发快射,0.511601,0.000142
1138,渴血,2008,负重爆气,0.495869,0.00051
1097,巫师式思考,1180,超强大脑,0.511357,0.001186
1004,回归基本功,1389,男爵之手,0.558633,0.000007
1032,裁决使,1069,退敌力场,0.447282,0.000395
1036,火上浇油,1116,闪现向前,0.46183,0.000039
1324,蛋白粉奶昔,2026,杀意翻涌,0.448794,0.000026
1087,台风,1313,作弊：我能回城！,0.469823,0.000385
1187,闪光弹,1194,精怪魔法,0.465032,0.000035
1018,巨像的勇气,1211,杀戮时间到了,0.441189,0.000095
1088,终极刷新,1170,万用瞄准镜,0.441947,0.000152
1022,灵巧,1403,属性叠属性！,0.553245,0.000159
1095,风语者的祝福,1195,巨人杀手,0.525825,0.000052
1007,大力,1134,亮出你的剑,0.621092,0.000388
1013,星界躯体,1057,山脉龙魂,0.47526,0.000833
1308,火狐,1384,捐赠,0.554796,0.000296
1048,珠光护手,1318,升级：中娅,0.474269,0.001127
1044,冰寒,2024,由暴生急,0.452816,0.00002
1403,属性叠属性！,2018,纯粹主义者 - 术师,0.508866,0.000041
1414,卡皮巴拉空投,1420,咏叹奏鸣,0.492876,0.000043
1319,升级：献祭,1375,吞噬灵魂,0.486416,0.000678
1035,感受燃烧,2007,你肩上的恶魔,0.439668,0.000005
1141,全心为你,1414,卡皮巴拉空投,0.454283,0.000011
1104,仆从大师,1388,无限循环往复,0.526319,0.000041
1092,易损,1373,缩小引擎,0.510023,0.000424
1097,巫师式思考,1327,坚若磐石,0.452376,0.000145
1051,点亮他们！,1082,残暴之力,0.472654,0.000123
1187,闪光弹,2004,信念者的强化,0.285714,0
1392,神圣雪球,2002,虚空裂隙,0.471107,0.000019
1112,终极不可阻挡,1390,超凡邪恶,0.46116,0.000244
1375,吞噬灵魂,1411,升级：荆棘之甲,0.525961,0.000324
1400,最终都市列车,1405,速度恶魔,0.52112,0.000245
1136,扇巴掌,1413,和我一起困在这里,0.471562,0.000051
1328,暴击律动,1409,魄罗爆破手,0.482386,0.000195
1056,由心及物,1320,升级：收集者,0.47267,0.000082
1023,魔鬼之舞,1071,更万用的瞄准镜,0.521559,0.000498
1070,无休回复,1326,夜狩,0.496742,0.000157
12317,潘朵拉的盒子,1325,玻璃大炮,0.651773,0
1025,俯冲轰炸,1329,史上最大雪球,0.48746,0.000283
1198,圣火,1331,至高天诺言,0.460127,0.000125
1085,折磨者,1392,神圣雪球,0.436779,0.000023
1154,任务：海牛阿福的勇士,1401,生机迸发,0.483592,0.00002
1029,虚幻武器,2018,纯粹主义者 - 术师,0.460997,0.000084
1020,黎明使者的坚决,1391,红包,0.540104,0.000085
1214,旋转至胜,1332,不祥契约,0.489374,0.000031
1388,无限循环往复,2005,扳机炼狱,0.467071,0.000046
1150,面包和果酱,1421,舞会女王,0.48469,0.000028
1035,感受燃烧,1077,灵魂虹吸,0.474794,0.000073
1026,唯快不破,1413,和我一起困在这里,0.469645,0.000004
1048,珠光护手,1103,面包和黄油,0.472796,0.001664
1019,全凭身法,1081,踢踏舞,0.466096,0.000122
1048,珠光护手,2004,信念者的强化,0.447759,0.00001
1037,急救用具,1069,退敌力场,0.454662,0.000054
1009,霸符兄弟,1346,吸血习性,0.53955,0.001127
1074,缩小射线,2003,魄罗之王的弹跳,0.435392,0.000028
1305,练腿日,1346,吸血习性,0.533286,0.001427
1004,回归基本功,1047,关键暴击,0.504892,0.000173
1104,仆从大师,1323,残忍,0.505842,0.000036
1044,冰寒,1311,溢流,0.491811,0.000941
1152,任务：钢化你心,1170,万用瞄准镜,0.480974,0.000626
1022,灵巧,1372,小猫咪找妈妈,0.471034,0.000008
1056,由心及物,1391,红包,0.564456,0.000454
1009,霸符兄弟,1035,感受燃烧,0.507647,0.00009
1051,点亮他们！,1392,神圣雪球,0.435902,0.000026
1054,物法皆修,2005,扳机炼狱,0.43334,0.000017
1104,仆从大师,1318,升级：中娅,0.505208,0.000054
1066,量子计算,1315,快中求稳,0.507052,0.00017
1015,死亡之环,1206,魔法转物理,0.444232,0.000017
1073,暗影疾奔,1338,升级：狂妄,0.510995,0.001447
1115,最万用的瞄准镜,1180,超强大脑,0.446397,0.000035
1358,弹球,2008,负重爆气,0.45868,0.000255
1314,强力护盾,1315,快中求稳,0.528827,0.000195
1361,任务：艾卡西亚的陷落,1415,双生火焰,0.502985,0.000018
1071,更万用的瞄准镜,1353,坦克引擎,0.498109,0.0014
1057,山脉龙魂,1325,玻璃大炮,0.43989,0.000032
1042,恶趣味,1084,穿针引线,0.454314,0.000116
1015,死亡之环,2005,扳机炼狱,0.447803,0.000004
1062,全能龙魂,1080,会心防御,0.508362,0.000071
1151,面包和奶酪,1342,雪球扭蛋机,0.47191,0.000131
1220,连拨击锤,2005,扳机炼狱,0.405282,0.000022
1007,大力,1076,天音爆,0.462212,0.000004
1195,巨人杀手,1404,属性！,0.57036,0.000193
1042,恶趣味,1356,暴击飞弹,0.455197,0.000005
1342,雪球扭蛋机,2007,你肩上的恶魔,0.42794,0.000021
1141,全心为你,1332,不祥契约,0.445087,0.00002
1038,有始有终,1347,吵闹鬼,0.48932,0.000096
1098,急急小子,1187,闪光弹,0.473117,0.000026
1336,升级：无尽之刃,1356,暴击飞弹,0.543044,0.000508
1414,卡皮巴拉空投,2010,双发快射,0.428969,0.000013
1068,循环往复,1154,任务：海牛阿福的勇士,0.487795,0.000163
1047,关键暴击,1340,升级：米凯尔的祝福,0.495289,0.000013
1386,转得我眩晕了,1421,舞会女王,0.408495,0.000001
1098,急急小子,1141,全心为你,0.478291,0.000049
1308,火狐,2005,扳机炼狱,0.481045,0.000024
1026,唯快不破,1060,海洋龙魂,0.520738,0.000059
1075,慢炖,1194,精怪魔法,0.45954,0.000099
1079,战争交响乐,1115,最万用的瞄准镜,0.491692,0.00048
1150,面包和果酱,1347,吵闹鬼,0.451713,0.000048
1149,不动如山,1328,暴击律动,0.436148,0.000013
1035,感受燃烧,2016,注魔,0.481734,0.000014
1032,裁决使,1324,蛋白粉奶昔,0.461784,0.000459
1320,升级：收集者,1397,地狱三头犬,0.46664,0.000538
2004,信念者的强化,2007,你肩上的恶魔,0.406066,0.000001
1056,由心及物,1341,帽上加帽,0.5064,0.000569
1305,练腿日,1405,速度恶魔,0.504863,0.000168
1238,质变：棱彩阶,1321,砍伤,0.513975,0.000504
1141,全心为你,1314,强力护盾,0.440659,0.000042
1047,关键暴击,1058,秘术冲拳,0.462675,0.00038
1046,炼狱龙魂,2005,扳机炼狱,0.440161,0.000115
1180,超强大脑,2003,魄罗之王的弹跳,0.470523,0.00002
1150,面包和果酱,1225,双刀流,0.490625,0.000221
1334,升级：雪球,1361,任务：艾卡西亚的陷落,0.50017,0.00008
1057,山脉龙魂,1243,质变：混沌,0.478179,0.00024
1079,战争交响乐,1386,转得我眩晕了,0.44114,0.000001
1152,任务：钢化你心,1340,升级：米凯尔的祝福,0.449754,0.000025
1028,侵蚀,2006,飞身踢,0.492053,0.000164
1045,炼狱导管,1353,坦克引擎,0.496735,0.001424
1079,战争交响乐,1324,蛋白粉奶昔,0.458772,0.000062
1134,亮出你的剑,2024,由暴生急,0.557378,0.000076
1324,蛋白粉奶昔,1409,魄罗爆破手,0.458988,0.000079
1198,圣火,1372,小猫咪找妈妈,0.472814,0.000145
1085,折磨者,1373,缩小引擎,0.510697,0.000101
1062,全能龙魂,1404,属性！,0.551842,0.000026
1020,黎明使者的坚决,1054,物法皆修,0.458729,0.000049
1069,退敌力场,1401,生机迸发,0.453653,0.000026
1074,缩小射线,1402,属性叠属性叠属性！,0.493308,0.00004
1316,刃下生风,2016,注魔,0.460959,0.000006
1051,点亮他们！,1098,急急小子,0.461269,0.000066
1305,练腿日,2010,双发快射,0.505278,0.00007
1311,溢流,2009,狂热者,0.473708,0.000133
1088,终极刷新,1115,最万用的瞄准镜,0.447762,0.000125
1053,科学狂人,1113,老练狙神,0.512285,0.000207
1027,大地苏醒,1029,虚幻武器,0.468208,0.000099
1404,属性！,2016,注魔,0.514391,0.000011
1058,秘术冲拳,1315,快中求稳,0.514686,0.000415
1082,残暴之力,1358,弹球,0.448556,0.000104
1015,死亡之环,1317,升级：弯刀,0.372294,0
1250,一板一眼,1392,神圣雪球,0.454627,0.000052
1036,火上浇油,1220,连拨击锤,0.473968,0.000646
1237,质变：黄金阶,1327,坚若磐石,0.469843,0.000123
1042,恶趣味,1108,自我毁灭,0.477092,0.000187
1180,超强大脑,1400,最终都市列车,0.511786,0.000103
1056,由心及物,1379,未知符文_1379,0.460995,0.000005
1051,点亮他们！,1062,全能龙魂,0.504088,0.000085
1118,会心治疗,1326,夜狩,0.464994,0.000299
1097,巫师式思考,1996,升级：耀光,0.506192,0.000139
1081,踢踏舞,1104,仆从大师,0.455258,0.00001
1214,旋转至胜,1379,未知符文_1379,0.52381,0
1023,魔鬼之舞,1066,量子计算,0.48635,0.000153
1009,霸符兄弟,1205,物理转魔法,0.506401,0.000465
1039,冰霜 幽灵,1118,会心治疗,0.466387,0.000406
1068,循环往复,1322,罪恶快感,0.490313,0.000831
1070,无休回复,1330,活力再生,0.497023,0.000032
1047,关键暴击,1154,任务：海牛阿福的勇士,0.490946,0.00009
1020,黎明使者的坚决,1133,魔法飞弹,0.493044,0.000265
1107,接二连三,1113,老练狙神,0.425256,0.000291
1015,死亡之环,1310,小丑学院,0.489941,0.000041
1015,死亡之环,1076,天音爆,0.468781,0.000274
1036,火上浇油,1316,刃下生风,0.446272,0.00007
1009,霸符兄弟,1027,大地苏醒,0.504264,0.000044
1214,旋转至胜,1996,升级：耀光,0.511678,0.000033
1151,面包和奶酪,1154,任务：海牛阿福的勇士,0.47111,0.000089
1340,升级：米凯尔的祝福,1405,速度恶魔,0.529076,0.000018
1347,吵闹鬼,1413,和我一起困在这里,0.446176,0.000002
1045,炼狱导管,1349,终极唤醒,0.489997,0.000232
1133,魔法飞弹,1996,升级：耀光,0.493572,0.000298
1076,天音爆,1116,闪现向前,0.466009,0.000006
1087,台风,1208,轨道镭射,0.445021,0.000018
1372,小猫咪找妈妈,2016,注魔,0.482737,0.000006
1076,天音爆,1211,杀戮时间到了,0.473571,0.000086
1187,闪光弹,1198,圣火,0.447821,0.000009
1058,秘术冲拳,1316,刃下生风,0.444918,0.00018
1170,万用瞄准镜,1338,升级：狂妄,0.473709,0.000831
1011,你摸不到,1324,蛋白粉奶昔,0.4356,0.00004
1198,圣火,1404,属性！,0.495197,0.000015
1220,连拨击锤,1421,舞会女王,0.451065,0.000004
1116,闪现向前,1415,双生火焰,0.467434,0.00003
1237,质变：黄金阶,1413,和我一起困在这里,0.487067,0.000016
1195,巨人杀手,1391,红包,0.593161,0.001142
1032,裁决使,1206,魔法转物理,0.488049,0.00186
1030,尤里卡,1420,咏叹奏鸣,0.60878,0.000555
1054,物法皆修,1070,无休回复,0.472023,0.000078
1056,由心及物,1086,精准奇才,0.48856,0.000144
1004,回归基本功,1074,缩小射线,0.469583,0.000157
1051,点亮他们！,1332,不祥契约,0.477769,0.000059
1037,急救用具,1087,台风,0.476063,0.000039
1092,易损,2008,负重爆气,0.480098,0.000336
1011,你摸不到,1340,升级：米凯尔的祝福,0.459998,0.000007
1133,魔法飞弹,1335,夺金,0.503688,0.000375
1052,闪电打击,1070,无休回复,0.520418,0.000227
1056,由心及物,2007,你肩上的恶魔,0.436134,0.000042
1413,和我一起困在这里,1424,???,0.440559,0.000002
1170,万用瞄准镜,1416,海克斯科技龙魂,0.467127,0.000053
1996,升级：耀光,2005,扳机炼狱,0.458664,0.000053
1034,防护面纱,1170,万用瞄准镜,0.486652,0.000148
1129,神射法师,1134,亮出你的剑,0.48419,0.000089
1039,冰霜 幽灵,1138,渴血,0.475565,0.000201
1041,歌利亚巨人,1329,史上最大雪球,0.478479,0.000273
1134,亮出你的剑,1386,转得我眩晕了,0.519501,0.000001
1098,急急小子,1420,咏叹奏鸣,0.550967,0.000078
1133,魔法飞弹,1406,祖母的辣椒油,0.541191,0.002434
1104,仆从大师,1327,坚若磐石,0.473223,0.000013
1052,闪电打击,1400,最终都市列车,0.515201,0.000182
1118,会心治疗,1317,升级：弯刀,0.424538,0.000005
1036,火上浇油,1080,会心防御,0.494042,0.000158
1072,炽烈黎明,1389,男爵之手,0.527525,0.000004
1085,折磨者,1319,升级：献祭,0.488008,0.000191
1328,暴击律动,1411,升级：荆棘之甲,0.444878,0.000001
1418,砸开那颗蛋,1996,升级：耀光,0.449099,0.000001
1007,大力,1108,自我毁灭,0.497108,0.000097
1313,作弊：我能回城！,1373,缩小引擎,0.548901,0.000637
1039,冰霜 幽灵,1322,罪恶快感,0.467852,0.000182
1237,质变：黄金阶,1424,???,0.462532,0.000014
1095,风语者的祝福,1315,快中求稳,0.486858,0.000037
1028,侵蚀,1403,属性叠属性！,0.535716,0.000047
1047,关键暴击,1076,天音爆,0.450567,0.000025
1028,侵蚀,1338,升级：狂妄,0.471811,0.000259
1112,终极不可阻挡,1150,面包和果酱,0.441204,0.000131
1009,霸符兄弟,1087,台风,0.501466,0.000139
1108,自我毁灭,1415,双生火焰,0.462059,0.000043
1250,一板一眼,1411,升级：荆棘之甲,0.494917,0.000017
1066,量子计算,1311,溢流,0.474844,0.00017
1388,无限循环往复,2024,由暴生急,0.45886,0.000089
1086,精准奇才,1401,生机迸发,0.460089,0.000014
1045,炼狱导管,1151,面包和奶酪,0.51955,0.000949
1086,精准奇才,1421,舞会女王,0.471609,0.000001
1030,尤里卡,1118,会心治疗,0.471821,0.000504
1320,升级：收集者,1344,最终形态,0.492885,0.000662
1088,终极刷新,1389,男爵之手,0.49642,0.000004
1134,亮出你的剑,1214,旋转至胜,0.655462,0.00007
1198,圣火,1322,罪恶快感,0.464271,0.000062
0,无符文,1416,海克斯科技龙魂,0.597615,0.004929
2001,当心小蛋糕！,2005,扳机炼狱,0.472893,0.000026
1112,终极不可阻挡,1358,弹球,0.437618,0.000062
1068,循环往复,1194,精怪魔法,0.484394,0.000275
1064,坚韧,1403,属性叠属性！,0.499368,0.000117
1406,祖母的辣椒油,2005,扳机炼狱,0.477088,0.000034
1052,闪电打击,1322,罪恶快感,0.502081,0.002407
1220,连拨击锤,12317,潘朵拉的盒子,0.54224,0
1211,杀戮时间到了,1340,升级：米凯尔的祝福,0.502355,0.000036
1071,更万用的瞄准镜,1325,玻璃大炮,0.450937,0.000251
1384,捐赠,2002,虚空裂隙,0.535767,0.000284
1344,最终形态,1388,无限循环往复,0.521489,0.000164
1195,巨人杀手,1250,一板一眼,0.52348,0.001516
1061,回力OK镖,1105,家园卫士,0.542734,0.000104
1087,台风,1342,雪球扭蛋机,0.453526,0.000087
1035,感受燃烧,1411,升级：荆棘之甲,0.541061,0.00002
1134,亮出你的剑,1384,捐赠,0.626572,0.000234
1032,裁决使,1041,歌利亚巨人,0.490091,0.002553
1341,帽上加帽,2010,双发快射,0.44237,0.000018
1181,重量级打击手,1415,双生火焰,0.467226,0.000036
1013,星界躯体,1039,冰霜 幽灵,0.482556,0.001092
1401,生机迸发,2026,杀意翻涌,0.483423,0.000036
1115,最万用的瞄准镜,1208,轨道镭射,0.4545,0.000061
1075,慢炖,1317,升级：弯刀,0.4326,0.000002
1187,闪光弹,1323,残忍,0.493363,0.000029
1323,残忍,2001,当心小蛋糕！,0.48901,0.000045
1328,暴击律动,2005,扳机炼狱,0.443184,0.000051
1015,死亡之环,1313,作弊：我能回城！,0.480538,0.00025
1076,天音爆,1418,砸开那颗蛋,0.508144,0.000019
1067,古式佳酿,2003,魄罗之王的弹跳,0.481863,0.000048
1337,尊我为王,1373,缩小引擎,0.537086,0.000094
1211,杀戮时间到了,2010,双发快射,0.461386,0.000083
0,无符文,2005,扳机炼狱,0.568765,0.003577
1080,会心防御,1243,质变：混沌,0.497939,0.000258
1044,冰寒,1205,物理转魔法,0.490589,0.001792
1112,终极不可阻挡,1388,无限循环往复,0.468968,0.000122
1042,恶趣味,1338,升级：狂妄,0.472201,0.000087
1088,终极刷新,1301,神圣干预,0.446829,0.00012
0,无符文,1151,面包和奶酪,0.590969,0.019662
1086,精准奇才,1390,超凡邪恶,0.486855,0.000297
1198,圣火,1314,强力护盾,0.448092,0.000099
1057,山脉龙魂,1071,更万用的瞄准镜,0.475613,0.000148
1029,虚幻武器,2009,狂热者,0.496206,0.000223
1052,闪电打击,2010,双发快射,0.546527,0.000598
1068,循环往复,1403,属性叠属性！,0.527706,0.00016
1187,闪光弹,1418,砸开那颗蛋,0.375,0
1046,炼狱龙魂,2010,双发快射,0.465917,0.000135
1072,炽烈黎明,1405,速度恶魔,0.490382,0.000051
1085,折磨者,1332,不祥契约,0.453548,0.000049
1129,神射法师,1338,升级：狂妄,0.428028,0.000104
1007,大力,1032,裁决使,0.503765,0.00145
1013,星界躯体,1397,地狱三头犬,0.457993,0.000076
1105,家园卫士,1324,蛋白粉奶昔,0.470835,0.000079
1068,循环往复,1421,舞会女王,0.516124,0.000061
1039,冰霜 幽灵,1348,闪闪现现,0.433708,0.000015
1204,叠角龙,1206,魔法转物理,0.551845,0.000013
1152,任务：钢化你心,1301,神圣干预,0.477044,0.000585
1039,冰霜 幽灵,2001,当心小蛋糕！,0.489113,0.000082
1009,霸符兄弟,1022,灵巧,0.522026,0.0003
1108,自我毁灭,1156,任务：沃格勒特的巫师帽,0.487228,0.000136
1019,全凭身法,1205,物理转魔法,0.484783,0.000455
1082,残暴之力,1416,海克斯科技龙魂,0.466807,0.000048
1007,大力,1047,关键暴击,0.505129,0.000376
1048,珠光护手,1361,任务：艾卡西亚的陷落,0.483417,0.000026
1070,无休回复,1325,玻璃大炮,0.461741,0.000055
1301,神圣干预,1346,吸血习性,0.493241,0.000739
1195,巨人杀手,2008,负重爆气,0.523298,0.000951
1058,秘术冲拳,1372,小猫咪找妈妈,0.444237,0.000007
1323,残忍,1341,帽上加帽,0.47208,0.000319
1073,暗影疾奔,1418,砸开那颗蛋,0.480841,0.000002
1301,神圣干预,1391,红包,0.534183,0.000149
1064,坚韧,1237,质变：黄金阶,0.481176,0.000496
1039,冰霜 幽灵,1170,万用瞄准镜,0.454424,0.00008
1420,咏叹奏鸣,2010,双发快射,0.518272,0.000068
1187,闪光弹,1397,地狱三头犬,0.463385,0.000043
1064,坚韧,1086,精准奇才,0.458166,0.000031
1046,炼狱龙魂,1103,面包和黄油,0.46694,0.000792
1073,暗影疾奔,1081,踢踏舞,0.525998,0.0004
1323,残忍,1337,尊我为王,0.633775,0.000142
1331,至高天诺言,1388,无限循环往复,0.514786,0.000011
1070,无休回复,1134,亮出你的剑,0.572215,0.00007
1225,双刀流,1415,双生火焰,0.507166,0.000257
1072,炽烈黎明,1092,易损,0.49264,0.000127
1305,练腿日,2001,当心小蛋糕！,0.513197,0.000107
1077,灵魂虹吸,1338,升级：狂妄,0.498544,0.000897
1314,强力护盾,1340,升级：米凯尔的祝福,0.488652,0.000014
1358,弹球,1403,属性叠属性！,0.499499,0.000063
1133,魔法飞弹,1181,重量级打击手,0.478638,0.000337
1060,海洋龙魂,1386,转得我眩晕了,0.457067,0.000001
1025,俯冲轰炸,2004,信念者的强化,0.458854,0.000009
1068,循环往复,1181,重量级打击手,0.509741,0.000636
1187,闪光弹,1204,叠角龙,0.456192,0.000001
1156,任务：沃格勒特的巫师帽,1204,叠角龙,0.502843,0.000018
1029,虚幻武器,1421,舞会女王,0.490118,0.00005
1104,仆从大师,1397,地狱三头犬,0.439899,0.000006
1025,俯冲轰炸,1390,超凡邪恶,0.504879,0.000564
1335,夺金,2024,由暴生急,0.485081,0.000028
1348,闪闪现现,2001,当心小蛋糕！,0.482051,0
0,无符文,1308,火狐,0.659184,0.010327
1079,战争交响乐,1181,重量级打击手,0.493157,0.000307
1324,蛋白粉奶昔,1331,至高天诺言,0.473336,0.000048
1047,关键暴击,1334,升级：雪球,0.463903,0.00011
1042,恶趣味,1141,全心为你,0.457095,0.000034
1107,接二连三,2007,你肩上的恶魔,0.415575,0.000033
1045,炼狱导管,1115,最万用的瞄准镜,0.455007,0.000121
1152,任务：钢化你心,1344,最终形态,0.487131,0.001213
1103,面包和黄油,1301,神圣干预,0.459594,0.000239
1074,缩小射线,1403,属性叠属性！,0.507405,0.000079
1085,折磨者,1103,面包和黄油,0.465605,0.000185
1042,恶趣味,2016,注魔,0.457815,0.000007
1004,回归基本功,1388,无限循环往复,0.511888,0.000075
1009,霸符兄弟,1400,最终都市列车,0.530043,0.00007
1072,炽烈黎明,1225,双刀流,0.48239,0.000057
1138,渴血,1206,魔法转物理,0.524801,0.001226
1318,升级：中娅,1391,红包,0.533904,0.000355
1041,歌利亚巨人,1320,升级：收集者,0.489345,0.000682
1328,暴击律动,1345,心灵净化,0.473778,0.00051
1035,感受燃烧,1345,心灵净化,0.484702,0.000253
1156,任务：沃格勒特的巫师帽,1198,圣火,0.465888,0.000068
1097,巫师式思考,1392,神圣雪球,0.453521,0.000099
1134,亮出你的剑,1305,练腿日,0.58394,0.000143
1042,恶趣味,2007,你肩上的恶魔,0.389325,0.000013
1104,仆从大师,1205,物理转魔法,0.501257,0.00014
1315,快中求稳,1388,无限循环往复,0.524572,0.000214
1042,恶趣味,1415,双生火焰,0.463871,0.000021
1088,终极刷新,1206,魔法转物理,0.453394,0.000137
1028,侵蚀,1416,海克斯科技龙魂,0.499952,0.000038
1214,旋转至胜,1345,心灵净化,0.480114,0.000164
1023,魔鬼之舞,1413,和我一起困在这里,0.474054,0.000014
1027,大地苏醒,1103,面包和黄油,0.476516,0.000119
1323,残忍,1336,升级：无尽之刃,0.411501,0.000012
1150,面包和果酱,1318,升级：中娅,0.463329,0.000235
1042,恶趣味,1208,轨道镭射,0.466452,0.000029
1011,你摸不到,2010,双发快射,0.466003,0.00003
1027,大地苏醒,1057,山脉龙魂,0.447645,0.000024
1348,闪闪现现,1375,吞噬灵魂,0.488458,0
1082,残暴之力,1237,质变：黄金阶,0.484315,0.00028
1115,最万用的瞄准镜,1424,???,0.437066,0.000007
1115,最万用的瞄准镜,1317,升级：弯刀,0.422008,0.000006
1022,灵巧,1028,侵蚀,0.506917,0.000256
1053,科学狂人,1333,逃跑计划,0.567369,0.000285
1151,面包和奶酪,1353,坦克引擎,0.479031,0.001016
1170,万用瞄准镜,1421,舞会女王,0.478323,0.000019
1206,魔法转物理,1315,快中求稳,0.547557,0.000218
1029,虚幻武器,1406,祖母的辣椒油,0.503554,0.000348
1332,不祥契约,2010,双发快射,0.467458,0.000016
1118,会心治疗,2004,信念者的强化,0.492081,0.000131
1085,折磨者,1333,逃跑计划,0.505722,0.000089
1022,灵巧,1341,帽上加帽,0.472531,0.000089
2002,虚空裂隙,2009,狂热者,0.484112,0.000104
1134,亮出你的剑,2009,狂热者,0.551566,0.000169
1057,山脉龙魂,1149,不动如山,0.461563,0.000311
1042,恶趣味,1052,闪电打击,0.449932,0.000031
1150,面包和果酱,1336,升级：无尽之刃,0.47189,0.000165
1321,砍伤,2009,狂热者,0.519348,0.000091
1154,任务：海牛阿福的勇士,1329,史上最大雪球,0.466087,0.000022
1086,精准奇才,1118,会心治疗,0.447097,0.000047
1134,亮出你的剑,2003,魄罗之王的弹跳,0.546452,0.00001
1403,属性叠属性！,1413,和我一起困在这里,0.5021,0.000007
1023,魔鬼之舞,1409,魄罗爆破手,0.476393,0.000073
1047,关键暴击,1181,重量级打击手,0.475756,0.000174
1048,珠光护手,1136,扇巴掌,0.486476,0.001209
1402,属性叠属性叠属性！,2003,魄罗之王的弹跳,0.473803,0.000009
1029,虚幻武器,1313,作弊：我能回城！,0.482395,0.000645
1056,由心及物,1237,质变：黄金阶,0.5118,0.000314
1069,退敌力场,1151,面包和奶酪,0.452143,0.000099
1067,古式佳酿,1328,暴击律动,0.469753,0.000086
1009,霸符兄弟,1361,任务：艾卡西亚的陷落,0.564188,0.000045
1002,尖端发明家,1404,属性！,0.483438,0.000091
1340,升级：米凯尔的祝福,1373,缩小引擎,0.576216,0.000035
1006,利刃华尔兹,1205,物理转魔法,0.458494,0.000139
1013,星界躯体,1401,生机迸发,0.490257,0.000242
1009,霸符兄弟,1023,魔鬼之舞,0.52585,0.000112
1325,玻璃大炮,1337,尊我为王,0.632456,0.000291
1054,物法皆修,1323,残忍,0.429208,0.00002
1323,残忍,1332,不祥契约,0.485608,0.000063
1205,物理转魔法,1313,作弊：我能回城！,0.488829,0.001111
1116,闪现向前,1358,弹球,0.416667,0
1324,蛋白粉奶昔,1361,任务：艾卡西亚的陷落,0.510054,0.000056
1056,由心及物,1095,风语者的祝福,0.512951,0.000173
1020,黎明使者的坚决,1095,风语者的祝福,0.470052,0.000098
1386,转得我眩晕了,1418,砸开那颗蛋,0.65625,0
1154,任务：海牛阿福的勇士,1348,闪闪现现,0.451231,0.000013
1310,小丑学院,1346,吸血习性,0.549657,0.002961
1004,回归基本功,1322,罪恶快感,0.511523,0.000388
1056,由心及物,2002,虚空裂隙,0.52786,0.000405
1011,你摸不到,1133,魔法飞弹,0.46282,0.000291
1205,物理转魔法,1340,升级：米凯尔的祝福,0.506006,0.000052
1211,杀戮时间到了,1372,小猫咪找妈妈,0.462624,0.000024
1047,关键暴击,2002,虚空裂隙,0.460752,0.000041
1052,闪电打击,1170,万用瞄准镜,0.498301,0.001806
1034,防护面纱,1424,???,0.458158,0.000008
1180,超强大脑,1320,升级：收集者,0.443412,0.000016
1013,星界躯体,1092,易损,0.466604,0.000208
1331,至高天诺言,1401,生机迸发,0.655172,0
1319,升级：献祭,2006,飞身踢,0.499076,0.000527
1404,属性！,2002,虚空裂隙,0.542081,0.000079
1039,冰霜 幽灵,1305,练腿日,0.485225,0.000129
1066,量子计算,1335,夺金,0.469535,0.000023
1069,退敌力场,2024,由暴生急,0.426853,0.00001
1013,星界躯体,1082,残暴之力,0.46934,0.000206
1051,点亮他们！,1097,巫师式思考,0.474105,0.000144
1064,坚韧,1085,折磨者,0.465628,0.000441
1057,山脉龙魂,1379,未知符文_1379,0.428359,0.000001
1076,天音爆,1087,台风,0.471254,0.000018
1009,霸符兄弟,12317,潘朵拉的盒子,0.501845,0.000001
1070,无休回复,1414,卡皮巴拉空投,0.446336,0.000017
1011,你摸不到,1051,点亮他们！,0.471372,0.000061
1335,夺金,1405,速度恶魔,0.514862,0.000155
1214,旋转至胜,1391,红包,0.576365,0.000084
1133,魔法飞弹,1424,???,0.460163,0.000068
1022,灵巧,1180,超强大脑,0.480997,0.000059
1048,珠光护手,1053,科学狂人,0.524687,0.000367
1022,灵巧,1086,精准奇才,0.452363,0.000159
1006,利刃华尔兹,1336,升级：无尽之刃,0.463047,0.00037
1077,灵魂虹吸,1323,残忍,0.434604,0.000033
1108,自我毁灭,1379,未知符文_1379,0.445532,0.000001
1053,科学狂人,1384,捐赠,0.55137,0.000145
1002,尖端发明家,1022,灵巧,0.461426,0.000383
1067,古式佳酿,1092,易损,0.494532,0.00029
1054,物法皆修,1068,循环往复,0.456393,0.000263
1250,一板一眼,1330,活力再生,0.443188,0.000159
1327,坚若磐石,2024,由暴生急,0.414298,0.000004
1051,点亮他们！,1321,砍伤,0.519129,0.000127
1006,利刃华尔兹,2007,你肩上的恶魔,0.43453,0.000016
1050,基石法师,1337,尊我为王,0.510689,0.00007
1342,雪球扭蛋机,1353,坦克引擎,0.4895,0.000641
1051,点亮他们！,1421,舞会女王,0.475676,0.000008
0,无符文,1349,终极唤醒,0.563095,0.009965
1050,基石法师,1080,会心防御,0.471196,0.000046
1194,精怪魔法,2007,你肩上的恶魔,0.430495,0.000006
1050,基石法师,2004,信念者的强化,0.500898,0.000027
1348,闪闪现现,1418,砸开那颗蛋,0.521739,0
1195,巨人杀手,1325,玻璃大炮,0.502428,0.000357
1030,尤里卡,1058,秘术冲拳,0.460634,0.000147
1243,质变：混沌,1331,至高天诺言,0.464852,0.000019
1041,歌利亚巨人,1340,升级：米凯尔的祝福,0.473216,0.000016
1048,珠光护手,1325,玻璃大炮,0.456095,0.000451
1420,咏叹奏鸣,2006,飞身踢,0.502238,0.000368
1068,循环往复,1308,火狐,0.536161,0.000282
1037,急救用具,2010,双发快射,0.512478,0.000029
1327,坚若磐石,1415,双生火焰,0.446474,0.000024
1081,踢踏舞,1214,旋转至胜,0.457633,0.000053
1042,恶趣味,1149,不动如山,0.472525,0.000482
1015,死亡之环,1103,面包和黄油,0.46507,0.000193
1310,小丑学院,1404,属性！,0.570094,0.000074
1053,科学狂人,1062,全能龙魂,0.537359,0.000122
1044,冰寒,1342,雪球扭蛋机,0.490192,0.000319
1085,折磨者,1154,任务：海牛阿福的勇士,0.451265,0.000028
1349,终极唤醒,1388,无限循环往复,0.471589,0.000073
1052,闪电打击,1092,易损,0.500662,0.000616
1020,黎明使者的坚决,1112,终极不可阻挡,0.460593,0.000088
1058,秘术冲拳,1194,精怪魔法,0.441224,0.000094
1019,全凭身法,2010,双发快射,0.476261,0.000068
1077,灵魂虹吸,1208,轨道镭射,0.451716,0.000023
1389,男爵之手,1411,升级：荆棘之甲,0.540868,0.000006
1048,珠光护手,1081,踢踏舞,0.46283,0.000284
1038,有始有终,2004,信念者的强化,0.475998,0.000022
1056,由心及物,1401,生机迸发,0.503244,0.000098
1064,坚韧,1317,升级：弯刀,0.418078,0.000004
1006,利刃华尔兹,1045,炼狱导管,0.469935,0.000114
1084,穿针引线,1317,升级：弯刀,0.41362,0.000028
1020,黎明使者的坚决,1206,魔法转物理,0.490844,0.000083
1071,更万用的瞄准镜,1413,和我一起困在这里,0.477151,0.000021
1118,会心治疗,1361,任务：艾卡西亚的陷落,0.50098,0.000177
1023,魔鬼之舞,1149,不动如山,0.48326,0.000194
1340,升级：米凯尔的祝福,1348,闪闪现现,0.48711,0.000003
1060,海洋龙魂,1195,巨人杀手,0.553149,0.000847
1058,秘术冲拳,1070,无休回复,0.482355,0.000164
1403,属性叠属性！,2024,由暴生急,0.520771,0.000033
1156,任务：沃格勒特的巫师帽,1413,和我一起困在这里,0.471446,0.000004
1415,双生火焰,2018,纯粹主义者 - 术师,0.46994,0.000064
1027,大地苏醒,1345,心灵净化,0.4634,0.000172
1045,炼狱导管,1301,神圣干预,0.489897,0.000275
1138,渴血,1384,捐赠,0.550438,0.000872
1081,踢踏舞,1103,面包和黄油,0.458424,0.000293
1068,循环往复,1237,质变：黄金阶,0.50262,0.000657
1080,会心防御,1152,任务：钢化你心,0.489501,0.000285
1072,炽烈黎明,1181,重量级打击手,0.482776,0.000087
1097,巫师式思考,1342,雪球扭蛋机,0.483211,0.000316
1038,有始有终,1136,扇巴掌,0.509881,0.00061
1053,科学狂人,1054,物法皆修,0.492239,0.000055
1086,精准奇才,1318,升级：中娅,0.478486,0.000104
1301,神圣干预,1347,吵闹鬼,0.453304,0.000031
1042,恶趣味,1068,循环往复,0.497928,0.000309
1338,升级：狂妄,1341,帽上加帽,0.442516,0.000035
1061,回力OK镖,1317,升级：弯刀,0.419901,0.000001
1058,秘术冲拳,1098,急急小子,0.451394,0.000139
1358,弹球,1418,砸开那颗蛋,0.457949,0.000005
1056,由心及物,1301,神圣干预,0.4903,0.000213
1053,科学狂人,1388,无限循环往复,0.52303,0.000079
1051,点亮他们！,1206,魔法转物理,0.504375,0.000205
1112,终极不可阻挡,1206,魔法转物理,0.479531,0.00014
1079,战争交响乐,1319,升级：献祭,0.477368,0.000091
1013,星界躯体,1325,玻璃大炮,0.437427,0.000053
1062,全能龙魂,1411,升级：荆棘之甲,0.545898,0.000017
1069,退敌力场,1337,尊我为王,0.462993,0.000026
1068,循环往复,1225,双刀流,0.507569,0.000426
1064,坚韧,2001,当心小蛋糕！,0.474085,0.000146
1220,连拨击锤,1420,咏叹奏鸣,0.466702,0.000079
1092,易损,1316,刃下生风,0.475696,0.000143
1041,歌利亚巨人,1322,罪恶快感,0.494419,0.001042
1104,仆从大师,1315,快中求稳,0.505011,0.00002
1007,大力,1077,灵魂虹吸,0.531519,0.00049
1036,火上浇油,1170,万用瞄准镜,0.481864,0.000777
1046,炼狱龙魂,1373,缩小引擎,0.492848,0.000497
1028,侵蚀,1115,最万用的瞄准镜,0.483403,0.000156
1063,狂徒豪气,1390,超凡邪恶,0.501848,0.000193
1064,坚韧,1386,转得我眩晕了,0.422645,0.000003
1315,快中求稳,1332,不祥契约,0.489535,0.000074
1053,科学狂人,1397,地狱三头犬,0.497324,0.000097
1073,暗影疾奔,1092,易损,0.506569,0.000358
1009,霸符兄弟,1081,踢踏舞,0.507044,0.000221
1064,坚韧,1375,吞噬灵魂,0.471006,0.001011
1029,虚幻武器,1047,关键暴击,0.467566,0.00031
1023,魔鬼之舞,1336,升级：无尽之刃,0.506844,0.000152
1027,大地苏醒,1097,巫师式思考,0.465111,0.000062
1079,战争交响乐,1220,连拨击锤,0.45636,0.000327
1149,不动如山,1238,质变：棱彩阶,0.485389,0.00058
1018,巨像的勇气,1225,双刀流,0.465266,0.000047
1328,暴击律动,2026,杀意翻涌,0.494512,0.000083
1086,精准奇才,1112,终极不可阻挡,0.443026,0.000026
1373,缩小引擎,1389,男爵之手,0.539136,0.000043
1068,循环往复,1205,物理转魔法,0.500383,0.001776
1133,魔法飞弹,1415,双生火焰,0.494092,0.004297
1098,急急小子,1326,夜狩,0.455482,0.000162
1211,杀戮时间到了,1326,夜狩,0.453035,0.000879
1081,踢踏舞,1326,夜狩,0.464475,0.000248
1066,量子计算,1404,属性！,0.525397,0.000025
1025,俯冲轰炸,1034,防护面纱,0.48873,0.000115
1042,恶趣味,1082,残暴之力,0.463455,0.000035
1113,老练狙神,1344,最终形态,0.482649,0.000127
1315,快中求稳,1401,生机迸发,0.507905,0.000061
1113,老练狙神,1329,史上最大雪球,0.459512,0.00014
1316,刃下生风,1326,夜狩,0.464604,0.000618
1400,最终都市列车,1424,???,0.484637,0.000024
1032,裁决使,1070,无休回复,0.512969,0.00076
1107,接二连三,1208,轨道镭射,0.444672,0.000023
1170,万用瞄准镜,1406,祖母的辣椒油,0.477149,0.000066
1103,面包和黄油,1105,家园卫士,0.512226,0.000401
1326,夜狩,1391,红包,0.52848,0.000301
1032,裁决使,1328,暴击律动,0.469162,0.001149
1018,巨像的勇气,1154,任务：海牛阿福的勇士,0.449849,0.000017
1347,吵闹鬼,2003,魄罗之王的弹跳,0.2,0
1088,终极刷新,1328,暴击律动,0.45144,0.000142
1009,霸符兄弟,1409,魄罗爆破手,0.522244,0.000237
1327,坚若磐石,1339,激光治疗,0.449476,0.000024
1149,不动如山,1195,巨人杀手,0.500747,0.00016
1077,灵魂虹吸,1415,双生火焰,0.486665,0.000224
1075,慢炖,1105,家园卫士,0.510337,0.000123
1237,质变：黄金阶,1322,罪恶快感,0.489722,0.000647
1064,坚韧,1087,台风,0.468578,0.000115
1092,易损,2026,杀意翻涌,0.475217,0.000077
1032,裁决使,1301,神圣干预,0.469385,0.000798
1069,退敌力场,1108,自我毁灭,0.427744,0.000044
1095,风语者的祝福,1325,玻璃大炮,0.464353,0.00002
1026,唯快不破,2026,杀意翻涌,0.506915,0.00004
1334,升级：雪球,1340,升级：米凯尔的祝福,0.501828,0.000021
1415,双生火焰,2005,扳机炼狱,0.439509,0.000035
1095,风语者的祝福,1112,终极不可阻挡,0.44225,0.000035
1051,点亮他们！,1064,坚韧,0.468781,0.000083
1103,面包和黄油,1342,雪球扭蛋机,0.466172,0.000183
1342,雪球扭蛋机,1372,小猫咪找妈妈,0.4683,0.000012
1081,踢踏舞,1310,小丑学院,0.497136,0.000145
1004,回归基本功,1237,质变：黄金阶,0.522407,0.000213
1066,量子计算,1115,最万用的瞄准镜,0.459238,0.000116
1318,升级：中娅,2009,狂热者,0.475569,0.000077
1084,穿针引线,1220,连拨击锤,0.445972,0.000688
1129,神射法师,1420,咏叹奏鸣,0.543603,0.000177
1095,风语者的祝福,1401,生机迸发,0.497114,0.000041
1069,退敌力场,1098,急急小子,0.448876,0.000047
1082,残暴之力,2024,由暴生急,0.457644,0.000084
1060,海洋龙魂,1150,面包和果酱,0.494128,0.000276
1085,折磨者,1152,任务：钢化你心,0.492352,0.00068
1329,史上最大雪球,1340,升级：米凯尔的祝福,0.491236,0.000012
1004,回归基本功,1134,亮出你的剑,0.618221,0.00017
0,无符文,1250,一板一眼,0.618981,0.021768
1051,点亮他们！,1339,激光治疗,0.439116,0.000007
1066,量子计算,1305,练腿日,0.483951,0.000132
1037,急救用具,1372,小猫咪找妈妈,0.496369,0.000419
1328,暴击律动,1421,舞会女王,0.46271,0.000002
1311,溢流,1405,速度恶魔,0.509341,0.000338
1029,虚幻武器,1424,???,0.442427,0.000018
1092,易损,1105,家园卫士,0.527971,0.000298
1085,折磨者,1415,双生火焰,0.471036,0.000032
1011,你摸不到,1331,至高天诺言,0.432872,0.000006
1337,尊我为王,1347,吵闹鬼,0.469388,0.00002
1066,量子计算,1316,刃下生风,0.502303,0.000109
1020,黎明使者的坚决,1333,逃跑计划,0.527793,0.000242
1308,火狐,1400,最终都市列车,0.54543,0.000198
1075,慢炖,1095,风语者的祝福,0.484004,0.000129
1150,面包和果酱,1152,任务：钢化你心,0.489745,0.000626
1325,玻璃大炮,2005,扳机炼狱,0.428177,0.000007
1103,面包和黄油,1187,闪光弹,0.459814,0.000094
1020,黎明使者的坚决,1310,小丑学院,0.508608,0.00013
1320,升级：收集者,1418,砸开那颗蛋,0.423719,0.000002
1045,炼狱导管,2009,狂热者,0.476644,0.000185
1134,亮出你的剑,1411,升级：荆棘之甲,0.618313,0
1036,火上浇油,1344,最终形态,0.486,0.000237
1007,大力,1039,冰霜 幽灵,0.487398,0.000054
1080,会心防御,1220,连拨击锤,0.472757,0.000185
1018,巨像的勇气,1064,坚韧,0.460347,0.000824
1088,终极刷新,1375,吞噬灵魂,0.448771,0.000101
1152,任务：钢化你心,1327,坚若磐石,0.490763,0.001121
1032,裁决使,1037,急救用具,0.480422,0.000573
1305,练腿日,1330,活力再生,0.478729,0.000045
1314,强力护盾,1325,玻璃大炮,0.424993,0.000025
1328,暴击律动,1347,吵闹鬼,0.489904,0.000092
1195,巨人杀手,1342,雪球扭蛋机,0.520301,0.000395
1087,台风,1329,史上最大雪球,0.442404,0.000088
1011,你摸不到,1208,轨道镭射,0.454031,0.000056
1118,会心治疗,1403,属性叠属性！,0.523412,0.000181
1092,易损,1319,升级：献祭,0.482774,0.000115
1104,仆从大师,1237,质变：黄金阶,0.501247,0.000047
1129,神射法师,2006,飞身踢,0.47375,0.000148
1328,暴击律动,1397,地狱三头犬,0.475103,0.000563
1081,踢踏舞,1411,升级：荆棘之甲,0.509816,0.000025
1025,俯冲轰炸,2002,虚空裂隙,0.532656,0.000118
1006,利刃华尔兹,1053,科学狂人,0.500433,0.000133
1092,易损,2007,你肩上的恶魔,0.437314,0.000039
1004,回归基本功,1104,仆从大师,0.488889,0.000012
1039,冰霜 幽灵,1152,任务：钢化你心,0.502757,0.001495
1149,不动如山,1322,罪恶快感,0.465982,0.000113
1028,侵蚀,1105,家园卫士,0.532817,0.000101
1085,折磨者,2024,由暴生急,0.430929,0.000004
1070,无休回复,1324,蛋白粉奶昔,0.477156,0.000199
1061,回力OK镖,1238,质变：棱彩阶,0.520897,0.000371
0,无符文,1214,旋转至胜,0.598386,0.005558
1069,退敌力场,1317,升级：弯刀,0.370449,0.000001
1085,折磨者,1243,质变：混沌,0.470245,0.000163
1071,更万用的瞄准镜,12317,潘朵拉的盒子,0.507641,0.000002
1156,任务：沃格勒特的巫师帽,1321,砍伤,0.472977,0.00001
1007,大力,1405,速度恶魔,0.499083,0.000111
1113,老练狙神,1346,吸血习性,0.498177,0.00161
1048,珠光护手,1415,双生火焰,0.498283,0.002012
1310,小丑学院,1318,升级：中娅,0.50678,0.000177
1198,圣火,1250,一板一眼,0.41852,0.000018
1042,恶趣味,2026,杀意翻涌,0.473941,0.000013
1356,暴击飞弹,1400,最终都市列车,0.503411,0.000062
1181,重量级打击手,2009,狂热者,0.500096,0.000063
1006,利刃华尔兹,1018,巨像的勇气,0.448331,0.000057
1004,回归基本功,1129,神射法师,0.526154,0.000235
1133,魔法飞弹,1205,物理转魔法,0.49667,0.004484
1214,旋转至胜,1346,吸血习性,0.538418,0.000861
1050,基石法师,1086,精准奇才,0.49239,0.000159
1067,古式佳酿,1361,任务：艾卡西亚的陷落,0.528989,0.000184
1006,利刃华尔兹,1152,任务：钢化你心,0.477148,0.000466
1206,魔法转物理,1413,和我一起困在这里,0.469791,0.000019
1023,魔鬼之舞,1340,升级：米凯尔的祝福,0.463041,0.000002
1042,恶趣味,1315,快中求稳,0.487548,0.000078
1074,缩小射线,1384,捐赠,0.491,0.000214
1112,终极不可阻挡,1331,至高天诺言,0.436044,0.000007
1301,神圣干预,1356,暴击飞弹,0.468969,0.000034
1310,小丑学院,1420,咏叹奏鸣,0.555734,0.00025
1056,由心及物,1310,小丑学院,0.525025,0.000204
1028,侵蚀,1152,任务：钢化你心,0.505735,0.000804
1073,暗影疾奔,1211,杀戮时间到了,0.496901,0.000694
2009,狂热者,2026,杀意翻涌,0.497442,0.000049
1082,残暴之力,1322,罪恶快感,0.471379,0.001072
1020,黎明使者的坚决,1057,山脉龙魂,0.475366,0.000173
1420,咏叹奏鸣,2024,由暴生急,0.492297,0.000034
1053,科学狂人,1198,圣火,0.492334,0.000054
1061,回力OK镖,1409,魄罗爆破手,0.522318,0.000191
1082,残暴之力,2026,杀意翻涌,0.467085,0.000088
1335,夺金,2016,注魔,0.495101,0.000028
1339,激光治疗,1358,弹球,0.5,0
1036,火上浇油,1086,精准奇才,0.450414,0.000108
1019,全凭身法,1069,退敌力场,0.424651,0.000048
1039,冰霜 幽灵,1064,坚韧,0.472645,0.000894
1214,旋转至胜,1349,终极唤醒,0.517749,0.000079
1027,大地苏醒,1076,天音爆,0.430631,0.000006
1064,坚韧,1077,灵魂虹吸,0.454678,0.000167
1071,更万用的瞄准镜,1211,杀戮时间到了,0.474903,0.000554
0,无符文,1086,精准奇才,0.576454,0.005768
1317,升级：弯刀,1319,升级：献祭,0.43871,0
1330,活力再生,2008,负重爆气,0.448549,0.000017
1064,坚韧,1390,超凡邪恶,0.480884,0.000578
1149,不动如山,1152,任务：钢化你心,0.491787,0.001432
1009,霸符兄弟,1388,无限循环往复,0.527249,0.00027
1080,会心防御,1389,男爵之手,0.539626,0.000006
1061,回力OK镖,2024,由暴生急,0.470391,0.000022
1194,精怪魔法,1400,最终都市列车,0.500044,0.000058
1151,面包和奶酪,1315,快中求稳,0.505357,0.000272
1389,男爵之手,1402,属性叠属性叠属性！,0.563135,0.000004
1060,海洋龙魂,1066,量子计算,0.484125,0.000136
1072,炽烈黎明,1373,缩小引擎,0.509628,0.00007
1058,秘术冲拳,1321,砍伤,0.499559,0.00019
1187,闪光弹,1411,升级：荆棘之甲,0.561024,0
1079,战争交响乐,2003,魄罗之王的弹跳,0.456491,0.000013
1066,量子计算,1149,不动如山,0.461373,0.000175
1328,暴击律动,1373,缩小引擎,0.493396,0.000413
1011,你摸不到,1095,风语者的祝福,0.459172,0.000027
1310,小丑学院,1389,男爵之手,0.57279,0.00002
1020,黎明使者的坚决,1151,面包和奶酪,0.479971,0.00014
1113,老练狙神,2026,杀意翻涌,0.456593,0.000027
1154,任务：海牛阿福的勇士,1237,质变：黄金阶,0.487923,0.000114
1314,强力护盾,1409,魄罗爆破手,0.461283,0.000055
1023,魔鬼之舞,1060,海洋龙魂,0.516326,0.000168
1056,由心及物,1358,弹球,0.481602,0.000155
1047,关键暴击,1095,风语者的祝福,0.475239,0.000042
1311,溢流,1323,残忍,0.493415,0.000353
1323,残忍,1424,???,0.462908,0.000006
1067,古式佳酿,1079,战争交响乐,0.481826,0.000248
12317,潘朵拉的盒子,1339,激光治疗,0.460526,0
1104,仆从大师,1401,生机迸发,0.480837,0.000008
1081,踢踏舞,1313,作弊：我能回城！,0.484502,0.000465
1098,急急小子,2008,负重爆气,0.486426,0.000128
1082,残暴之力,1095,风语者的祝福,0.46102,0.000031
1154,任务：海牛阿福的勇士,1318,升级：中娅,0.466336,0.000051
1019,全凭身法,1353,坦克引擎,0.481774,0.000514
1149,不动如山,1324,蛋白粉奶昔,0.470276,0.000292
1107,接二连三,1220,连拨击锤,0.46409,0.001562
1045,炼狱导管,1198,圣火,0.485957,0.000252
1069,退敌力场,1308,火狐,0.484306,0.000028
1087,台风,1220,连拨击锤,0.441028,0.002839
1009,霸符兄弟,1313,作弊：我能回城！,0.505265,0.000346
1076,天音爆,1424,???,0.494859,0.00001
1058,秘术冲拳,1403,属性叠属性！,0.534957,0.000111
1081,踢踏舞,1180,超强大脑,0.464587,0.000063
1301,神圣干预,1409,魄罗爆破手,0.494085,0.000176
1061,回力OK镖,1076,天音爆,0.524303,0.000043
1084,穿针引线,1391,红包,0.539972,0.000664
1073,暗影疾奔,1311,溢流,0.512333,0.000268
1108,自我毁灭,1414,卡皮巴拉空投,0.446654,0.000051
1388,无限循环往复,1391,红包,0.542143,0.00048
1054,物法皆修,1330,活力再生,0.428795,0.000081
1320,升级：收集者,1403,属性叠属性！,0.533256,0.000171
1030,尤里卡,1116,闪现向前,0.49446,0.000115
1326,夜狩,2007,你肩上的恶魔,0.411533,0.000039
1237,质变：黄金阶,1316,刃下生风,0.499019,0.000125
1069,退敌力场,1310,小丑学院,0.452791,0.000061
1118,会心治疗,1340,升级：米凯尔的祝福,0.53249,0.000281
1051,点亮他们！,1081,踢踏舞,0.512251,0.000806
1077,灵魂虹吸,1333,逃跑计划,0.559699,0.000452
1077,灵魂虹吸,1404,属性！,0.542848,0.000054
1035,感受燃烧,1194,精怪魔法,0.474697,0.000076
1150,面包和果酱,2005,扳机炼狱,0.436552,0.000036
1052,闪电打击,1421,舞会女王,0.494327,0.000022
1115,最万用的瞄准镜,1996,升级：耀光,0.48982,0.000325
1313,作弊：我能回城！,1321,砍伤,0.476996,0.000279
1050,基石法师,1397,地狱三头犬,0.43589,0.000028
1332,不祥契约,1409,魄罗爆破手,0.484695,0.000129
1060,海洋龙魂,1134,亮出你的剑,0.582252,0.000112
1047,关键暴击,1413,和我一起困在这里,0.454147,0.000009
1084,穿针引线,1319,升级：献祭,0.467903,0.000143
1041,歌利亚巨人,1073,暗影疾奔,0.50906,0.000559
1198,圣火,1205,物理转魔法,0.444839,0.000177
1085,折磨者,1095,风语者的祝福,0.447259,0.000052
1330,活力再生,1389,男爵之手,0.515158,0.000003
1335,夺金,2006,飞身踢,0.494904,0.000033
1047,关键暴击,1325,玻璃大炮,0.432423,0.00013
1063,狂徒豪气,1324,蛋白粉奶昔,0.492318,0.000136
1006,利刃华尔兹,1092,易损,0.464618,0.000276
1151,面包和奶酪,1424,???,0.449865,0.000015
1149,不动如山,2007,你肩上的恶魔,0.381714,0.000011
1026,唯快不破,1353,坦克引擎,0.480629,0.000184
1353,坦克引擎,1424,???,0.450157,0.000058
1070,无休回复,1323,残忍,0.505552,0.000151
1073,暗影疾奔,2026,杀意翻涌,0.508069,0.000206
1208,轨道镭射,1336,升级：无尽之刃,0.453157,0.000014
1064,坚韧,1118,会心治疗,0.450916,0.00117
1051,点亮他们！,1063,狂徒豪气,0.538245,0.000124
1004,回归基本功,1034,防护面纱,0.519317,0.00009
1044,冰寒,1054,物法皆修,0.438533,0.000147
1030,尤里卡,1342,雪球扭蛋机,0.490679,0.000338
1080,会心防御,12317,潘朵拉的盒子,0.507077,0
1339,激光治疗,2008,负重爆气,0.47962,0.000027
1070,无休回复,1115,最万用的瞄准镜,0.493568,0.000161
1011,你摸不到,1149,不动如山,0.426133,0.000048
1070,无休回复,1313,作弊：我能回城！,0.495724,0.000319
1195,巨人杀手,1332,不祥契约,0.524789,0.000262
1138,渴血,1329,史上最大雪球,0.484273,0.000402
1053,科学狂人,1067,古式佳酿,0.527905,0.000313
1022,灵巧,1133,魔法飞弹,0.476651,0.000706
1087,台风,1112,终极不可阻挡,0.454122,0.000092
1028,侵蚀,2003,魄罗之王的弹跳,0.48658,0.000024
1018,巨像的勇气,1336,升级：无尽之刃,0.436487,0.000014
1349,终极唤醒,1384,捐赠,0.498335,0.000132
1080,会心防御,1104,仆从大师,0.46943,0.000009
1082,残暴之力,1308,火狐,0.473075,0.000014
1321,砍伤,1406,祖母的辣椒油,0.481288,0.000068
1027,大地苏醒,1406,祖母的辣椒油,0.466574,0.000023
1020,黎明使者的坚决,1313,作弊：我能回城！,0.491784,0.000298
0,无符文,1317,升级：弯刀,0.512187,0.00036
1337,尊我为王,1339,激光治疗,0.599428,0.000014
1108,自我毁灭,1341,帽上加帽,0.457264,0.000112
1115,最万用的瞄准镜,1331,至高天诺言,0.42725,0.000007
1035,感受燃烧,1338,升级：狂妄,0.492463,0.000125
0,无符文,1037,急救用具,0.580299,0.013183
1323,残忍,1403,属性叠属性！,0.522427,0.000056
1007,大力,1322,罪恶快感,0.503466,0.000848
1329,史上最大雪球,1345,心灵净化,0.463249,0.000298
1036,火上浇油,1069,退敌力场,0.452275,0.000098
1129,神射法师,1353,坦克引擎,0.473816,0.000683
1062,全能龙魂,1149,不动如山,0.487416,0.000113
1133,魔法飞弹,1416,海克斯科技龙魂,0.488927,0.000314
1047,关键暴击,1358,弹球,0.439248,0.000039
1034,防护面纱,2004,信念者的强化,0.478459,0.000007
1250,一板一眼,1310,小丑学院,0.529581,0.000809
1051,点亮他们！,1108,自我毁灭,0.459745,0.000041
1321,砍伤,1420,咏叹奏鸣,0.498457,0.000078
1392,神圣雪球,1414,卡皮巴拉空投,0.333333,0
1133,魔法飞弹,1208,轨道镭射,0.481997,0.000132
1020,黎明使者的坚决,1397,地狱三头犬,0.470633,0.000042
1085,折磨者,1401,生机迸发,0.478237,0.000036
1023,魔鬼之舞,1358,弹球,0.461031,0.000045
1238,质变：棱彩阶,1361,任务：艾卡西亚的陷落,0.549221,0.000132
1053,科学狂人,1317,升级：弯刀,0.453254,0.000004
1013,星界躯体,1358,弹球,0.453989,0.000137
1108,自我毁灭,1154,任务：海牛阿福的勇士,0.465582,0.000065
1068,循环往复,1316,刃下生风,0.491653,0.000262
1050,基石法师,1310,小丑学院,0.504508,0.000151
1061,回力OK镖,1116,闪现向前,0.496434,0.000023
1088,终极刷新,1337,尊我为王,0.45657,0.000096
1002,尖端发明家,1082,残暴之力,0.443673,0.000232
1375,吞噬灵魂,2007,你肩上的恶魔,0.397395,0.000045
1225,双刀流,1344,最终形态,0.529295,0.000195
1195,巨人杀手,1418,砸开那颗蛋,0.513054,0.000006
1027,大地苏醒,1384,捐赠,0.519597,0.000067
1204,叠角龙,1334,升级：雪球,0.494623,0.000008
1305,练腿日,1391,红包,0.559201,0.000215
1022,灵巧,1379,未知符文_1379,0.465266,0.000008
1068,循环往复,1356,暴击飞弹,0.485147,0.000126
1061,回力OK镖,1372,小猫咪找妈妈,0.554306,0.000028
1310,小丑学院,1358,弹球,0.6,0
1170,万用瞄准镜,1198,圣火,0.445735,0.000039
1334,升级：雪球,1401,生机迸发,0.533333,0
1098,急急小子,1237,质变：黄金阶,0.495603,0.000148
1025,俯冲轰炸,1194,精怪魔法,0.479023,0.000136
1349,终极唤醒,1392,神圣雪球,0.435694,0.000012
1025,俯冲轰炸,2018,纯粹主义者 - 术师,0.485208,0.000042
1050,基石法师,2007,你肩上的恶魔,0.41794,0.000017
1054,物法皆修,1336,升级：无尽之刃,0.468114,0.000314
1206,魔法转物理,1404,属性！,0.555506,0.000067
1035,感受燃烧,1141,全心为你,0.490721,0.000133
1405,速度恶魔,2010,双发快射,0.479299,0.000108
1085,折磨者,1315,快中求稳,0.471309,0.000032
1080,会心防御,1372,小猫咪找妈妈,0.479583,0.00001
1018,巨像的勇气,1082,残暴之力,0.445898,0.000038
1313,作弊：我能回城！,2003,魄罗之王的弹跳,0.468376,0.000047
1348,闪闪现现,1372,小猫咪找妈妈,0.444817,0.000002
1402,属性叠属性叠属性！,2001,当心小蛋糕！,0.5316,0.000034
1068,循环往复,1404,属性！,0.520869,0.00009
1034,防护面纱,1416,海克斯科技龙魂,0.486747,0.00003
1105,家园卫士,1220,连拨击锤,0.491861,0.000217
1205,物理转魔法,1400,最终都市列车,0.50413,0.000261
1108,自我毁灭,2007,你肩上的恶魔,0.432221,0.000044
1039,冰霜 幽灵,1134,亮出你的剑,0.556515,0.000027
1061,回力OK镖,1301,神圣干预,0.528141,0.001434
1041,歌利亚巨人,12317,潘朵拉的盒子,0.511932,0.000001
1038,有始有终,1150,面包和果酱,0.490223,0.000362
1329,史上最大雪球,1375,吞噬灵魂,0.468505,0.000144
1037,急救用具,1324,蛋白粉奶昔,0.462256,0.00072
1077,灵魂虹吸,1342,雪球扭蛋机,0.479411,0.000093
1141,全心为你,1305,练腿日,0.481334,0.000048
1349,终极唤醒,1400,最终都市列车,0.50111,0.000081
1084,穿针引线,1331,至高天诺言,0.41917,0.000016
1076,天音爆,1384,捐赠,0.505849,0.00005
1115,最万用的瞄准镜,2006,飞身踢,0.478031,0.000085
1042,恶趣味,1345,心灵净化,0.46176,0.000279
1301,神圣干预,1323,残忍,0.484879,0.000172
1023,魔鬼之舞,2008,负重爆气,0.489273,0.000125
1104,仆从大师,1332,不祥契约,0.497201,0.00002
1029,虚幻武器,1134,亮出你的剑,0.539706,0.00018
1034,防护面纱,1250,一板一眼,0.471907,0.000147
1375,吞噬灵魂,1401,生机迸发,0.493284,0.000221
1206,魔法转物理,1420,咏叹奏鸣,0.507985,0.000136
1070,无休回复,1349,终极唤醒,0.485807,0.000108
1389,男爵之手,1424,???,0.496296,0.000002
1030,尤里卡,1401,生机迸发,0.492678,0.000134
1013,星界躯体,1336,升级：无尽之刃,0.465539,0.000088
1046,炼狱龙魂,1054,物法皆修,0.436204,0.000307
1057,山脉龙魂,1081,踢踏舞,0.464107,0.000077
1030,尤里卡,2004,信念者的强化,0.499284,0.000024
1388,无限循环往复,1400,最终都市列车,0.507655,0.000227
1133,魔法飞弹,1134,亮出你的剑,0.520344,0.000188
1086,精准奇才,1317,升级：弯刀,0.396432,0.000001
1009,霸符兄弟,1353,坦克引擎,0.523969,0.000704
1389,男爵之手,2002,虚空裂隙,0.523162,0.000011
1048,珠光护手,1390,超凡邪恶,0.495833,0.003164
1004,回归基本功,1194,精怪魔法,0.714286,0
1050,基石法师,1335,夺金,0.499447,0.00009
1063,狂徒豪气,1204,叠角龙,0.528961,0.000004
1082,残暴之力,1084,穿针引线,0.469208,0.001295
1027,大地苏醒,1156,任务：沃格勒特的巫师帽,0.509831,0.000019
1151,面包和奶酪,1152,任务：钢化你心,0.47817,0.000551
1305,练腿日,1404,属性！,0.538167,0.000029
1084,穿针引线,1088,终极刷新,0.449181,0.000473
1054,物法皆修,1195,巨人杀手,0.498345,0.000317
1030,尤里卡,1334,升级：雪球,0.504106,0.000569
1322,罪恶快感,1339,激光治疗,0.420659,0.000006
1013,星界躯体,1064,坚韧,0.467441,0.002928
1073,暗影疾奔,1084,穿针引线,0.494794,0.000918
1084,穿针引线,1326,夜狩,0.449439,0.001207
1066,量子计算,1323,残忍,0.476466,0.000088
1009,霸符兄弟,1113,老练狙神,0.496901,0.000497
1129,神射法师,1346,吸血习性,0.527489,0.002045
1056,由心及物,1206,魔法转物理,0.472852,0.000152
1361,任务：艾卡西亚的陷落,2004,信念者的强化,0.470345,0.000001
1023,魔鬼之舞,1027,大地苏醒,0.490729,0.000085
1054,物法皆修,1071,更万用的瞄准镜,0.481862,0.000749
1323,残忍,1415,双生火焰,0.473365,0.00011
1206,魔法转物理,1340,升级：米凯尔的祝福,0.448897,0.000004
1034,防护面纱,1081,踢踏舞,0.501296,0.000168
1067,古式佳酿,1071,更万用的瞄准镜,0.488005,0.000388
1066,量子计算,1070,无休回复,0.485788,0.000122
1045,炼狱导管,1336,升级：无尽之刃,0.444244,0.000075
1115,最万用的瞄准镜,2024,由暴生急,0.456091,0.000131
1170,万用瞄准镜,1333,逃跑计划,0.536438,0.000415
1136,扇巴掌,1340,升级：米凯尔的祝福,0.527056,0.000063
1107,接二连三,1400,最终都市列车,0.493633,0.000136
1085,折磨者,1305,练腿日,0.478129,0.000062
1330,活力再生,1397,地狱三头犬,0.440394,0.000082
1047,关键暴击,1141,全心为你,0.455612,0.000034
1022,灵巧,1039,冰霜 幽灵,0.47008,0.000096
1071,更万用的瞄准镜,1321,砍伤,0.514903,0.00052
1034,防护面纱,1402,属性叠属性叠属性！,0.512808,0.000017
1181,重量级打击手,1316,刃下生风,0.462398,0.00005
1068,循环往复,1150,面包和果酱,0.48383,0.000748
1028,侵蚀,1097,巫师式思考,0.505832,0.000315
2010,双发快射,2018,纯粹主义者 - 术师,0.397229,0.00002
1039,冰霜 幽灵,2003,魄罗之王的弹跳,0.495961,0.000044
1026,唯快不破,1051,点亮他们！,0.516205,0.000057
1390,超凡邪恶,2008,负重爆气,0.498178,0.001992
1334,升级：雪球,1391,红包,0.528442,0.000213
1011,你摸不到,1220,连拨击锤,0.453008,0.000097
1156,任务：沃格勒特的巫师帽,1401,生机迸发,0.479215,0.000057
1075,慢炖,1415,双生火焰,0.4528,0.000039
1057,山脉龙魂,1062,全能龙魂,0.506236,0.000102
1076,天音爆,1243,质变：混沌,0.474196,0.000072
1038,有始有终,1418,砸开那颗蛋,0.499266,0.000007
1041,歌利亚巨人,1409,魄罗爆破手,0.483686,0.000401
1071,更万用的瞄准镜,1344,最终形态,0.50413,0.000604
1006,利刃华尔兹,1048,珠光护手,0.457131,0.000438
1349,终极唤醒,2009,狂热者,0.463381,0.000063
1243,质变：混沌,1336,升级：无尽之刃,0.511262,0.000352
1044,冰寒,1320,升级：收集者,0.455914,0.0001
1041,歌利亚巨人,1397,地狱三头犬,0.487834,0.000155
1080,会心防御,1401,生机迸发,0.498284,0.000031
1335,夺金,1348,闪闪现现,0.438043,0.000009
1336,升级：无尽之刃,1348,闪闪现现,0.458592,0.00003
1084,穿针引线,2001,当心小蛋糕！,0.491028,0.000318
12317,潘朵拉的盒子,1404,属性！,0.555621,0.000002
1118,会心治疗,1392,神圣雪球,0.434112,0.000061
1026,唯快不破,1195,巨人杀手,0.559957,0.000948
1002,尖端发明家,1392,神圣雪球,0.419545,0.000054
1030,尤里卡,1353,坦克引擎,0.49583,0.001202
1032,裁决使,1180,超强大脑,0.511381,0.001326
1041,歌利亚巨人,1415,双生火焰,0.470777,0.000137
1011,你摸不到,1027,大地苏醒,0.465695,0.000047
1086,精准奇才,1310,小丑学院,0.487061,0.000051
1034,防护面纱,1075,慢炖,0.48364,0.000113
1322,罪恶快感,1348,闪闪现现,0.446466,0.000058
0,无符文,1084,穿针引线,0.576344,0.046305
1081,踢踏舞,1996,升级：耀光,0.485627,0.00023
1030,尤里卡,1205,物理转魔法,0.518543,0.004803
1320,升级：收集者,1329,史上最大雪球,0.459725,0.000235
1009,霸符兄弟,1328,暴击律动,0.514772,0.000252
1105,家园卫士,1195,巨人杀手,0.557336,0.001018
1060,海洋龙魂,1420,咏叹奏鸣,0.551705,0.000153
1054,物法皆修,1112,终极不可阻挡,0.447665,0.000104
1025,俯冲轰炸,1170,万用瞄准镜,0.483219,0.000181
1342,雪球扭蛋机,1411,升级：荆棘之甲,0.519472,0.000063
1006,利刃华尔兹,1389,男爵之手,0.508225,0.000007
1044,冰寒,1325,玻璃大炮,0.467019,0.000273
1054,物法皆修,1331,至高天诺言,0.427023,0.000003
1041,歌利亚巨人,1416,海克斯科技龙魂,0.48855,0.000121
1015,死亡之环,1334,升级：雪球,0.461507,0.000084
1058,秘术冲拳,1136,扇巴掌,0.489178,0.000381
1053,科学狂人,1353,坦克引擎,0.52126,0.001142
1023,魔鬼之舞,1069,退敌力场,0.441476,0.000038
1087,台风,1205,物理转魔法,0.451513,0.000138
1056,由心及物,1356,暴击飞弹,0.484522,0.000067
1107,接二连三,1342,雪球扭蛋机,0.452305,0.000089
1006,利刃华尔兹,1027,大地苏醒,0.501012,0.00009
1048,珠光护手,1104,仆从大师,0.493377,0.000148
1020,黎明使者的坚决,1421,舞会女王,0.499123,0.000032
1032,裁决使,1066,量子计算,0.485388,0.000921
1009,霸符兄弟,1075,慢炖,0.527227,0.00019
1038,有始有终,1054,物法皆修,0.45879,0.000251
1080,会心防御,1116,闪现向前,0.482865,0.000023
1019,全凭身法,2018,纯粹主义者 - 术师,0.458761,0.000051
1027,大地苏醒,1039,冰霜 幽灵,0.456594,0.000037
1392,神圣雪球,2016,注魔,0.444389,0.000017
1401,生机迸发,2002,虚空裂隙,0.488917,0.000059
1097,巫师式思考,1098,急急小子,0.501267,0.000336
1413,和我一起困在这里,1414,卡皮巴拉空投,0.44886,0.000003
1011,你摸不到,1107,接二连三,0.445655,0.000129
1310,小丑学院,1329,史上最大雪球,0.628571,0
1358,弹球,2009,狂热者,0.45678,0.000083
1038,有始有终,1356,暴击飞弹,0.524708,0.000172
1042,恶趣味,1056,由心及物,0.481219,0.000242
1348,闪闪现现,1404,属性！,0.508637,0
1105,家园卫士,1348,闪闪现现,0.483654,0.000021
1328,暴击律动,1349,终极唤醒,0.439732,0.000109
1036,火上浇油,1112,终极不可阻挡,0.453038,0.000136
1027,大地苏醒,1072,炽烈黎明,0.449137,0.000013
1361,任务：艾卡西亚的陷落,1400,最终都市列车,0.552973,0.000125
1009,霸符兄弟,1170,万用瞄准镜,0.501223,0.000179
1320,升级：收集者,1349,终极唤醒,0.445536,0.000224
1150,面包和果酱,1415,双生火焰,0.466006,0.000111
1060,海洋龙魂,1361,任务：艾卡西亚的陷落,0.55761,0.000078
1338,升级：狂妄,1356,暴击飞弹,0.49766,0.000186
1067,古式佳酿,1072,炽烈黎明,0.485992,0.000115
1009,霸符兄弟,1375,吞噬灵魂,0.510921,0.00013
1116,闪现向前,2010,双发快射,0.487783,0.000029
1311,溢流,1411,升级：荆棘之甲,0.504045,0.000017
1113,老练狙神,1326,夜狩,0.423806,0.000225
1318,升级：中娅,1356,暴击飞弹,0.458809,0.000062
1205,物理转魔法,1324,蛋白粉奶昔,0.435896,0.000229
1105,家园卫士,1150,面包和果酱,0.508997,0.000228
1325,玻璃大炮,1390,超凡邪恶,0.464621,0.000313
1156,任务：沃格勒特的巫师帽,1214,旋转至胜,0.552174,0.000034
1141,全心为你,1406,祖母的辣椒油,0.496243,0.00014
1018,巨像的勇气,1108,自我毁灭,0.470281,0.00024
1079,战争交响乐,1402,属性叠属性叠属性！,0.518059,0.000025
1060,海洋龙魂,1411,升级：荆棘之甲,0.54705,0.000031
1041,歌利亚巨人,1313,作弊：我能回城！,0.496109,0.001517
1038,有始有终,1390,超凡邪恶,0.520912,0.00174
1053,科学狂人,1319,升级：献祭,0.52118,0.000184
1050,基石法师,1379,未知符文_1379,0.456072,0.000002
0,无符文,1087,台风,0.567075,0.022726
1070,无休回复,1420,咏叹奏鸣,0.548761,0.000118
1335,夺金,1340,升级：米凯尔的祝福,0.505304,0.000004
1060,海洋龙魂,1103,面包和黄油,0.499357,0.000448
1098,急急小子,1324,蛋白粉奶昔,0.448499,0.000062
1022,灵巧,1103,面包和黄油,0.474054,0.000585
1050,基石法师,1138,渴血,0.497085,0.0002
1047,关键暴击,1402,属性叠属性叠属性！,0.508556,0.000035
1138,渴血,2004,信念者的强化,0.426637,0.000004
0,无符文,1243,质变：混沌,0.609015,0.008641
1389,男爵之手,2006,飞身踢,0.512603,0.000012
1149,不动如山,1373,缩小引擎,0.503231,0.000134
1068,循环往复,1344,最终形态,0.517923,0.000745
1333,逃跑计划,1411,升级：荆棘之甲,0.559362,0.000048
1004,回归基本功,1409,魄罗爆破手,0.51971,0.000133
1069,退敌力场,1414,卡皮巴拉空投,0.41764,0.000009
1019,全凭身法,2002,虚空裂隙,0.502704,0.000029
1372,小猫咪找妈妈,1386,转得我眩晕了,0.48575,0
1028,侵蚀,1319,升级：献祭,0.510401,0.000187
1151,面包和奶酪,1211,杀戮时间到了,0.476059,0.00054
1116,闪现向前,1400,最终都市列车,0.492145,0.000058
1332,不祥契约,2005,扳机炼狱,0.428601,0.000005
1027,大地苏醒,1074,缩小射线,0.443853,0.000058
1007,大力,1329,史上最大雪球,0.492542,0.00013
1313,作弊：我能回城！,1330,活力再生,0.463131,0.000085
1305,练腿日,2026,杀意翻涌,0.492928,0.000052
1023,魔鬼之舞,1133,魔法飞弹,0.472845,0.000101
1068,循环往复,1108,自我毁灭,0.485337,0.000373
1054,物法皆修,1315,快中求稳,0.465188,0.000082
1036,火上浇油,1204,叠角龙,0.521187,0.000021
1180,超强大脑,2009,狂热者,0.488704,0.000076
1067,古式佳酿,1314,强力护盾,0.476593,0.000226
1418,砸开那颗蛋,2003,魄罗之王的弹跳,0.472553,0.000001
1361,任务：艾卡西亚的陷落,2008,负重爆气,0.523953,0.000117
1026,唯快不破,1311,溢流,0.517038,0.000169
1052,闪电打击,1250,一板一眼,0.453564,0.000795
1020,黎明使者的坚决,1025,俯冲轰炸,0.494245,0.000185
1042,恶趣味,1134,亮出你的剑,0.54014,0.000007
1045,炼狱导管,1238,质变：棱彩阶,0.53365,0.001749
1022,灵巧,1411,升级：荆棘之甲,0.51807,0.000019
1020,黎明使者的坚决,12317,潘朵拉的盒子,0.48629,0
1002,尖端发明家,1418,砸开那颗蛋,0.462976,0.000008
1011,你摸不到,1076,天音爆,0.444881,0.000013
1329,史上最大雪球,1334,升级：雪球,0.528313,0.002353
1195,巨人杀手,1211,杀戮时间到了,0.526979,0.001703
1042,恶趣味,1048,珠光护手,0.449963,0.000162
1004,回归基本功,1118,会心治疗,0.511433,0.000364
1320,升级：收集者,1409,魄罗爆破手,0.476489,0.00044
1397,地狱三头犬,1409,魄罗爆破手,0.454524,0.000073
1313,作弊：我能回城！,1336,升级：无尽之刃,0.495432,0.00037
1011,你摸不到,1205,物理转魔法,0.456446,0.000167
1075,慢炖,1151,面包和奶酪,0.481437,0.000244
1149,不动如山,2024,由暴生急,0.412649,0.000005
1154,任务：海牛阿福的勇士,1411,升级：荆棘之甲,0.500669,0.000009
1341,帽上加帽,1402,属性叠属性叠属性！,0.53688,0.000058
1326,夜狩,1330,活力再生,0.445441,0.000042
1018,巨像的勇气,1025,俯冲轰炸,0.470483,0.000207
1322,罪恶快感,1347,吵闹鬼,0.470569,0.000127
1098,急急小子,1386,转得我眩晕了,0.415497,0.000001
1151,面包和奶酪,2007,你肩上的恶魔,0.418004,0.000023
1092,易损,1206,魔法转物理,0.505451,0.000538
1237,质变：黄金阶,1315,快中求稳,0.525048,0.000203
0,无符文,1088,终极刷新,0.540589,0.010043
1129,神射法师,1325,玻璃大炮,0.440202,0.000167
1051,点亮他们！,1072,炽烈黎明,0.463524,0.000045
1064,坚韧,1340,升级：米凯尔的祝福,0.496218,0.000062
1067,古式佳酿,2001,当心小蛋糕！,0.496733,0.000145
1095,风语者的祝福,1388,无限循环往复,0.527996,0.000039
1050,基石法师,1220,连拨击锤,0.442365,0.000057
1329,史上最大雪球,1356,暴击飞弹,0.463088,0.000033
1112,终极不可阻挡,1330,活力再生,0.42578,0.000011
1072,炽烈黎明,1411,升级：荆棘之甲,0.508369,0.000008
1025,俯冲轰炸,1062,全能龙魂,0.505854,0.000132
1052,闪电打击,2001,当心小蛋糕！,0.525752,0.000179
1353,坦克引擎,1415,双生火焰,0.470422,0.000187
1134,亮出你的剑,2016,注魔,0.545414,0.000025
1115,最万用的瞄准镜,1324,蛋白粉奶昔,0.444376,0.00005
1009,霸符兄弟,1057,山脉龙魂,0.499644,0.000065
1329,史上最大雪球,1404,属性！,0.513948,0.000057
1336,升级：无尽之刃,1358,弹球,0.452089,0.00006
1030,尤里卡,1411,升级：荆棘之甲,0.47872,0.000015
1330,活力再生,1413,和我一起困在这里,0.398074,0
1108,自我毁灭,1323,残忍,0.491602,0.000234
1080,会心防御,2026,杀意翻涌,0.498559,0.000031
1329,史上最大雪球,1424,???,0.463475,0.000007
1409,魄罗爆破手,2002,虚空裂隙,0.510665,0.000434
1214,旋转至胜,1325,玻璃大炮,0.464508,0.000022
1115,最万用的瞄准镜,2004,信念者的强化,0.432404,0.000002
1037,急救用具,1331,至高天诺言,0.484852,0.000233
1077,灵魂虹吸,1112,终极不可阻挡,0.469086,0.000178
1342,雪球扭蛋机,1391,红包,0.525573,0.000147
1085,折磨者,1328,暴击律动,0.435956,0.000011
1087,台风,2006,飞身踢,0.46602,0.000135
1138,渴血,1372,小猫咪找妈妈,0.457747,0.000006
1327,坚若磐石,1342,雪球扭蛋机,0.462229,0.000106
1136,扇巴掌,1308,火狐,0.523563,0.000266
1075,慢炖,1389,男爵之手,0.503154,0.000008
1088,终极刷新,1156,任务：沃格勒特的巫师帽,0.477987,0.00013
1138,渴血,1315,快中求稳,0.535997,0.000786
1107,接二连三,1187,闪光弹,0.465294,0.000072
1344,最终形态,2001,当心小蛋糕！,0.515332,0.000073
1037,急救用具,1149,不动如山,0.462935,0.000166
2001,当心小蛋糕！,2008,负重爆气,0.495616,0.000369
1337,尊我为王,2002,虚空裂隙,0.676169,0.000059
1079,战争交响乐,12317,潘朵拉的盒子,0.569612,0
1211,杀戮时间到了,1334,升级：雪球,0.482854,0.000426
1037,急救用具,1047,关键暴击,0.463281,0.000136
1308,火狐,1324,蛋白粉奶昔,0.493389,0.000077
1104,仆从大师,1413,和我一起困在这里,0.458543,0.000002
1152,任务：钢化你心,2026,杀意翻涌,0.474716,0.000136
1134,亮出你的剑,1330,活力再生,0.530254,0.00013
1316,刃下生风,2002,虚空裂隙,0.503685,0.000019
1077,灵魂虹吸,1250,一板一眼,0.49765,0.000698
1323,残忍,1326,夜狩,0.446509,0.00003
1198,圣火,1389,男爵之手,0.512822,0.000004
1020,黎明使者的坚决,1214,旋转至胜,0.499483,0.000042
1032,裁决使,1416,海克斯科技龙魂,0.475124,0.000373
1085,折磨者,1338,升级：狂妄,0.437926,0.000042
1237,质变：黄金阶,1341,帽上加帽,0.496264,0.000334
1064,坚韧,1388,无限循环往复,0.485009,0.000409
1320,升级：收集者,2007,你肩上的恶魔,0.439892,0.000077
12317,潘朵拉的盒子,2001,当心小蛋糕！,0.510135,0
1336,升级：无尽之刃,1421,舞会女王,0.492513,0.000026
1050,基石法师,1180,超强大脑,0.502572,0.000427
1220,连拨击锤,1402,属性叠属性叠属性！,0.47061,0.000029
1006,利刃华尔兹,1187,闪光弹,0.46028,0.000091
1149,不动如山,1414,卡皮巴拉空投,0.42859,0.000025
1070,无休回复,1415,双生火焰,0.498524,0.000055
1344,最终形态,2007,你肩上的恶魔,0.458187,0.000027
1333,逃跑计划,1416,海克斯科技龙魂,0.52386,0.00006
1082,残暴之力,1317,升级：弯刀,0.415728,0.000014
1026,唯快不破,12317,潘朵拉的盒子,0.535802,0
1214,旋转至胜,2024,由暴生急,0.468754,0.000012
1323,残忍,1421,舞会女王,0.535234,0.000026
1085,折磨者,1156,任务：沃格勒特的巫师帽,0.464908,0.000091
1416,海克斯科技龙魂,2009,狂热者,0.479194,0.000061
1007,大力,1037,急救用具,0.495156,0.000055
1048,珠光护手,2002,虚空裂隙,0.494007,0.000393
1323,残忍,1414,卡皮巴拉空投,0.449464,0.000016
1375,吞噬灵魂,1403,属性叠属性！,0.506288,0.000164
1105,家园卫士,1379,未知符文_1379,0.484503,0.000002
1041,歌利亚巨人,1048,珠光护手,0.488027,0.0008
1019,全凭身法,2003,魄罗之王的弹跳,0.470806,0.000016
1042,恶趣味,1373,缩小引擎,0.527018,0.000163
1042,恶趣味,1405,速度恶魔,0.483714,0.000064
1066,量子计算,1098,急急小子,0.470411,0.000068
1318,升级：中娅,1348,闪闪现现,0.456861,0.000021
1063,狂徒豪气,1156,任务：沃格勒特的巫师帽,0.53276,0.000082
1042,恶趣味,1347,吵闹鬼,0.447949,0.000015
1315,快中求稳,2018,纯粹主义者 - 术师,0.478424,0.000022
1052,闪电打击,1058,秘术冲拳,0.482451,0.001053
1036,火上浇油,1225,双刀流,0.556418,0.001376
1156,任务：沃格勒特的巫师帽,1345,心灵净化,0.486486,0.00075
1084,穿针引线,1198,圣火,0.445889,0.000096
1041,歌利亚巨人,1195,巨人杀手,0.527084,0.00047
1046,炼狱龙魂,1340,升级：米凯尔的祝福,0.495181,0.000015
1042,恶趣味,1996,升级：耀光,0.476995,0.000029
1057,山脉龙魂,1069,退敌力场,0.43115,0.000037
1042,恶趣味,1151,面包和奶酪,0.471023,0.000171
1208,轨道镭射,1322,罪恶快感,0.45899,0.000042
1325,玻璃大炮,1411,升级：荆棘之甲,0.504112,0.000003
1026,唯快不破,1062,全能龙魂,0.527328,0.000054
1133,魔法飞弹,1348,闪闪现现,0.472179,0.000091
1118,会心治疗,1149,不动如山,0.445467,0.000348
1048,珠光护手,1107,接二连三,0.447927,0.000473
1050,基石法师,1067,古式佳酿,0.497568,0.000292
1064,坚韧,1151,面包和奶酪,0.465562,0.000375
1072,炽烈黎明,2006,飞身踢,0.466344,0.000026
1403,属性叠属性！,2002,虚空裂隙,0.546715,0.000129
1048,珠光护手,1056,由心及物,0.509687,0.001667
1050,基石法师,1141,全心为你,0.487978,0.000181
1048,珠光护手,1181,重量级打击手,0.457242,0.000394
1335,夺金,2004,信念者的强化,0.479764,0.000003
1079,战争交响乐,1105,家园卫士,0.49617,0.000159
1026,唯快不破,2001,当心小蛋糕！,0.52494,0.000042
1034,防护面纱,1346,吸血习性,0.519195,0.000759
1181,重量级打击手,1211,杀戮时间到了,0.467715,0.000275
1073,暗影疾奔,1388,无限循环往复,0.517177,0.000327
1328,暴击律动,1356,暴击飞弹,0.528402,0.000773
1019,全凭身法,2001,当心小蛋糕！,0.494265,0.000055
1237,质变：黄金阶,1338,升级：狂妄,0.497342,0.000655
1154,任务：海牛阿福的勇士,1205,物理转魔法,0.506261,0.000193
1009,霸符兄弟,1198,圣火,0.485696,0.000082
1052,闪电打击,1112,终极不可阻挡,0.468821,0.000204
12317,潘朵拉的盒子,1402,属性叠属性叠属性！,0.542476,0.000001
1018,巨像的勇气,1048,珠光护手,0.455533,0.000088
1030,尤里卡,1404,属性！,0.535682,0.000146
1320,升级：收集者,1402,属性叠属性叠属性！,0.518846,0.000105
1041,歌利亚巨人,2016,注魔,0.473712,0.000056
1205,物理转魔法,1211,杀戮时间到了,0.477984,0.001801
1116,闪现向前,1311,溢流,0.485298,0.00007
1150,面包和果酱,1211,杀戮时间到了,0.463634,0.000444
1041,歌利亚巨人,1333,逃跑计划,0.535555,0.001023
1062,全能龙魂,2024,由暴生急,0.471454,0.000023
1180,超强大脑,1416,海克斯科技龙魂,0.49529,0.00006
1320,升级：收集者,2006,飞身踢,0.45568,0.000278
1402,属性叠属性叠属性！,2007,你肩上的恶魔,0.474407,0.000011
1029,虚幻武器,1250,一板一眼,0.466704,0.000487
1150,面包和果酱,1401,生机迸发,0.471905,0.000054
1069,退敌力场,1349,终极唤醒,0.42733,0.000054
1081,踢踏舞,1220,连拨击锤,0.47618,0.000541
1038,有始有终,1401,生机迸发,0.504121,0.000093
1112,终极不可阻挡,1400,最终都市列车,0.506864,0.000083
1325,玻璃大炮,2007,你肩上的恶魔,0.426733,0.000014
1007,大力,1402,属性叠属性叠属性！,0.547748,0.000035
1195,巨人杀手,1996,升级：耀光,0.547796,0.00073
1389,男爵之手,1390,超凡邪恶,0.527984,0.000085
1006,利刃华尔兹,1195,巨人杀手,0.508252,0.000427
1073,暗影疾奔,1301,神圣干预,0.495266,0.000154
1064,坚韧,1311,溢流,0.466377,0.000379
1108,自我毁灭,1305,练腿日,0.480807,0.000114
1058,秘术冲拳,1113,老练狙神,0.422039,0.000354
0,无符文,2006,飞身踢,0.614516,0.013762
1026,唯快不破,1112,终极不可阻挡,0.473936,0.000042
1046,炼狱龙魂,1317,升级：弯刀,0.42418,0.000013
1337,尊我为王,1421,舞会女王,0.674975,0.000049
1057,山脉龙魂,1334,升级：雪球,0.467742,0.000131
1318,升级：中娅,1320,升级：收集者,0.44233,0.000011
1211,杀戮时间到了,1243,质变：混沌,0.484277,0.000592
1243,质变：混沌,1339,激光治疗,0.462341,0.000021
1052,闪电打击,1060,海洋龙魂,0.495518,0.000207
1047,关键暴击,1318,升级：中娅,0.455075,0.000089
1180,超强大脑,1225,双刀流,0.48794,0.000031
1028,侵蚀,1301,神圣干预,0.4811,0.000125
1305,练腿日,1315,快中求稳,0.52114,0.000132
1308,火狐,1401,生机迸发,0.516914,0.000078
1108,自我毁灭,1150,面包和果酱,0.458397,0.000185
1087,台风,2001,当心小蛋糕！,0.501843,0.000136
1136,扇巴掌,1326,夜狩,0.471523,0.000276
1081,踢踏舞,1330,活力再生,0.470486,0.000233
1042,恶趣味,1334,升级：雪球,0.469559,0.000158
1336,升级：无尽之刃,1373,缩小引擎,0.505752,0.000435
1092,易损,2016,注魔,0.472315,0.000062
1080,会心防御,1238,质变：棱彩阶,0.52166,0.000507
1002,尖端发明家,1345,心灵净化,0.451539,0.000597
1079,战争交响乐,1154,任务：海牛阿福的勇士,0.49354,0.000054
1403,属性叠属性！,1415,双生火焰,0.518392,0.000093
1034,防护面纱,1335,夺金,0.494606,0.000065
1154,任务：海牛阿福的勇士,1338,升级：狂妄,0.486307,0.00016
1136,扇巴掌,1211,杀戮时间到了,0.474781,0.000517
1112,终极不可阻挡,1353,坦克引擎,0.457604,0.000521
1136,扇巴掌,1416,海克斯科技龙魂,0.495536,0.00011
1322,罪恶快感,1326,夜狩,0.459176,0.00138
1097,巫师式思考,1314,强力护盾,0.464157,0.000106
1098,急急小子,1331,至高天诺言,0.470187,0.000015
1042,恶趣味,2024,由暴生急,0.435175,0.000004
1334,升级：雪球,2018,纯粹主义者 - 术师,0.464763,0.000074
1030,尤里卡,1154,任务：海牛阿福的勇士,0.498896,0.000091
1092,易损,1115,最万用的瞄准镜,0.486114,0.00048
1032,裁决使,1104,仆从大师,0.500295,0.000246
1115,最万用的瞄准镜,1327,坚若磐石,0.42799,0.000037
1077,灵魂虹吸,1319,升级：献祭,0.463781,0.000053
1032,裁决使,1133,魔法飞弹,0.501584,0.006003
1334,升级：雪球,1372,小猫咪找妈妈,0.468662,0.000016
1095,风语者的祝福,1311,溢流,0.511982,0.000189
1205,物理转魔法,1411,升级：荆棘之甲,0.50059,0.000025
1205,物理转魔法,1214,旋转至胜,0.497486,0.000067
1039,冰霜 幽灵,1087,台风,0.452075,0.000039
1047,关键暴击,1052,闪电打击,0.497983,0.000756
1113,老练狙神,1323,残忍,0.482866,0.00033
1149,不动如山,1384,捐赠,0.489622,0.000108
1027,大地苏醒,1028,侵蚀,0.468792,0.00003
1321,砍伤,1391,红包,0.53719,0.000138
1018,巨像的勇气,1035,感受燃烧,0.481051,0.000073
1237,质变：黄金阶,1361,任务：艾卡西亚的陷落,0.547721,0.000089
1038,有始有终,1046,炼狱龙魂,0.504399,0.001175
1080,会心防御,1138,渴血,0.531928,0.000512
1015,死亡之环,1070,无休回复,0.51104,0.000183
1337,尊我为王,1413,和我一起困在这里,0.514364,0.000002
1088,终极刷新,1373,缩小引擎,0.475859,0.000144
1149,不动如山,1996,升级：耀光,0.466424,0.000034
1316,刃下生风,1384,捐赠,0.541644,0.000147
1112,终极不可阻挡,1151,面包和奶酪,0.448123,0.000146
1069,退敌力场,2026,杀意翻涌,0.433541,0.000011
1325,玻璃大炮,1373,缩小引擎,0.469886,0.000142
1071,更万用的瞄准镜,1388,无限循环往复,0.476909,0.000335
1044,冰寒,1086,精准奇才,0.489296,0.000235
2001,当心小蛋糕！,2004,信念者的强化,0.479566,0.000011
1062,全能龙魂,1250,一板一眼,0.495287,0.000159
1009,霸符兄弟,1317,升级：弯刀,0.440187,0.000003
1250,一板一眼,1317,升级：弯刀,0.401247,0.000017
1026,唯快不破,1092,易损,0.513133,0.000156
1039,冰霜 幽灵,1069,退敌力场,0.430804,0.000051
0,无符文,1056,由心及物,0.611799,0.024707
1048,珠光护手,1058,秘术冲拳,0.461376,0.000543
1088,终极刷新,1391,红包,0.511638,0.000129
1074,缩小射线,1141,全心为你,0.440784,0.000041
1129,神射法师,1361,任务：艾卡西亚的陷落,0.491094,0.000029
1129,神射法师,1220,连拨击锤,0.44984,0.000264
1025,俯冲轰炸,1046,炼狱龙魂,0.49583,0.000414
1081,踢踏舞,2003,魄罗之王的弹跳,0.449448,0.000014
1206,魔法转物理,1353,坦克引擎,0.485044,0.00069
1085,折磨者,1391,红包,0.519258,0.000088
1020,黎明使者的坚决,1322,罪恶快感,0.491265,0.000216
1018,巨像的勇气,1079,战争交响乐,0.450518,0.000051
1013,星界躯体,1324,蛋白粉奶昔,0.45982,0.000946
1325,玻璃大炮,1415,双生火焰,0.45229,0.00009
1082,残暴之力,1136,扇巴掌,0.484152,0.000219
1057,山脉龙魂,1074,缩小射线,0.448356,0.00008
1020,黎明使者的坚决,1337,尊我为王,0.506014,0.000055
1015,死亡之环,1029,虚幻武器,0.472693,0.000218
1071,更万用的瞄准镜,1391,红包,0.571856,0.000649
1097,巫师式思考,1301,神圣干预,0.471853,0.000234
1020,黎明使者的坚决,1039,冰霜 幽灵,0.482168,0.000222
1075,慢炖,2010,双发快射,0.436751,0.00001
1002,尖端发明家,1330,活力再生,0.423303,0.000036
1061,回力OK镖,1237,质变：黄金阶,0.517307,0.000131
1045,炼狱导管,2010,双发快射,0.444654,0.000035
1084,穿针引线,1156,任务：沃格勒特的巫师帽,0.48837,0.001048
1141,全心为你,2001,当心小蛋糕！,0.478926,0.000035
1028,侵蚀,1389,男爵之手,0.526568,0.000008
1334,升级：雪球,1339,激光治疗,0.352941,0
1088,终极刷新,2006,飞身踢,0.458444,0.000044
1323,残忍,1401,生机迸发,0.505097,0.000066
1133,魔法飞弹,1324,蛋白粉奶昔,0.447093,0.000224
1054,物法皆修,1346,吸血习性,0.505636,0.001141
1045,炼狱导管,1052,闪电打击,0.440847,0.000126
1116,闪现向前,1391,红包,0.541763,0.000082
1013,星界躯体,1079,战争交响乐,0.460782,0.000212
1237,质变：黄金阶,1372,小猫咪找妈妈,0.47763,0.000026
1322,罪恶快感,2024,由暴生急,0.453825,0.000141
1194,精怪魔法,1198,圣火,0.446343,0.000041
1029,虚幻武器,1404,属性！,0.515689,0.000069
1194,精怪魔法,1424,???,0.453562,0.000003
1097,巫师式思考,1338,升级：狂妄,0.459013,0.000069
1035,感受燃烧,1058,秘术冲拳,0.466114,0.000091
1030,尤里卡,1329,史上最大雪球,0.483927,0.000214
1027,大地苏醒,1063,狂徒豪气,0.520707,0.000336
1013,星界躯体,1400,最终都市列车,0.497227,0.000342
1026,唯快不破,1116,闪现向前,0.483805,0.000015
1006,利刃华尔兹,1104,仆从大师,0.441094,0.000019
1313,作弊：我能回城！,2018,纯粹主义者 - 术师,0.46283,0.000068
1107,接二连三,1384,捐赠,0.509198,0.000345
1007,大力,1424,???,0.454717,0.00001
1002,尖端发明家,1054,物法皆修,0.43028,0.000177
1077,灵魂虹吸,1206,魔法转物理,0.522923,0.000635
1151,面包和奶酪,1220,连拨击锤,0.441164,0.000158
1002,尖端发明家,1086,精准奇才,0.449515,0.000073
1046,炼狱龙魂,1318,升级：中娅,0.478633,0.000189
1116,闪现向前,1321,砍伤,0.46614,0.000028
1150,面包和果酱,1151,面包和奶酪,0.472649,0.000787
1027,大地苏醒,2007,你肩上的恶魔,0.446479,0.000005
1077,灵魂虹吸,1336,升级：无尽之刃,0.536414,0.001282
1138,渴血,1180,超强大脑,0.493868,0.000186
1074,缩小射线,2001,当心小蛋糕！,0.478058,0.000106
1082,残暴之力,1403,属性叠属性！,0.524035,0.000077
1029,虚幻武器,1341,帽上加帽,0.474842,0.000415
1035,感受燃烧,1151,面包和奶酪,0.48594,0.00012
1187,闪光弹,1347,吵闹鬼,0.447898,0.000006
1026,唯快不破,2002,虚空裂隙,0.528624,0.000036
1037,急救用具,1046,炼狱龙魂,0.464644,0.000103
1084,穿针引线,1403,属性叠属性！,0.523294,0.000236
1029,虚幻武器,1084,穿针引线,0.477422,0.000889
1154,任务：海牛阿福的勇士,1388,无限循环往复,0.482707,0.000031
1112,终极不可阻挡,1180,超强大脑,0.472293,0.000112
1238,质变：棱彩阶,1320,升级：收集者,0.499537,0.001282
1149,不动如山,1198,圣火,0.457313,0.000104
1009,霸符兄弟,1206,魔法转物理,0.511164,0.000147
1087,台风,1180,超强大脑,0.463806,0.000036
1205,物理转魔法,1341,帽上加帽,0.48385,0.001762
1066,量子计算,1397,地狱三头犬,0.460297,0.000094
1327,坚若磐石,1334,升级：雪球,0.454465,0.000136
1044,冰寒,1070,无休回复,0.52764,0.000368
1170,万用瞄准镜,2009,狂热者,0.492006,0.000286
1039,冰霜 幽灵,1072,炽烈黎明,0.463148,0.000056
1334,升级：雪球,1337,尊我为王,0.512573,0.000065
1081,踢踏舞,1317,升级：弯刀,0.421955,0.000005
1013,星界躯体,1342,雪球扭蛋机,0.477213,0.00029
1070,无休回复,1077,灵魂虹吸,0.500681,0.000148
1025,俯冲轰炸,1333,逃跑计划,0.536998,0.000348
1198,圣火,1386,转得我眩晕了,0.40814,0
1152,任务：钢化你心,1156,任务：沃格勒特的巫师帽,0.418679,0.00011
1002,尖端发明家,1046,炼狱龙魂,0.4516,0.000383
1038,有始有终,1250,一板一眼,0.500802,0.00046
1384,捐赠,1413,和我一起困在这里,0.490771,0.000036
1414,卡皮巴拉空投,2024,由暴生急,0.412308,0.000008
1138,渴血,1316,刃下生风,0.505748,0.000412
1325,玻璃大炮,2006,飞身踢,0.450009,0.00002
1028,侵蚀,1409,魄罗爆破手,0.506243,0.000134
1023,魔鬼之舞,1082,残暴之力,0.481814,0.000285
1058,秘术冲拳,1115,最万用的瞄准镜,0.462185,0.000371
1034,防护面纱,1341,帽上加帽,0.48935,0.000194
1047,关键暴击,1056,由心及物,0.480174,0.000133
1041,歌利亚巨人,1098,急急小子,0.469536,0.000256
1006,利刃华尔兹,1051,点亮他们！,0.470726,0.000093
1030,尤里卡,1107,接二连三,0.453181,0.000094
1205,物理转魔法,1337,尊我为王,0.510792,0.00018
1063,狂徒豪气,1314,强力护盾,0.501766,0.000154
1333,逃跑计划,2008,负重爆气,0.519893,0.00021
1028,侵蚀,1149,不动如山,0.477093,0.000185
1019,全凭身法,1391,红包,0.531175,0.00027
1379,未知符文_1379,2002,虚空裂隙,0.44066,0.000001
1082,残暴之力,1180,超强大脑,0.424172,0.00001
1022,灵巧,1338,升级：狂妄,0.491779,0.001126
1057,山脉龙魂,1092,易损,0.469706,0.000076
1082,残暴之力,2003,魄罗之王的弹跳,0.470061,0.000035
1327,坚若磐石,2003,魄罗之王的弹跳,0.472653,0.000025
1198,圣火,2016,注魔,0.464269,0.000013
1085,折磨者,1313,作弊：我能回城！,0.47455,0.000225
1075,慢炖,1115,最万用的瞄准镜,0.454762,0.000117
1113,老练狙神,1214,旋转至胜,0.475197,0.000003
1133,魔法飞弹,1156,任务：沃格勒特的巫师帽,0.501209,0.002354
1342,雪球扭蛋机,1420,咏叹奏鸣,0.524502,0.000122
1250,一板一眼,1347,吵闹鬼,0.44442,0.000047
1237,质变：黄金阶,1401,生机迸发,0.512954,0.000063
1036,火上浇油,1345,心灵净化,0.459699,0.00047
1225,双刀流,1390,超凡邪恶,0.501676,0.000192
1326,夜狩,1424,???,0.428035,0.000014
1107,接二连三,1346,吸血习性,0.534403,0.004092
1052,闪电打击,1103,面包和黄油,0.469198,0.000403
1411,升级：荆棘之甲,1414,卡皮巴拉空投,0.487571,0.000014
1052,闪电打击,1337,尊我为王,0.511491,0.000127
1030,尤里卡,1067,古式佳酿,0.530173,0.001142
1074,缩小射线,1206,魔法转物理,0.465166,0.000354
1085,折磨者,1238,质变：棱彩阶,0.488175,0.000307
1026,唯快不破,1390,超凡邪恶,0.53486,0.000151
1047,关键暴击,1198,圣火,0.441135,0.00004
1035,感受燃烧,1317,升级：弯刀,0.435947,0.000002
1225,双刀流,1345,心灵净化,0.505983,0.000564
1006,利刃华尔兹,1391,红包,0.518966,0.000204
1062,全能龙魂,1154,任务：海牛阿福的勇士,0.506434,0.000034
1238,质变：棱彩阶,1344,最终形态,0.52386,0.001226
1022,灵巧,1051,点亮他们！,0.526802,0.001136
1032,裁决使,1391,红包,0.537569,0.001311
1071,更万用的瞄准镜,1313,作弊：我能回城！,0.492715,0.000961
1073,暗影疾奔,1321,砍伤,0.507806,0.000195
1086,精准奇才,2006,飞身踢,0.450106,0.000013
1025,俯冲轰炸,1391,红包,0.562318,0.000344
1339,激光治疗,2002,虚空裂隙,0.478684,0.000007
1088,终极刷新,1150,面包和果酱,0.441864,0.000165
1035,感受燃烧,1392,神圣雪球,1,0
1002,尖端发明家,1076,天音爆,0.463722,0.000117
1347,吵闹鬼,1404,属性！,0.53216,0.000007
1315,快中求稳,1420,咏叹奏鸣,0.546206,0.000091
1082,残暴之力,1339,激光治疗,0.386311,0.000002
1020,黎明使者的坚决,1073,暗影疾奔,0.50958,0.000113
1048,珠光护手,1389,男爵之手,0.528766,0.000044
1097,巫师式思考,1421,舞会女王,0.488508,0.000021
1056,由心及物,1116,闪现向前,0.49773,0.000046
1058,秘术冲拳,1401,生机迸发,0.488606,0.000087
1301,神圣干预,1411,升级：荆棘之甲,0.523622,0.000057
1088,终极刷新,1113,老练狙神,0.444178,0.000221
1372,小猫咪找妈妈,1404,属性！,0.501893,0.000005
1034,防护面纱,1074,缩小射线,0.466713,0.000147
1022,灵巧,1339,激光治疗,0.418503,0.000008
1413,和我一起困在这里,1415,双生火焰,0.450356,0.000009
1027,大地苏醒,1401,生机迸发,0.480455,0.000023
1097,巫师式思考,1336,升级：无尽之刃,0.469617,0.00004
1080,会心防御,1133,魔法飞弹,0.483855,0.000231
1063,狂徒豪气,1138,渴血,0.531347,0.000888
1187,闪光弹,1301,神圣干预,0.449997,0.000032
1206,魔法转物理,2007,你肩上的恶魔,0.459261,0.000044
1112,终极不可阻挡,1340,升级：米凯尔的祝福,0.491759,0.000009
0,无符文,1053,科学狂人,0.635785,0.010923
1044,冰寒,1243,质变：混沌,0.48881,0.000532
1070,无休回复,1409,魄罗爆破手,0.511694,0.000111
1085,折磨者,1180,超强大脑,0.471599,0.000089
1337,尊我为王,1361,任务：艾卡西亚的陷落,0.600051,0.000023
1039,冰霜 幽灵,1237,质变：黄金阶,0.488001,0.000176
1149,不动如山,1301,神圣干预,0.465381,0.000208
1225,双刀流,1340,升级：米凯尔的祝福,0.478697,0.000008
1018,巨像的勇气,1058,秘术冲拳,0.460416,0.00007
1331,至高天诺言,1361,任务：艾卡西亚的陷落,0.480724,0.000001
1329,史上最大雪球,2016,注魔,0.476539,0.000035
1020,黎明使者的坚决,1051,点亮他们！,0.490769,0.000047
1116,闪现向前,1336,升级：无尽之刃,0.491603,0.000086
1075,慢炖,2004,信念者的强化,0.444198,0.000002
1077,灵魂虹吸,1332,不祥契约,0.45106,0.000076
1023,魔鬼之舞,1341,帽上加帽,0.478123,0.000036
1095,风语者的祝福,12317,潘朵拉的盒子,0.55,0
1036,火上浇油,1187,闪光弹,0.460107,0.000042
1063,狂徒豪气,1097,巫师式思考,0.502115,0.000131
1056,由心及物,1080,会心防御,0.494054,0.000093
1074,缩小射线,1243,质变：混沌,0.468173,0.000365
1045,炼狱导管,1330,活力再生,0.433316,0.000031
1054,物法皆修,1405,速度恶魔,0.45214,0.000152
1104,仆从大师,1418,砸开那颗蛋,0.472743,0.000001
1041,歌利亚巨人,1349,终极唤醒,0.480036,0.000255
1009,霸符兄弟,1333,逃跑计划,0.556668,0.000218
1023,魔鬼之舞,1170,万用瞄准镜,0.494796,0.000253
1372,小猫咪找妈妈,1384,捐赠,0.502023,0.000019
1301,神圣干预,1392,神圣雪球,0.446067,0.000032
1071,更万用的瞄准镜,1072,炽烈黎明,0.459567,0.000098
1086,精准奇才,1141,全心为你,0.46004,0.000017
1104,仆从大师,1341,帽上加帽,0.515575,0.000089
1006,利刃华尔兹,1319,升级：献祭,0.468996,0.000125
1056,由心及物,1324,蛋白粉奶昔,0.463689,0.000296
1151,面包和奶酪,2009,狂热者,0.475082,0.000111
1414,卡皮巴拉空投,2003,魄罗之王的弹跳,0.75,0
1052,闪电打击,1180,超强大脑,0.458715,0.000033
1108,自我毁灭,1151,面包和奶酪,0.457553,0.00018
1002,尖端发明家,1421,舞会女王,0.477992,0.0001
1084,穿针引线,1318,升级：中娅,0.467333,0.000649
1313,作弊：我能回城！,2005,扳机炼狱,0.441141,0.000053
1084,穿针引线,1092,易损,0.483647,0.001077
1318,升级：中娅,1347,吵闹鬼,0.462808,0.000036
1331,至高天诺言,1353,坦克引擎,0.452043,0.000082
1015,死亡之环,1341,帽上加帽,0.455736,0.000161
1073,暗影疾奔,1356,暴击飞弹,0.542689,0.000076
1081,踢踏舞,1420,咏叹奏鸣,0.511073,0.000136
1081,踢踏舞,1400,最终都市列车,0.483584,0.000089
1054,物法皆修,1411,升级：荆棘之甲,0.480921,0.000015
1057,山脉龙魂,1421,舞会女王,0.481941,0.00004
1152,任务：钢化你心,2009,狂热者,0.465385,0.000148
1009,霸符兄弟,1066,量子计算,0.495719,0.000093
1045,炼狱导管,2018,纯粹主义者 - 术师,0.495526,0.000158
1062,全能龙魂,1073,暗影疾奔,0.530236,0.000141
1113,老练狙神,1315,快中求稳,0.449648,0.000031
1018,巨像的勇气,1074,缩小射线,0.434829,0.00006
1028,侵蚀,1326,夜狩,0.448124,0.000111
1112,终极不可阻挡,1411,升级：荆棘之甲,0.491121,0.000015
1045,炼狱导管,1413,和我一起困在这里,0.486348,0.000006
1027,大地苏醒,1391,红包,0.538307,0.00007
12317,潘朵拉的盒子,1389,男爵之手,0.512658,0
1047,关键暴击,1317,升级：弯刀,0.41503,0.000011
1071,更万用的瞄准镜,1079,战争交响乐,0.505719,0.001698
1027,大地苏醒,1337,尊我为王,0.595251,0.000124
1181,重量级打击手,1347,吵闹鬼,0.480794,0.000055
1057,山脉龙魂,1317,升级：弯刀,0.402472,0.000001
1321,砍伤,2007,你肩上的恶魔,0.428833,0.000009
1325,玻璃大炮,1335,夺金,0.476205,0.000028
1038,有始有终,1170,万用瞄准镜,0.490797,0.000407
1056,由心及物,1060,海洋龙魂,0.544646,0.001038
1170,万用瞄准镜,1356,暴击飞弹,0.508605,0.000328
1318,升级：中娅,1334,升级：雪球,0.490813,0.000288
1056,由心及物,1067,古式佳酿,0.534855,0.000981
1095,风语者的祝福,1250,一板一眼,0.431099,0.000017
1388,无限循环往复,1402,属性叠属性叠属性！,0.511551,0.000046
1035,感受燃烧,1133,魔法飞弹,0.483056,0.000342
1011,你摸不到,1030,尤里卡,0.482717,0.000159
1027,大地苏醒,1041,歌利亚巨人,0.483293,0.000113
1107,接二连三,1420,咏叹奏鸣,0.497381,0.000119
1313,作弊：我能回城！,1323,残忍,0.496531,0.00037
1063,狂徒豪气,1337,尊我为王,0.528961,0.000077
1353,坦克引擎,2024,由暴生急,0.451692,0.00006
1004,回归基本功,1108,自我毁灭,0.493695,0.000088
1097,巫师式思考,1195,巨人杀手,0.533813,0.001807
1341,帽上加帽,2004,信念者的强化,0.473733,0.000017
1198,圣火,1390,超凡邪恶,0.472614,0.000208
1062,全能龙魂,1084,穿针引线,0.49272,0.000378
1211,杀戮时间到了,1311,溢流,0.488303,0.001098
1072,炽烈黎明,1341,帽上加帽,0.47959,0.000182
0,无符文,1316,刃下生风,0.569237,0.008111
1072,炽烈黎明,1335,夺金,0.479977,0.000031
1088,终极刷新,1208,轨道镭射,0.44736,0.000061
1084,穿针引线,1107,接二连三,0.462951,0.001003
1208,轨道镭射,1329,史上最大雪球,0.431538,0.000031
1023,魔鬼之舞,2024,由暴生急,0.467128,0.000023
1088,终极刷新,2007,你肩上的恶魔,0.42303,0.000009
1056,由心及物,1170,万用瞄准镜,0.462964,0.000068
1007,大力,1390,超凡邪恶,0.46979,0.000059
1060,海洋龙魂,1316,刃下生风,0.495767,0.000049
1149,不动如山,2018,纯粹主义者 - 术师,0.447282,0.000016
1036,火上浇油,1996,升级：耀光,0.493041,0.000253
1086,精准奇才,1345,心灵净化,0.46936,0.000214
1198,圣火,1414,卡皮巴拉空投,0.437071,0.000012
1305,练腿日,2008,负重爆气,0.492532,0.000129
1151,面包和奶酪,1339,激光治疗,0.468812,0.000043
1348,闪闪现现,1996,升级：耀光,0.463949,0.000012
1025,俯冲轰炸,1053,科学狂人,0.519321,0.000202
1418,砸开那颗蛋,2001,当心小蛋糕！,0.491167,0.000006
1018,巨像的勇气,1156,任务：沃格勒特的巫师帽,0.458008,0.000021
1004,回归基本功,1346,吸血习性,0.583096,0.001489
1180,超强大脑,1317,升级：弯刀,0.396196,0.000001
1013,星界躯体,1348,闪闪现现,0.452294,0.00005
1141,全心为你,1310,小丑学院,0.443379,0.000016
1038,有始有终,1391,红包,0.559348,0.005006
1180,超强大脑,1326,夜狩,0.475505,0.000105
1198,圣火,1336,升级：无尽之刃,0.437579,0.000019
1058,秘术冲拳,1081,踢踏舞,0.461831,0.00036
1112,终极不可阻挡,2006,飞身踢,0.455249,0.000085
1397,地狱三头犬,2024,由暴生急,0.443838,0.000046
1030,尤里卡,1345,心灵净化,0.498367,0.00175
1308,火狐,1373,缩小引擎,0.555183,0.000371
1206,魔法转物理,1421,舞会女王,0.514253,0.000036
1074,缩小射线,1105,家园卫士,0.489981,0.000208
1116,闪现向前,1195,巨人杀手,0.515584,0.000182
1149,不动如山,1314,强力护盾,0.444657,0.000126
1020,黎明使者的坚决,2003,魄罗之王的弹跳,0.48377,0.000021
1022,灵巧,1138,渴血,0.536023,0.003028
1048,珠光护手,1400,最终都市列车,0.530415,0.000556
1415,双生火焰,1424,???,0.450834,0.000021
1004,回归基本功,1156,任务：沃格勒特的巫师帽,0.56354,0.00011
1025,俯冲轰炸,1095,风语者的祝福,0.462544,0.000083
1004,回归基本功,1007,大力,0.544436,0.000201
1237,质变：黄金阶,1238,质变：棱彩阶,0.555586,0.005639
1025,俯冲轰炸,1331,至高天诺言,0.436428,0.000014
1238,质变：棱彩阶,1338,升级：狂妄,0.514788,0.001595
1129,神射法师,1329,史上最大雪球,0.470056,0.000143
1073,暗影疾奔,1250,一板一眼,0.487667,0.000467
1081,踢踏舞,1138,渴血,0.520211,0.001804
1029,虚幻武器,1115,最万用的瞄准镜,0.471098,0.00035
1041,歌利亚巨人,1047,关键暴击,0.486208,0.000376
1138,渴血,1152,任务：钢化你心,0.485958,0.001356
1073,暗影疾奔,2006,飞身踢,0.494924,0.000159
1058,秘术冲拳,1334,升级：雪球,0.455471,0.000158
1035,感受燃烧,1318,升级：中娅,0.477657,0.000088
1356,暴击飞弹,1379,未知符文_1379,0.479854,0.000006
1002,尖端发明家,2026,杀意翻涌,0.44763,0.000091
1036,火上浇油,1386,转得我眩晕了,0.444007,0.000001
1329,史上最大雪球,1392,神圣雪球,0.482004,0.000658
1056,由心及物,1353,坦克引擎,0.490234,0.001886
1414,卡皮巴拉空投,2005,扳机炼狱,0.424318,0.000005
1023,魔鬼之舞,1311,溢流,0.493656,0.000123
1327,坚若磐石,2009,狂热者,0.440309,0.000012
1080,会心防御,1208,轨道镭射,0.454888,0.000013
0,无符文,1095,风语者的祝福,0.602434,0.005773
1042,恶趣味,1411,升级：荆棘之甲,0.534429,0.000091
1007,大力,1332,不祥契约,0.459299,0.000021
1319,升级：献祭,1324,蛋白粉奶昔,0.472521,0.000417
1211,杀戮时间到了,1390,超凡邪恶,0.480746,0.001553
1074,缩小射线,1134,亮出你的剑,0.528209,0.000328
1052,闪电打击,1341,帽上加帽,0.457936,0.000066
1073,暗影疾奔,1325,玻璃大炮,0.457603,0.000097
1066,量子计算,1204,叠角龙,0.466204,0.000008
1060,海洋龙魂,1211,杀戮时间到了,0.497154,0.00042
1118,会心治疗,1323,残忍,0.463179,0.000247
1335,夺金,2007,你肩上的恶魔,0.454535,0.000008
1061,回力OK镖,1156,任务：沃格勒特的巫师帽,0.529854,0.000129
1134,亮出你的剑,1406,祖母的辣椒油,0.519691,0.000017
1032,裁决使,1327,坚若磐石,0.463655,0.000464
1052,闪电打击,1081,踢踏舞,0.521604,0.001988
1116,闪现向前,1402,属性叠属性叠属性！,0.507273,0.000016
1057,山脉龙魂,1424,???,0.441611,0.000007
1105,家园卫士,1317,升级：弯刀,0.44208,0.000004
1118,会心治疗,1409,魄罗爆破手,0.472973,0.0003
1046,炼狱龙魂,1068,循环往复,0.492639,0.001027
1211,杀戮时间到了,1404,属性！,0.507126,0.000083
1318,升级：中娅,1404,属性！,0.50344,0.000036
1053,科学狂人,2005,扳机炼狱,0.494075,0.000015
1336,升级：无尽之刃,1338,升级：狂妄,0.488856,0.000995
1328,暴击律动,1392,神圣雪球,0.435994,0.000017
1035,感受燃烧,1056,由心及物,0.504856,0.000164
1156,任务：沃格勒特的巫师帽,1187,闪光弹,0.51219,0.000048
1379,未知符文_1379,1421,舞会女王,0.460227,0
1187,闪光弹,1320,升级：收集者,0.458232,0.000064
1064,坚韧,1310,小丑学院,0.492284,0.000262
12317,潘朵拉的盒子,1420,咏叹奏鸣,0.513599,0.000001
1170,万用瞄准镜,1401,生机迸发,0.483254,0.00007
1007,大力,1107,接二连三,0.484319,0.000433
1134,亮出你的剑,2002,虚空裂隙,0.50915,0.000006
1152,任务：钢化你心,1405,速度恶魔,0.482982,0.000516
1075,慢炖,1327,坚若磐石,0.502674,0.000623
1044,冰寒,1060,海洋龙魂,0.518037,0.000498
1243,质变：混沌,1390,超凡邪恶,0.522162,0.00038
1375,吞噬灵魂,2005,扳机炼狱,0.447881,0.000078
1105,家园卫士,1340,升级：米凯尔的祝福,0.551057,0.000035
1072,炽烈黎明,1330,活力再生,0.440457,0.000013
1064,坚韧,1356,暴击飞弹,0.479247,0.000017
1011,你摸不到,1015,死亡之环,0.443391,0.000024
1044,冰寒,2003,魄罗之王的弹跳,0.47976,0.000043
1397,地狱三头犬,2004,信念者的强化,0.422599,0
1022,灵巧,2016,注魔,0.465828,0.00003
1070,无休回复,1105,家园卫士,0.548239,0.00027
1026,唯快不破,1170,万用瞄准镜,0.495638,0.00013
1022,灵巧,1208,轨道镭射,0.464079,0.000038
1063,狂徒豪气,2024,由暴生急,0.477129,0.000028
1027,大地苏醒,2006,飞身踢,0.471812,0.000018
1204,叠角龙,1315,快中求稳,0.522483,0.000003
1324,蛋白粉奶昔,1996,升级：耀光,0.469375,0.000037
1063,狂徒豪气,1361,任务：艾卡西亚的陷落,0.51572,0.000038
1035,感受燃烧,1379,未知符文_1379,0.453006,0.000001
1058,秘术冲拳,1220,连拨击锤,0.447707,0.000304
1020,黎明使者的坚决,2026,杀意翻涌,0.479232,0.000026
1170,万用瞄准镜,2005,扳机炼狱,0.437747,0.000058
1035,感受燃烧,1301,神圣干预,0.498015,0.000112
1056,由心及物,1418,砸开那颗蛋,0.510391,0.000006
1020,黎明使者的坚决,1092,易损,0.484981,0.000096
1069,退敌力场,1338,升级：狂妄,0.434697,0.000111
1107,接二连三,1310,小丑学院,0.512145,0.000327
1388,无限循环往复,1397,地狱三头犬,0.463212,0.000032
1044,冰寒,1198,圣火,0.458776,0.000209
1028,侵蚀,1035,感受燃烧,0.50725,0.000076
1375,吞噬灵魂,1397,地狱三头犬,0.457605,0.000036
1038,有始有终,1353,坦克引擎,0.510028,0.000714
1057,山脉龙魂,2007,你肩上的恶魔,0.389634,0.00001
1006,利刃华尔兹,1035,感受燃烧,0.692308,0
1180,超强大脑,1392,神圣雪球,0.458643,0.000024
1386,转得我眩晕了,1390,超凡邪恶,0.440877,0.000007
1028,侵蚀,1058,秘术冲拳,0.472935,0.000222
1062,全能龙魂,1225,双刀流,0.528749,0.000174
1079,战争交响乐,1349,终极唤醒,0.462513,0.000117
1044,冰寒,1061,回力OK镖,0.516466,0.000223
1035,感受燃烧,1323,残忍,0.491757,0.000072
1015,死亡之环,1308,火狐,0.505035,0.000114
1068,循环往复,1092,易损,0.507043,0.000786
1037,急救用具,1050,基石法师,0.496736,0.000209
1187,闪光弹,1346,吸血习性,0.520169,0.000509
1225,双刀流,1329,史上最大雪球,0.470972,0.000119
1051,点亮他们！,1058,秘术冲拳,0.479293,0.000471
1011,你摸不到,1305,练腿日,0.460113,0.000085
1088,终极刷新,1324,蛋白粉奶昔,0.439966,0.00006
1046,炼狱龙魂,1092,易损,0.483119,0.000703
1022,灵巧,1032,裁决使,0.488109,0.001969
2006,飞身踢,2016,注魔,0.47309,0.000042
1019,全凭身法,1324,蛋白粉奶昔,0.472861,0.000058
1115,最万用的瞄准镜,1384,捐赠,0.526323,0.000356
1054,物法皆修,1301,神圣干预,0.436925,0.000065
1316,刃下生风,1325,玻璃大炮,0.429078,0.000086
1032,裁决使,1250,一板一眼,0.476033,0.001965
1097,巫师式思考,1170,万用瞄准镜,0.464437,0.000108
1075,慢炖,1338,升级：狂妄,0.465151,0.000134
1032,裁决使,1080,会心防御,0.489078,0.000627
1062,全能龙魂,1082,残暴之力,0.497224,0.00018
1087,台风,1105,家园卫士,0.503768,0.000172
1105,家园卫士,1391,红包,0.583833,0.000201
1062,全能龙魂,1076,天音爆,0.489028,0.000034
1029,虚幻武器,1238,质变：棱彩阶,0.504011,0.001547
1152,任务：钢化你心,1194,精怪魔法,0.448039,0.000186
1308,火狐,1341,帽上加帽,0.516644,0.000216
1050,基石法师,1315,快中求稳,0.499627,0.000071
1086,精准奇才,1405,速度恶魔,0.473172,0.00009
1067,古式佳酿,1346,吸血习性,0.524812,0.002233
1052,闪电打击,12317,潘朵拉的盒子,0.494817,0.000001
1038,有始有终,1084,穿针引线,0.500664,0.001494
1057,山脉龙魂,1413,和我一起困在这里,0.460059,0.00001
1150,面包和果酱,2002,虚空裂隙,0.47895,0.000102
1379,未知符文_1379,1404,属性！,0.44919,0.000001
1036,火上浇油,1063,狂徒豪气,0.512644,0.000194
1018,巨像的勇气,1051,点亮他们！,0.439255,0.000014
1133,魔法飞弹,1238,质变：棱彩阶,0.515898,0.003249
1046,炼狱龙魂,1225,双刀流,0.495233,0.00056
1136,扇巴掌,1329,史上最大雪球,0.482815,0.000312
1062,全能龙魂,2010,双发快射,0.498678,0.000037
1326,夜狩,1406,祖母的辣椒油,0.463811,0.000058
1079,战争交响乐,1375,吞噬灵魂,0.458567,0.000098
1041,歌利亚巨人,2007,你肩上的恶魔,0.420783,0.00004
1061,回力OK镖,1330,活力再生,0.463536,0.000034
1019,全凭身法,1170,万用瞄准镜,0.451281,0.000214
1327,坚若磐石,1341,帽上加帽,0.449371,0.0001
1330,活力再生,1342,雪球扭蛋机,0.439412,0.000015
1103,面包和黄油,2002,虚空裂隙,0.484135,0.000184
1341,帽上加帽,2009,狂热者,0.478301,0.000114
1118,会心治疗,1151,面包和奶酪,0.463941,0.000382
1045,炼狱导管,1046,炼狱龙魂,0.502751,0.000766
1344,最终形态,1392,神圣雪球,0.464297,0.000036
1320,升级：收集者,1404,属性！,0.524454,0.000097
0,无符文,1079,战争交响乐,0.582057,0.017261
1004,回归基本功,1404,属性！,0.562202,0.000032
1134,亮出你的剑,1181,重量级打击手,0.614279,0.00011
1054,物法皆修,1316,刃下生风,0.41485,0.000042
1054,物法皆修,1322,罪恶快感,0.458665,0.000463
1348,闪闪现现,1373,缩小引擎,0.502918,0.000001
1301,神圣干预,2018,纯粹主义者 - 术师,0.482198,0.000031
1085,折磨者,1308,火狐,0.498563,0.000043
1038,有始有终,1112,终极不可阻挡,0.486886,0.000242
1205,物理转魔法,1328,暴击律动,0.43674,0.000116
1315,快中求稳,1373,缩小引擎,0.53398,0.000255
1097,巫师式思考,1415,双生火焰,0.485775,0.000348
1400,最终都市列车,1418,砸开那颗蛋,0.479136,0.000004
1214,旋转至胜,1237,质变：黄金阶,0.511718,0.000092
1035,感受燃烧,2005,扳机炼狱,0.461714,0.000008
1028,侵蚀,1198,圣火,0.486886,0.00009
1316,刃下生风,1406,祖母的辣椒油,0.483691,0.000021
1141,全心为你,2006,飞身踢,0.444061,0.000012
1211,杀戮时间到了,2024,由暴生急,0.436231,0.000056
1011,你摸不到,1406,祖母的辣椒油,0.484452,0.00007
1023,魔鬼之舞,1134,亮出你的剑,0.56016,0.000012
1333,逃跑计划,1406,祖母的辣椒油,0.565819,0.00027
1027,大地苏醒,1315,快中求稳,0.526179,0.000332
1002,尖端发明家,1044,冰寒,0.459927,0.000469
1046,炼狱龙魂,1250,一板一眼,0.480414,0.00088
1028,侵蚀,1064,坚韧,0.485607,0.000518
1103,面包和黄油,1322,罪恶快感,0.470908,0.000718
1015,死亡之环,1050,基石法师,0.468812,0.000105
1084,穿针引线,1311,溢流,0.487985,0.001459
1098,急急小子,1308,火狐,0.520065,0.000069
1025,俯冲轰炸,1084,穿针引线,0.496034,0.00077
1334,升级：雪球,1349,终极唤醒,0.462813,0.000117
1037,急救用具,1308,火狐,0.536364,0.000141
1195,巨人杀手,1392,神圣雪球,0.492297,0.000061
1006,利刃华尔兹,1204,叠角龙,0.468303,0.000007
1030,尤里卡,1150,面包和果酱,0.485709,0.000815
1205,物理转魔法,1413,和我一起困在这里,0.454352,0.000019
1071,更万用的瞄准镜,1424,???,0.448797,0.000028
1064,坚韧,2004,信念者的强化,0.467141,0.000025
1038,有始有终,1324,蛋白粉奶昔,0.454154,0.00008
1051,点亮他们！,1250,一板一眼,0.449521,0.000186
1336,升级：无尽之刃,2002,虚空裂隙,0.451089,0.000019
1018,巨像的勇气,1041,歌利亚巨人,0.473314,0.000636
1320,升级：收集者,1390,超凡邪恶,0.452864,0.000227
1181,重量级打击手,1402,属性叠属性叠属性！,0.51338,0.000065
1356,暴击飞弹,2004,信念者的强化,0.447908,0.000008
1149,不动如山,1333,逃跑计划,0.502665,0.000222
1052,闪电打击,1310,小丑学院,0.525192,0.000383
1098,急急小子,2007,你肩上的恶魔,0.423736,0.000012
1085,折磨者,1404,属性！,0.506374,0.000014
1134,亮出你的剑,1324,蛋白粉奶昔,0.483823,0.000005
1036,火上浇油,1071,更万用的瞄准镜,0.509114,0.00166
1136,扇巴掌,1214,旋转至胜,0.522944,0.000063
1340,升级：米凯尔的祝福,1397,地狱三头犬,0.440955,0.000005
1007,大力,1097,巫师式思考,0.467406,0.000024
1050,基石法师,1115,最万用的瞄准镜,0.444887,0.000048
1337,尊我为王,1348,闪闪现现,0.448628,0.000015
1115,最万用的瞄准镜,1391,红包,0.559633,0.000335
1060,海洋龙魂,1318,升级：中娅,0.498304,0.000142
1082,残暴之力,1418,砸开那颗蛋,0.446194,0.000001
1048,珠光护手,2008,负重爆气,0.474101,0.001234
1084,穿针引线,1390,超凡邪恶,0.480679,0.00167
1062,全能龙魂,2003,魄罗之王的弹跳,0.496036,0.000009
1342,雪球扭蛋机,2016,注魔,0.472623,0.000032
1023,魔鬼之舞,1397,地狱三头犬,0.489135,0.000108
12317,潘朵拉的盒子,1996,升级：耀光,0.488131,0.000001
1134,亮出你的剑,1316,刃下生风,0.635114,0.000098
1149,不动如山,1358,弹球,0.447495,0.000057
1071,更万用的瞄准镜,1107,接二连三,0.502953,0.003658
1339,激光治疗,1384,捐赠,0.49391,0.000021
1018,巨像的勇气,1044,冰寒,0.454775,0.000152
1063,狂徒豪气,1415,双生火焰,0.47764,0.000026
1115,最万用的瞄准镜,1141,全心为你,0.44809,0.000016
1062,全能龙魂,1325,玻璃大炮,0.490939,0.000085
1316,刃下生风,1373,缩小引擎,0.498746,0.000182
1108,自我毁灭,1384,捐赠,0.512491,0.000247
1077,灵魂虹吸,1118,会心治疗,0.509065,0.000988
1149,不动如山,1375,吞噬灵魂,0.469121,0.000552
1063,狂徒豪气,12317,潘朵拉的盒子,0.543456,0.000001
1104,仆从大师,1344,最终形态,0.483699,0.000051
1321,砍伤,2002,虚空裂隙,0.47432,0.000007
1181,重量级打击手,1358,弹球,0.466413,0.000168
1038,有始有终,1113,老练狙神,0.496135,0.001137
1346,吸血习性,1411,升级：荆棘之甲,0.510754,0.000099
1379,未知符文_1379,1397,地狱三头犬,0.448312,0.000001
1313,作弊：我能回城！,1356,暴击飞弹,0.495963,0.000113
1026,唯快不破,1313,作弊：我能回城！,0.500324,0.000142
1026,唯快不破,1088,终极刷新,0.45663,0.000048
1156,任务：沃格勒特的巫师帽,1411,升级：荆棘之甲,0.461843,0.000006
1048,珠光护手,1170,万用瞄准镜,0.469428,0.000686
1018,巨像的勇气,1314,强力护盾,0.448802,0.000143
1036,火上浇油,1152,任务：钢化你心,0.480856,0.000463
1022,灵巧,1134,亮出你的剑,0.57098,0.000953
1013,星界躯体,1194,精怪魔法,0.445515,0.00014
1129,神射法师,1339,激光治疗,0.431772,0.000021
1061,回力OK镖,1138,渴血,0.50493,0.000239
1077,灵魂虹吸,1372,小猫咪找妈妈,0.440881,0.000006
1013,星界躯体,1392,神圣雪球,0.439033,0.000066
1373,缩小引擎,1390,超凡邪恶,0.552439,0.007027
1025,俯冲轰炸,2003,魄罗之王的弹跳,0.512752,0.000061
1032,裁决使,1319,升级：献祭,0.481843,0.000512
1134,亮出你的剑,1149,不动如山,0.526392,0.00001
1079,战争交响乐,1170,万用瞄准镜,0.479623,0.000893
1046,炼狱龙魂,1404,属性！,0.515163,0.000058
1087,台风,1386,转得我眩晕了,0.427746,0.000002
1250,一板一眼,1318,升级：中娅,0.405977,0.00001
1002,尖端发明家,1389,男爵之手,0.493778,0.000022
1071,更万用的瞄准镜,1390,超凡邪恶,0.479344,0.000387
1319,升级：献祭,1323,残忍,0.508509,0.000356
1198,圣火,1342,雪球扭蛋机,0.45696,0.000043
1027,大地苏醒,1313,作弊：我能回城！,0.472331,0.000108
1082,残暴之力,1327,坚若磐石,0.444419,0.000029
1042,恶趣味,1346,吸血习性,0.472287,0.000341
1073,暗影疾奔,1349,终极唤醒,0.497552,0.000245
1416,海克斯科技龙魂,2006,飞身踢,0.479859,0.000079
1204,叠角龙,1238,质变：棱彩阶,0.531436,0.000097
1112,终极不可阻挡,1305,练腿日,0.469812,0.00011
1046,炼狱龙魂,1084,穿针引线,0.468242,0.001598
1349,终极唤醒,1411,升级：荆棘之甲,0.497651,0.000016
1068,循环往复,1349,终极唤醒,0.481303,0.000421
1187,闪光弹,2016,注魔,0.459893,0
1022,灵巧,1361,任务：艾卡西亚的陷落,0.51692,0.000041
1156,任务：沃格勒特的巫师帽,1389,男爵之手,0.543029,0.000017
1105,家园卫士,1327,坚若磐石,0.484284,0.000051
1386,转得我眩晕了,2007,你肩上的恶魔,0.368274,0.000002
1037,急救用具,1225,双刀流,0.512646,0.000084
1136,扇巴掌,1401,生机迸发,0.499638,0.000222
1036,火上浇油,1095,风语者的祝福,0.459917,0.000035
1037,急救用具,1400,最终都市列车,0.481197,0.000058
1335,夺金,2005,扳机炼狱,0.474318,0.000009
1060,海洋龙魂,1322,罪恶快感,0.495639,0.000337
1037,急救用具,1198,圣火,0.46767,0.000685
1208,轨道镭射,1338,升级：狂妄,0.455463,0.000027
1022,灵巧,1061,回力OK镖,0.49256,0.000197
1076,天音爆,1348,闪闪现现,0.450343,0.000005
1361,任务：艾卡西亚的陷落,1409,魄罗爆破手,0.51891,0.000079
1007,大力,1133,魔法飞弹,0.474874,0.00014
1046,炼狱龙魂,1133,魔法飞弹,0.493921,0.001365
1056,由心及物,1085,折磨者,0.47652,0.000144
1301,神圣干预,1328,暴击律动,0.462576,0.000115
1338,升级：狂妄,1420,咏叹奏鸣,0.505723,0.000266
1115,最万用的瞄准镜,1206,魔法转物理,0.498372,0.000564
1041,歌利亚巨人,1332,不祥契约,0.465769,0.000161
1064,坚韧,1138,渴血,0.473104,0.000621
1015,死亡之环,1066,量子计算,0.477593,0.00005
1048,珠光护手,1405,速度恶魔,0.482955,0.000935
1041,歌利亚巨人,1356,暴击飞弹,0.498913,0.000077
1322,罪恶快感,1324,蛋白粉奶昔,0.459538,0.000151
1038,有始有终,1404,属性！,0.538097,0.000148
1075,慢炖,1344,最终形态,0.508981,0.000274
1013,星界躯体,1181,重量级打击手,0.522254,0.003145
1048,珠光护手,1338,升级：狂妄,0.49397,0.002282
1180,超强大脑,1311,溢流,0.522968,0.000778
1027,大地苏醒,1032,裁决使,0.492785,0.000605
1198,圣火,1416,海克斯科技龙魂,0.46233,0.000018
1062,全能龙魂,1392,神圣雪球,0.468219,0.00001
1034,防护面纱,1323,残忍,0.484041,0.000096
1066,量子计算,1324,蛋白粉奶昔,0.460053,0.000087
1030,尤里卡,1087,台风,0.470314,0.000121
1141,全心为你,1325,玻璃大炮,0.421148,0.000012
1152,任务：钢化你心,2002,虚空裂隙,0.465433,0.00013
1340,升级：米凯尔的祝福,1361,任务：艾卡西亚的陷落,0.514638,0.000001
1413,和我一起困在这里,1996,升级：耀光,0.477425,0.000008
1134,亮出你的剑,2026,杀意翻涌,0.627092,0.000073
1035,感受燃烧,1095,风语者的祝福,0.532195,0.000055
1079,战争交响乐,1328,暴击律动,0.493227,0.001087
1116,闪现向前,1403,属性叠属性！,0.52679,0.000033
1074,缩小射线,1328,暴击律动,0.478468,0.001039
1030,尤里卡,1198,圣火,0.484674,0.000208
1035,感受燃烧,1071,更万用的瞄准镜,0.482566,0.00014
1029,虚幻武器,1328,暴击律动,0.473371,0.000378
1079,战争交响乐,1388,无限循环往复,0.472318,0.000073
1151,面包和奶酪,1205,物理转魔法,0.487434,0.000931
1105,家园卫士,1151,面包和奶酪,0.521743,0.000285
1066,量子计算,1390,超凡邪恶,0.483092,0.000186
1070,无休回复,1316,刃下生风,0.525,0.000082
1424,???,2004,信念者的强化,0.486603,0.000004
1301,神圣干预,1308,火狐,0.569475,0.000568
1054,物法皆修,2008,负重爆气,0.446106,0.000161
1105,家园卫士,2016,注魔,0.508996,0.000017
1048,珠光护手,1097,巫师式思考,0.483386,0.002743
1339,激光治疗,2004,信念者的强化,0.483752,0.000019
1116,闪现向前,1996,升级：耀光,0.482935,0.000032
1046,炼狱龙魂,1347,吵闹鬼,0.458264,0.000061
1050,基石法师,1322,罪恶快感,0.4696,0.000102
1154,任务：海牛阿福的勇士,1326,夜狩,0.472673,0.000123
1087,台风,2007,你肩上的恶魔,0.419153,0.000032
1035,感受燃烧,1325,玻璃大炮,0.466376,0.000064
1322,罪恶快感,1421,舞会女王,0.496264,0.000069
1320,升级：收集者,2004,信念者的强化,0.411116,0.000004
1088,终极刷新,2005,扳机炼狱,0.437247,0.000011
1004,回归基本功,1323,残忍,0.510339,0.000058
1056,由心及物,1112,终极不可阻挡,0.483151,0.000107
1416,海克斯科技龙魂,2016,注魔,0.467196,0.000018
1095,风语者的祝福,1107,接二连三,0.468043,0.000022
1037,急救用具,1996,升级：耀光,0.477818,0.000041
1079,战争交响乐,1308,火狐,0.48062,0.000031
1324,蛋白粉奶昔,1415,双生火焰,0.433107,0.000028
1338,升级：狂妄,1344,最终形态,0.508364,0.00141
1030,尤里卡,1319,升级：献祭,0.474498,0.00009
1113,老练狙神,1416,海克斯科技龙魂,0.475992,0.000162
1321,砍伤,1397,地狱三头犬,0.47935,0.000073
1353,坦克引擎,2008,负重爆气,0.478787,0.000767
1250,一板一眼,1340,升级：米凯尔的祝福,0.397079,0.000001
1225,双刀流,1341,帽上加帽,0.482225,0.000066
1092,易损,1103,面包和黄油,0.479031,0.00049
1340,升级：米凯尔的祝福,1415,双生火焰,0.495542,0.00001
1066,量子计算,1313,作弊：我能回城！,0.468385,0.000249
1004,回归基本功,1180,超强大脑,0.554819,0.000111
1023,魔鬼之舞,1118,会心治疗,0.500097,0.00037
1036,火上浇油,1051,点亮他们！,0.503054,0.000657
1349,终极唤醒,2018,纯粹主义者 - 术师,0.466984,0.000035
1015,死亡之环,1181,重量级打击手,0.518047,0.000351
1322,罪恶快感,2010,双发快射,0.501909,0.0004
1004,回归基本功,1115,最万用的瞄准镜,0.489636,0.000175
1009,霸符兄弟,1335,夺金,0.516674,0.000092
1029,虚幻武器,1204,叠角龙,0.499162,0.000038
1424,???,2002,虚空裂隙,0.474109,0.000007
1195,巨人杀手,1335,夺金,0.544951,0.000171
1324,蛋白粉奶昔,2005,扳机炼狱,0.433022,0.000009
1023,魔鬼之舞,1326,夜狩,0.461915,0.000201
1332,不祥契约,2006,飞身踢,0.470648,0.000029
1097,巫师式思考,1334,升级：雪球,0.498832,0.000499
1308,火狐,2002,虚空裂隙,0.547486,0.000324
1346,吸血习性,1347,吵闹鬼,0.505808,0.000271
1037,急救用具,1154,任务：海牛阿福的勇士,0.469146,0.000044
1156,任务：沃格勒特的巫师帽,1220,连拨击锤,0.478264,0.00003
1050,基石法师,1116,闪现向前,0.470045,0.000032
1073,暗影疾奔,1097,巫师式思考,0.515145,0.000264
1061,回力OK镖,1390,超凡邪恶,0.527377,0.000316
1082,残暴之力,1151,面包和奶酪,0.461994,0.000283
1344,最终形态,1349,终极唤醒,0.503837,0.000366
1051,点亮他们！,1358,弹球,0.443311,0.000053
1149,不动如山,1386,转得我眩晕了,0.42166,0.000001
1250,一板一眼,1406,祖母的辣椒油,0.439158,0.000028
1009,霸符兄弟,1070,无休回复,0.524418,0.000141
1045,炼狱导管,1116,闪现向前,0.495303,0.00007
1054,物法皆修,1066,量子计算,0.440571,0.000042
1022,灵巧,1150,面包和果酱,0.473176,0.000342
1041,歌利亚巨人,1347,吵闹鬼,0.462903,0.000107
1060,海洋龙魂,2009,狂热者,0.496172,0.000057
1204,叠角龙,1347,吵闹鬼,0.496961,0.000004
1044,冰寒,1077,灵魂虹吸,0.473307,0.000163
1326,夜狩,1345,心灵净化,0.443208,0.000747
1050,基石法师,1225,双刀流,0.476921,0.000049
1413,和我一起困在这里,2007,你肩上的恶魔,0.434086,0.000002
1023,魔鬼之舞,1372,小猫咪找妈妈,0.453755,0.000001
1211,杀戮时间到了,2003,魄罗之王的弹跳,0.457794,0.000051
1086,精准奇才,1095,风语者的祝福,0.479154,0.000011
1105,家园卫士,2018,纯粹主义者 - 术师,0.505238,0.000031
1243,质变：混沌,1317,升级：弯刀,0.435522,0.000027
1340,升级：米凯尔的祝福,2024,由暴生急,0.479083,0.000002
1334,升级：雪球,1415,双生火焰,0.477496,0.000142
1027,大地苏醒,1030,尤里卡,0.485762,0.000064
1314,强力护盾,1318,升级：中娅,0.471178,0.000038
1025,俯冲轰炸,1335,夺金,0.490428,0.000091
1046,炼狱龙魂,12317,潘朵拉的盒子,0.502516,0.000001
1313,作弊：我能回城！,1388,无限循环往复,0.507586,0.000408
1053,科学狂人,1336,升级：无尽之刃,0.539781,0.000168
1084,穿针引线,1337,尊我为王,0.49284,0.000241
1141,全心为你,1324,蛋白粉奶昔,0.472895,0.00026
1002,尖端发明家,1358,弹球,0.433728,0.000107
1073,暗影疾奔,2018,纯粹主义者 - 术师,0.475389,0.000037
1007,大力,1330,活力再生,0.4834,0.00007
1404,属性！,1420,咏叹奏鸣,0.562774,0.000025
1107,接二连三,1195,巨人杀手,0.519615,0.001877
2002,虚空裂隙,2006,飞身踢,0.495484,0.000058
1204,叠角龙,1326,夜狩,0.486619,0.000003
1052,闪电打击,1317,升级：弯刀,0.413191,0.00001
1036,火上浇油,1317,升级：弯刀,0.401127,0.000005
1041,歌利亚巨人,1328,暴击律动,0.496583,0.000263
1088,终极刷新,1316,刃下生风,0.450654,0.000073
1085,折磨者,1413,和我一起困在这里,0.462186,0.000008
1035,感受燃烧,1152,任务：钢化你心,0.493892,0.000259
1097,巫师式思考,1320,升级：收集者,0.457213,0.000059
1064,坚韧,1116,闪现向前,0.465369,0.000067
1048,珠光护手,2016,注魔,0.478356,0.000283
1103,面包和黄油,1373,缩小引擎,0.492931,0.000428
1092,易损,1416,海克斯科技龙魂,0.484022,0.000094
12317,潘朵拉的盒子,1397,地狱三头犬,0.611559,0
1072,炽烈黎明,1211,杀戮时间到了,0.481911,0.000233
1301,神圣干预,1329,史上最大雪球,0.462999,0.000103
1037,急救用具,1375,吞噬灵魂,0.463027,0.000172
1326,夜狩,1344,最终形态,0.479031,0.000916
1054,物法皆修,1334,升级：雪球,0.430124,0.000058
1018,巨像的勇气,1322,罪恶快感,0.458661,0.000077
1322,罪恶快感,1379,未知符文_1379,0.458814,0.000003
1129,神射法师,1373,缩小引擎,0.50134,0.000449
1152,任务：钢化你心,1401,生机迸发,0.501708,0.000284
1056,由心及物,1409,魄罗爆破手,0.520712,0.000449
1092,易损,2002,虚空裂隙,0.504752,0.000226
1036,火上浇油,1405,速度恶魔,0.472981,0.000146
1081,踢踏舞,1206,魔法转物理,0.491092,0.000503
1129,神射法师,2016,注魔,0.472414,0.000112
1076,天音爆,1334,升级：雪球,0.475863,0.000052
1136,扇巴掌,1349,终极唤醒,0.483792,0.000238
1337,尊我为王,1420,咏叹奏鸣,0.568593,0.00004
1051,点亮他们！,1316,刃下生风,0.463563,0.00003
1195,巨人杀手,1358,弹球,0.500894,0.000229
1301,神圣干预,1345,心灵净化,0.462969,0.000384
1345,心灵净化,1416,海克斯科技龙魂,0.468881,0.000152
1187,闪光弹,1332,不祥契约,0.456005,0.00002
1170,万用瞄准镜,1321,砍伤,0.490394,0.000276
1108,自我毁灭,1308,火狐,0.55099,0.000503
1220,连拨击锤,1405,速度恶魔,0.433415,0.000119
1047,关键暴击,1103,面包和黄油,0.45741,0.00036
1331,至高天诺言,1373,缩小引擎,0.528614,0.000026
1038,有始有终,1044,冰寒,0.524731,0.001482
1020,黎明使者的坚决,1332,不祥契约,0.467417,0.000072
1319,升级：献祭,1321,砍伤,0.490746,0.000314
1346,吸血习性,2009,狂热者,0.53464,0.001027
1149,不动如山,1308,火狐,0.489817,0.000071
1328,暴击律动,2009,狂热者,0.49392,0.000418
1180,超强大脑,1220,连拨击锤,0.461211,0.000039
1336,升级：无尽之刃,1402,属性叠属性叠属性！,0.537804,0.000074
1045,炼狱导管,1340,升级：米凯尔的祝福,0.496981,0.000027
1327,坚若磐石,2002,虚空裂隙,0.464197,0.00005
1403,属性叠属性！,1411,升级：荆棘之甲,0.567751,0.000025
1397,地狱三头犬,1424,???,0.423187,0.000003
1214,旋转至胜,1390,超凡邪恶,0.533696,0.000083
1074,缩小射线,2024,由暴生急,0.437002,0.000064
1025,俯冲轰炸,1069,退敌力场,0.439662,0.000057
1002,尖端发明家,1336,升级：无尽之刃,0.443203,0.000121
1180,超强大脑,1205,物理转魔法,0.518995,0.001213
1009,霸符兄弟,2024,由暴生急,0.481745,0.000021
1072,炽烈黎明,1074,缩小射线,0.446651,0.000071
1020,黎明使者的坚决,1044,冰寒,0.490868,0.000179
1019,全凭身法,1347,吵闹鬼,0.444162,0.000028
0,无符文,1195,巨人杀手,0.655662,0.058862
1009,霸符兄弟,1348,闪闪现现,0.471016,0.000018
1067,古式佳酿,1318,升级：中娅,0.49076,0.00023
1400,最终都市列车,2002,虚空裂隙,0.534285,0.000124
1238,质变：棱彩阶,1310,小丑学院,0.538009,0.001184
1007,大力,1082,残暴之力,0.502594,0.000552
1339,激光治疗,1404,属性！,0.497885,0.000005
1214,旋转至胜,1416,海克斯科技龙魂,0.48663,0.000013
1151,面包和奶酪,1324,蛋白粉奶昔,0.457389,0.000169
1038,有始有终,1400,最终都市列车,0.528855,0.000232
1136,扇巴掌,1421,舞会女王,0.498221,0.000134
0,无符文,1311,溢流,0.604893,0.031596
1118,会心治疗,1250,一板一眼,0.489844,0.000542
1051,点亮他们！,1214,旋转至胜,0.502556,0.000026
1310,小丑学院,1353,坦克引擎,0.494344,0.000648
1328,暴击律动,1344,最终形态,0.470397,0.000069
1336,升级：无尽之刃,2010,双发快射,0.522817,0.000585
1107,接二连三,1315,快中求稳,0.522291,0.00037
1062,全能龙魂,1397,地狱三头犬,0.486357,0.000099
1328,暴击律动,1348,闪闪现现,0.462286,0.000033
1319,升级：献祭,1326,夜狩,0.457273,0.000058
1047,关键暴击,1356,暴击飞弹,0.499867,0.000178
1077,灵魂虹吸,1322,罪恶快感,0.505559,0.001228
1118,会心治疗,1195,巨人杀手,0.531661,0.001235
1050,基石法师,2001,当心小蛋糕！,0.497414,0.000088
1029,虚幻武器,1996,升级：耀光,0.521179,0.000374
1325,玻璃大炮,1406,祖母的辣椒油,0.502015,0.000129
1353,坦克引擎,1404,属性！,0.506135,0.0002
1225,双刀流,1338,升级：狂妄,0.511307,0.000735
1321,砍伤,1418,砸开那颗蛋,0.436223,0.000001
1053,科学狂人,1108,自我毁灭,0.501905,0.00016
1041,歌利亚巨人,2010,双发快射,0.491393,0.000101
1025,俯冲轰炸,1337,尊我为王,0.516903,0.000099
2007,你肩上的恶魔,2010,双发快射,0.447271,0.000022
1105,家园卫士,2008,负重爆气,0.518656,0.00014
1004,回归基本功,2001,当心小蛋糕！,0.524614,0.000043
1345,心灵净化,1424,???,0.451107,0.000032
1029,虚幻武器,1108,自我毁灭,0.470273,0.000299
1054,物法皆修,1080,会心防御,0.470907,0.000104
1034,防护面纱,1406,祖母的辣椒油,0.53256,0.000133
1104,仆从大师,1208,轨道镭射,0.491011,0.000006
1041,歌利亚巨人,1113,老练狙神,0.467259,0.000325
1034,防护面纱,1070,无休回复,0.501623,0.000104
1075,慢炖,1134,亮出你的剑,0.53327,0.000033
1064,坚韧,1069,退敌力场,0.436652,0.00016
1018,巨像的勇气,1342,雪球扭蛋机,0.466945,0.000098
1336,升级：无尽之刃,2007,你肩上的恶魔,0.462769,0.000044
1129,神射法师,1342,雪球扭蛋机,0.474326,0.000162
1052,闪电打击,2004,信念者的强化,0.442933,0.000004
1050,基石法师,1108,自我毁灭,0.46324,0.000108
1032,裁决使,1058,秘术冲拳,0.454938,0.001484
1205,物理转魔法,1418,砸开那颗蛋,0.48594,0.000005
1075,慢炖,1392,神圣雪球,0.449774,0.000024
1214,旋转至胜,1347,吵闹鬼,0.478504,0.000013
1074,缩小射线,1084,穿针引线,0.446024,0.000683
1063,狂徒豪气,1420,咏叹奏鸣,0.536343,0.000091
1019,全凭身法,1082,残暴之力,0.467584,0.00038
1151,面包和奶酪,1208,轨道镭射,0.469377,0.000046
1080,会心防御,1349,终极唤醒,0.465889,0.000068
1243,质变：混沌,1318,升级：中娅,0.481073,0.000203
1018,巨像的勇气,1237,质变：黄金阶,0.472785,0.000162
1180,超强大脑,2026,杀意翻涌,0.485669,0.000027
1331,至高天诺言,1424,???,0.493307,0.000001
1116,闪现向前,1310,小丑学院,0.504633,0.000019
1011,你摸不到,1388,无限循环往复,0.477203,0.000042
1002,尖端发明家,1181,重量级打击手,0.50597,0.001498
1328,暴击律动,1418,砸开那颗蛋,0.446834,0
1069,退敌力场,1386,转得我眩晕了,0.384468,0
1187,闪光弹,1195,巨人杀手,0.518202,0.000226
1084,穿针引线,1327,坚若磐石,0.43716,0.00014
1156,任务：沃格勒特的巫师帽,1996,升级：耀光,0.520099,0.00006
1301,神圣干预,1996,升级：耀光,0.477115,0.000072
1081,踢踏舞,1237,质变：黄金阶,0.493771,0.000328
1315,快中求稳,1331,至高天诺言,0.433788,0.000006
1195,巨人杀手,1338,升级：狂妄,0.531445,0.002476
1076,天音爆,1996,升级：耀光,0.473947,0.000008
1322,罪恶快感,1335,夺金,0.493609,0.000154
1037,急救用具,1317,升级：弯刀,0.41199,0.000001
1036,火上浇油,1329,史上最大雪球,0.44543,0.000078
1194,精怪魔法,1389,男爵之手,0.500264,0.000003
1039,冰霜 幽灵,1243,质变：混沌,0.479006,0.000288
1081,踢踏舞,1415,双生火焰,0.470799,0.000181
1076,天音爆,1152,任务：钢化你心,0.448286,0.000097
1044,冰寒,1068,循环往复,0.517795,0.001381
0,无符文,1361,任务：艾卡西亚的陷落,0.673494,0.005598
1069,退敌力场,1405,速度恶魔,0.456381,0.000042
1077,灵魂虹吸,1361,任务：艾卡西亚的陷落,0.484687,0.000015
1310,小丑学院,1338,升级：狂妄,0.537981,0.001834
1092,易损,1375,吞噬灵魂,0.471701,0.000122
12317,潘朵拉的盒子,1361,任务：艾卡西亚的陷落,0.500586,0
1347,吵闹鬼,2007,你肩上的恶魔,0.395159,0.000005
1151,面包和奶酪,2018,纯粹主义者 - 术师,0.469535,0.000065
1074,缩小射线,2007,你肩上的恶魔,0.404731,0.000025
1018,巨像的勇气,1050,基石法师,0.450559,0.000055
1361,任务：艾卡西亚的陷落,1390,超凡邪恶,0.529437,0.000257
1389,男爵之手,2018,纯粹主义者 - 术师,0.508202,0.000007
1220,连拨击锤,1326,夜狩,0.460308,0.00026
1308,火狐,1313,作弊：我能回城！,0.508232,0.000173
1054,物法皆修,1082,残暴之力,0.433762,0.000202
1074,缩小射线,1220,连拨击锤,0.439973,0.000576
1066,量子计算,1154,任务：海牛阿福的勇士,0.477363,0.000029
1004,回归基本功,1339,激光治疗,0.462699,0.000009
1069,退敌力场,1335,夺金,0.451548,0.000035
1019,全凭身法,1058,秘术冲拳,0.489228,0.00025
1019,全凭身法,1063,狂徒豪气,0.520459,0.000919
1205,物理转魔法,1349,终极唤醒,0.463606,0.000344
1070,无休回复,1318,升级：中娅,0.512796,0.000111
1133,魔法飞弹,1336,升级：无尽之刃,0.47462,0.000333
1328,暴击律动,1388,无限循环往复,0.460884,0.00014
1156,任务：沃格勒特的巫师帽,1301,神圣干预,0.48507,0.000158
1336,升级：无尽之刃,1375,吞噬灵魂,0.463621,0.000061
1421,舞会女王,2026,杀意翻涌,0.494956,0.000029
1028,侵蚀,1074,缩小射线,0.474978,0.000197
1022,灵巧,2007,你肩上的恶魔,0.452706,0.000056
1345,心灵净化,1347,吵闹鬼,0.456871,0.0001
1334,升级：雪球,1409,魄罗爆破手,0.494318,0.000303
1022,灵巧,1026,唯快不破,0.519265,0.000235
0,无符文,1082,残暴之力,0.568972,0.018309
1084,穿针引线,1324,蛋白粉奶昔,0.435126,0.000138
1026,唯快不破,1314,强力护盾,0.465038,0.000014
1095,风语者的祝福,1348,闪闪现现,0.445523,0.000007
1214,旋转至胜,1424,???,0.466617,0.000003
1053,科学狂人,1413,和我一起困在这里,0.501631,0.000004
1023,魔鬼之舞,1206,魔法转物理,0.507959,0.000264
1081,踢踏舞,1225,双刀流,0.568014,0.001265
1020,黎明使者的坚决,1071,更万用的瞄准镜,0.497453,0.000233
1075,慢炖,1416,海克斯科技龙魂,0.483391,0.000043
1194,精怪魔法,1195,巨人杀手,0.511474,0.000225
1053,科学狂人,1079,战争交响乐,0.509921,0.000133
1073,暗影疾奔,1317,升级：弯刀,0.442257,0.000019
1141,全心为你,2002,虚空裂隙,0.46291,0.000028
1007,大力,1062,全能龙魂,0.524816,0.000123
1195,巨人杀手,1402,属性叠属性叠属性！,0.563464,0.000088
1338,升级：狂妄,1339,激光治疗,0.41701,0.000003
1156,任务：沃格勒特的巫师帽,1388,无限循环往复,0.506791,0.00019
1323,残忍,1342,雪球扭蛋机,0.485208,0.00013
1346,吸血习性,1402,属性叠属性叠属性！,0.552149,0.000325
1198,圣火,1328,暴击律动,0.436383,0.000016
1054,物法皆修,1319,升级：献祭,0.451942,0.000061
1072,炽烈黎明,1152,任务：钢化你心,0.472429,0.000152
1334,升级：雪球,1416,海克斯科技龙魂,0.487606,0.000106
1409,魄罗爆破手,1420,咏叹奏鸣,0.552447,0.000401
1180,超强大脑,1404,属性！,0.534777,0.000032
1035,感受燃烧,1334,升级：雪球,0.657895,0
1329,史上最大雪球,1389,男爵之手,0.521371,0.000009
1402,属性叠属性叠属性！,2004,信念者的强化,0.490818,0.000002
1070,无休回复,1081,踢踏舞,0.541344,0.000452
1116,闪现向前,1180,超强大脑,0.490106,0.000036
1038,有始有终,1392,神圣雪球,0.471355,0.000053
1082,残暴之力,1305,练腿日,0.483165,0.000215
1154,任务：海牛阿福的勇士,1305,练腿日,0.500874,0.000096
1013,星界躯体,1154,任务：海牛阿福的勇士,0.452392,0.000112
1345,心灵净化,2024,由暴生急,0.441693,0.000069
1082,残暴之力,1206,魔法转物理,0.489278,0.000521
1390,超凡邪恶,2007,你肩上的恶魔,0.438174,0.000123
1356,暴击飞弹,2018,纯粹主义者 - 术师,0.438325,0.000029
1097,巫师式思考,1347,吵闹鬼,0.473397,0.00008
1067,古式佳酿,1151,面包和奶酪,0.496204,0.000462
1051,点亮他们！,1330,活力再生,0.470783,0.000089
1181,重量级打击手,1319,升级：献祭,0.528662,0.001207
1054,物法皆修,1421,舞会女王,0.457366,0.000005
1037,急救用具,1067,古式佳酿,0.483566,0.000489
1324,蛋白粉奶昔,1391,红包,0.49808,0.000114
1313,作弊：我能回城！,1327,坚若磐石,0.469362,0.000309
1020,黎明使者的坚决,1400,最终都市列车,0.504608,0.000081
1198,圣火,2008,负重爆气,0.467963,0.000092
1022,灵巧,1323,残忍,0.445454,0.000031
1011,你摸不到,1041,歌利亚巨人,0.463581,0.000167
1087,台风,1358,弹球,0.42945,0.000063
1349,终极唤醒,1405,速度恶魔,0.483806,0.000125
1085,折磨者,1384,捐赠,0.494763,0.000071
1379,未知符文_1379,1392,神圣雪球,0.412429,0
1023,魔鬼之舞,1076,天音爆,0.457753,0.000005
1206,魔法转物理,1317,升级：弯刀,0.439836,0.00001
1027,大地苏醒,1087,台风,0.456045,0.000047
1098,急急小子,2018,纯粹主义者 - 术师,0.474143,0.000051
1103,面包和黄油,1237,质变：黄金阶,0.478389,0.000494
1042,恶趣味,2006,飞身踢,0.485872,0.000247
1002,尖端发明家,1133,魔法飞弹,0.46675,0.000859
1328,暴击律动,1341,帽上加帽,0.450993,0.000045
1156,任务：沃格勒特的巫师帽,1390,超凡邪恶,0.502953,0.001698
1095,风语者的祝福,1129,神射法师,0.461462,0.000048
1150,面包和果酱,1416,海克斯科技龙魂,0.465273,0.000055
1056,由心及物,1400,最终都市列车,0.519955,0.000125
0,无符文,1404,属性！,0.782326,0.004845
1015,死亡之环,1345,心灵净化,0.462232,0.000225
1019,全凭身法,1996,升级：耀光,0.502796,0.000177
1250,一板一眼,1379,未知符文_1379,0.390085,0.000001
1037,急救用具,1194,精怪魔法,0.451601,0.000059
1041,歌利亚巨人,1424,???,0.46168,0.000016
1027,大地苏醒,1321,砍伤,0.474266,0.000046
1336,升级：无尽之刃,1339,激光治疗,0.385741,0.000005
1225,双刀流,1996,升级：耀光,0.518942,0.000455
1011,你摸不到,1204,叠角龙,0.451669,0.000005
1314,强力护盾,1332,不祥契约,0.440178,0.000045
1338,升级：狂妄,1348,闪闪现现,0.442985,0.000043
1069,退敌力场,1322,罪恶快感,0.448501,0.000172
1116,闪现向前,1149,不动如山,0.460991,0.000032
1204,叠角龙,1320,升级：收集者,0.513736,0
1107,接二连三,1323,残忍,0.426836,0.00002
1058,秘术冲拳,1077,灵魂虹吸,0.479738,0.00056
1030,尤里卡,1338,升级：狂妄,0.45663,0.000043
1086,精准奇才,1349,终极唤醒,0.454347,0.000057
1331,至高天诺言,2004,信念者的强化,0.508004,0.000021
1326,夜狩,1404,属性！,0.502319,0.000057
1070,无休回复,1154,任务：海牛阿福的勇士,0.498585,0.000058
1327,坚若磐石,1405,速度恶魔,0.46429,0.000051
1011,你摸不到,1318,升级：中娅,0.452372,0.000088
1084,穿针引线,1310,小丑学院,0.519153,0.001381
1034,防护面纱,1066,量子计算,0.470501,0.000079
1195,巨人杀手,1336,升级：无尽之刃,0.553816,0.001785
0,无符文,1052,闪电打击,0.614412,0.03237
1068,循环往复,2018,纯粹主义者 - 术师,0.480961,0.000135
1073,暗影疾奔,2003,魄罗之王的弹跳,0.496957,0.00004
1194,精怪魔法,1329,史上最大雪球,0.449082,0.000079
1340,升级：米凯尔的祝福,2009,狂热者,0.49749,0.000005
1027,大地苏醒,1420,咏叹奏鸣,0.511912,0.000033
1097,巫师式思考,1141,全心为你,0.469627,0.000182
1086,精准奇才,1198,圣火,0.465914,0.000019
1097,巫师式思考,1386,转得我眩晕了,0.435614,0.000002
1361,任务：艾卡西亚的陷落,1372,小猫咪找妈妈,0.492397,0.000001
1402,属性叠属性叠属性！,2009,狂热者,0.525444,0.000049
1045,炼狱导管,1308,火狐,0.545369,0.0005
1053,科学狂人,1087,台风,0.50716,0.000118
1057,山脉龙魂,1996,升级：耀光,0.480316,0.000043
1136,扇巴掌,1345,心灵净化,0.476089,0.00085
1071,更万用的瞄准镜,1095,风语者的祝福,0.472237,0.000055
1041,歌利亚巨人,1060,海洋龙魂,0.514833,0.000823
1389,男爵之手,1405,速度恶魔,0.527868,0.000025
1194,精怪魔法,1214,旋转至胜,0.481722,0.000052
1082,残暴之力,1404,属性！,0.519729,0.00004
1052,闪电打击,1313,作弊：我能回城！,0.486868,0.00055
1013,星界躯体,1405,速度恶魔,0.482363,0.000292
1097,巫师式思考,1335,夺金,0.501434,0.000264
1103,面包和黄油,1332,不祥契约,0.467659,0.000206
1400,最终都市列车,1414,卡皮巴拉空投,0.466058,0.000046
1011,你摸不到,1335,夺金,0.461276,0.00002
1054,物法皆修,1107,接二连三,0.4707,0.000607
1170,万用瞄准镜,1325,玻璃大炮,0.429186,0.000142
1087,台风,2010,双发快射,0.500012,0.000499
1243,质变：混沌,1420,咏叹奏鸣,0.565782,0.000137
1063,狂徒豪气,1067,古式佳酿,0.535825,0.00046
1097,巫师式思考,1337,尊我为王,0.505963,0.000139
1032,裁决使,1062,全能龙魂,0.504902,0.000693
1301,神圣干预,2016,注魔,0.468418,0.000016
1013,星界躯体,1058,秘术冲拳,0.459831,0.000282
1154,任务：海牛阿福的勇士,1325,玻璃大炮,0.461783,0.000024
1133,魔法飞弹,1372,小猫咪找妈妈,0.472974,0.000085
1047,关键暴击,1361,任务：艾卡西亚的陷落,0.487447,0.000015
1018,巨像的勇气,1136,扇巴掌,0.477787,0.000891
1331,至高天诺言,1418,砸开那颗蛋,0.509117,0.000006
1194,精怪魔法,1379,未知符文_1379,0.428215,0
1151,面包和奶酪,1317,升级：弯刀,0.403572,0.000007
1316,刃下生风,1404,属性！,0.56163,0.000023
1025,俯冲轰炸,1028,侵蚀,0.505464,0.000183
1053,科学狂人,1141,全心为你,0.485577,0.000028
1386,转得我眩晕了,1409,魄罗爆破手,0.458931,0.000007
1015,死亡之环,1211,杀戮时间到了,0.452788,0.000178
1103,面包和黄油,2010,双发快射,0.468636,0.000086
1092,易损,1348,闪闪现现,0.453128,0.000035
1187,闪光弹,2018,纯粹主义者 - 术师,0.444634,0
1023,魔鬼之舞,1138,渴血,0.504948,0.000674
1006,利刃华尔兹,1337,尊我为王,0.580859,0.000222
1405,速度恶魔,2024,由暴生急,0.466712,0.000063
1092,易损,1347,吵闹鬼,0.473108,0.000063
1045,炼狱导管,1084,穿针引线,0.503904,0.001429
1194,精怪魔法,2010,双发快射,0.461678,0.000026
1064,坚韧,1098,急急小子,0.463686,0.000187
1077,灵魂虹吸,1154,任务：海牛阿福的勇士,0.515308,0.000123
1006,利刃华尔兹,1402,属性叠属性叠属性！,0.499709,0.00002
1009,霸符兄弟,1076,天音爆,0.500898,0.000055
1062,全能龙魂,1187,闪光弹,0.493431,0.000033
1335,夺金,1336,升级：无尽之刃,0.50931,0.000088
1310,小丑学院,2016,注魔,0.512419,0.000038
1035,感受燃烧,1115,最万用的瞄准镜,0.468345,0.000091
1061,回力OK镖,1420,咏叹奏鸣,0.624136,0.000967
1002,尖端发明家,2018,纯粹主义者 - 术师,0.43176,0.000073
1340,升级：米凯尔的祝福,1353,坦克引擎,0.495678,0.00008
1311,溢流,1334,升级：雪球,0.494672,0.000311
1023,魔鬼之舞,1067,古式佳酿,0.502145,0.000341
1066,量子计算,1301,神圣干预,0.512862,0.001119
1332,不祥契约,1391,红包,0.533863,0.000129
1050,基石法师,1133,魔法飞弹,0.506654,0.002236
1339,激光治疗,1414,卡皮巴拉空投,0.5,0
1058,秘术冲拳,1341,帽上加帽,0.441817,0.000113
1004,回归基本功,1042,恶趣味,0.503124,0.000072
1405,速度恶魔,2007,你肩上的恶魔,0.442548,0.000062
1052,闪电打击,1342,雪球扭蛋机,0.469355,0.000101
1154,任务：海牛阿福的勇士,1311,溢流,0.491511,0.000129
1070,无休回复,1087,台风,0.504674,0.000146
1072,炽烈黎明,1319,升级：献祭,0.47575,0.000047
1041,歌利亚巨人,1334,升级：雪球,0.480511,0.000489
1052,闪电打击,1996,升级：耀光,0.497078,0.000363
1011,你摸不到,1075,慢炖,0.455146,0.000097
1030,尤里卡,1086,精准奇才,0.506034,0.000245
1056,由心及物,1314,强力护盾,0.458453,0.000068
1051,点亮他们！,1324,蛋白粉奶昔,0.444321,0.000032
1025,俯冲轰炸,1405,速度恶魔,0.514975,0.000207
1011,你摸不到,2008,负重爆气,0.451604,0.000065
1305,练腿日,1308,火狐,0.531279,0.000066
1220,连拨击锤,1358,弹球,0.411838,0.000033
1086,精准奇才,1320,升级：收集者,0.438199,0.00019
1022,灵巧,1250,一板一眼,0.492638,0.001617
1032,裁决使,1315,快中求稳,0.519468,0.001683
1088,终极刷新,1327,坚若磐石,0.433477,0.000088
1081,踢踏舞,1342,雪球扭蛋机,0.452967,0.000071
1113,老练狙神,1388,无限循环往复,0.481485,0.000426
1337,尊我为王,1379,未知符文_1379,0.478166,0
1323,残忍,2024,由暴生急,0.429972,0.000007
1057,山脉龙魂,1206,魔法转物理,0.475569,0.000051
1067,古式佳酿,1384,捐赠,0.521449,0.000264
1072,炽烈黎明,1337,尊我为王,0.500168,0.000025
1323,残忍,1338,升级：狂妄,0.434758,0.000018
1107,接二连三,1205,物理转魔法,0.449957,0.000215
0,无符文,1424,???,0.6073,0.001077
1072,炽烈黎明,1115,最万用的瞄准镜,0.442433,0.000043
1409,魄罗爆破手,1411,升级：荆棘之甲,0.52039,0.000051
1076,天音爆,1208,轨道镭射,0.474285,0.000014
1073,暗影疾奔,1409,魄罗爆破手,0.502011,0.00019
1313,作弊：我能回城！,1344,最终形态,0.485219,0.000568
1084,穿针引线,1313,作弊：我能回城！,0.476469,0.000994
1087,台风,1388,无限循环往复,0.45967,0.000162
1097,巫师式思考,2008,负重爆气,0.482667,0.000549
1058,秘术冲拳,1418,砸开那颗蛋,0.432575,0.000001
1070,无休回复,1170,万用瞄准镜,0.496638,0.000189
1030,尤里卡,1104,仆从大师,0.543914,0.000209
1170,万用瞄准镜,1315,快中求稳,0.509415,0.000179
1220,连拨击锤,1334,升级：雪球,0.439889,0.000083
1075,慢炖,1404,属性！,0.527865,0.000062
1317,升级：弯刀,1335,夺金,0.402497,0.000001
1020,黎明使者的坚决,1069,退敌力场,0.448024,0.000065
1029,虚幻武器,1046,炼狱龙魂,0.479445,0.000673
1136,扇巴掌,1195,巨人杀手,0.542781,0.001075
1053,科学狂人,1329,史上最大雪球,0.492923,0.000112
1074,缩小射线,1409,魄罗爆破手,0.458599,0.000169
1026,唯快不破,1416,海克斯科技龙魂,0.503591,0.000016
1301,神圣干预,1390,超凡邪恶,0.490981,0.000334
1062,全能龙魂,1415,双生火焰,0.499018,0.000062
1058,秘术冲拳,1206,魔法转物理,0.48253,0.000629
1067,古式佳酿,1311,溢流,0.552482,0.00107
1328,暴击律动,1403,属性叠属性！,0.54126,0.000115
1405,速度恶魔,2018,纯粹主义者 - 术师,0.479167,0.000082
1013,星界躯体,1023,魔鬼之舞,0.496762,0.000507
1112,终极不可阻挡,1329,史上最大雪球,0.450768,0.000092
1045,炼狱导管,1194,精怪魔法,0.483076,0.000206
1004,回归基本功,1334,升级：雪球,0.50486,0.000104
1062,全能龙魂,1400,最终都市列车,0.525338,0.000055
1134,亮出你的剑,1141,全心为你,0.409846,0.000002
1198,圣火,1338,升级：狂妄,0.470519,0.000044
1108,自我毁灭,1348,闪闪现现,0.427333,0.000012
1074,缩小射线,1322,罪恶快感,0.462502,0.000933
1054,物法皆修,2016,注魔,0.435333,0.000042
1027,大地苏醒,1095,风语者的祝福,0.472234,0.000014
1070,无休回复,1187,闪光弹,0.501006,0.000038
1072,炽烈黎明,1310,小丑学院,0.495028,0.000069
1030,尤里卡,2009,狂热者,0.48984,0.000311
1050,基石法师,1308,火狐,0.520207,0.00019
1009,霸符兄弟,1204,叠角龙,0.543857,0.000011
1330,活力再生,2016,注魔,0.446409,0.000006
1004,回归基本功,1208,轨道镭射,0.472432,0.000051
1104,仆从大师,1324,蛋白粉奶昔,0.44734,0.000021
1150,面包和果酱,1313,作弊：我能回城！,0.478383,0.000448
1108,自我毁灭,1152,任务：钢化你心,0.490725,0.001225
1349,终极唤醒,2010,双发快射,0.452127,0.000032
1026,唯快不破,1346,吸血习性,0.544769,0.000641
1044,冰寒,1104,仆从大师,0.528516,0.000231
1060,海洋龙魂,1391,红包,0.569269,0.00024
1068,循环往复,1077,灵魂虹吸,0.489158,0.000446
1321,砍伤,1356,暴击飞弹,0.497084,0.000005
1029,虚幻武器,1342,雪球扭蛋机,0.476611,0.000189
1007,大力,1084,穿针引线,0.497979,0.00082
1319,升级：献祭,2024,由暴生急,0.460222,0.000008
1331,至高天诺言,2006,飞身踢,0.450289,0.000002
1002,尖端发明家,1340,升级：米凯尔的祝福,0.525746,0.000083
1108,自我毁灭,2003,魄罗之王的弹跳,0.493458,0.000073
1028,侵蚀,1076,天音爆,0.48545,0.000028
1098,急急小子,1322,罪恶快感,0.469133,0.000297
1315,快中求稳,2026,杀意翻涌,0.508652,0.000087
1305,练腿日,1409,魄罗爆破手,0.500293,0.000147
1187,闪光弹,1424,???,0.424699,0
1057,山脉龙魂,1411,升级：荆棘之甲,0.527938,0.000068
1214,旋转至胜,1311,溢流,0.549673,0.000086
1030,尤里卡,1400,最终都市列车,0.520675,0.0003
1026,唯快不破,1082,残暴之力,0.492681,0.000103
1056,由心及物,1141,全心为你,0.481154,0.000212
1037,急救用具,1076,天音爆,0.498604,0.000666
1156,任务：沃格勒特的巫师帽,1211,杀戮时间到了,0.495057,0.001006
1080,会心防御,1424,???,0.456688,0.000006
1044,冰寒,1152,任务：钢化你心,0.468323,0.000686
1030,尤里卡,1311,溢流,0.512222,0.002435
1107,接二连三,1418,砸开那颗蛋,0.429435,0
1039,冰霜 幽灵,1338,升级：狂妄,0.464444,0.000157
1037,急救用具,1313,作弊：我能回城！,0.474757,0.000338
1335,夺金,1401,生机迸发,0.493635,0.000024
1028,侵蚀,1336,升级：无尽之刃,0.491902,0.000145
1151,面包和奶酪,1311,溢流,0.500034,0.000639
1088,终极刷新,1405,速度恶魔,0.460508,0.00011
1077,灵魂虹吸,1403,属性叠属性！,0.551129,0.0001
1050,基石法师,1238,质变：棱彩阶,0.505238,0.000813
1335,夺金,1347,吵闹鬼,0.471309,0.00002
1308,火狐,1356,暴击飞弹,0.496357,0.00007
1079,战争交响乐,1331,至高天诺言,0.419324,0.000005
1039,冰霜 幽灵,1056,由心及物,0.475867,0.000186
1038,有始有终,1301,神圣干预,0.482393,0.000191
1310,小丑学院,1996,升级：耀光,0.527418,0.000202
1035,感受燃烧,1187,闪光弹,0.499225,0.000034
1011,你摸不到,1409,魄罗爆破手,0.463446,0.000064
1311,溢流,1388,无限循环往复,0.502427,0.000549
1404,属性！,2004,信念者的强化,0.491905,0.000004
12317,潘朵拉的盒子,2009,狂热者,0.488694,0.000001
1415,双生火焰,1418,砸开那颗蛋,0.477598,0.000002
1205,物理转魔法,1406,祖母的辣椒油,0.528464,0.001247
1054,物法皆修,1311,溢流,0.435584,0.000173
1075,慢炖,1409,魄罗爆破手,0.486352,0.000147
1068,循环往复,1392,神圣雪球,0.451743,0.000066
1323,残忍,1411,升级：荆棘之甲,0.529402,0.000082
1108,自我毁灭,1349,终极唤醒,0.459371,0.000124
1315,快中求稳,2006,飞身踢,0.497036,0.000114
1025,俯冲轰炸,1338,升级：狂妄,0.507444,0.000776
1206,魔法转物理,1414,卡皮巴拉空投,0.430478,0.000023
1035,感受燃烧,1076,天音爆,0.503893,0.000114
1113,老练狙神,1996,升级：耀光,0.474535,0.000264
1019,全凭身法,1401,生机迸发,0.472743,0.00006
1022,灵巧,1344,最终形态,0.511384,0.000538
1048,珠光护手,2018,纯粹主义者 - 术师,0.468525,0.000288
1034,防护面纱,1386,转得我眩晕了,0.459204,0
1020,黎明使者的坚决,2024,由暴生急,0.440892,0.00001
1041,歌利亚巨人,1053,科学狂人,0.526235,0.00053
1085,折磨者,12317,潘朵拉的盒子,0.50161,0
1032,裁决使,1115,最万用的瞄准镜,0.468947,0.001076
1329,史上最大雪球,2024,由暴生急,0.448477,0.000029
1314,强力护盾,1326,夜狩,0.443746,0.000099
1019,全凭身法,1403,属性叠属性！,0.524281,0.000085
1061,回力OK镖,1092,易损,0.493833,0.000127
1322,罪恶快感,1346,吸血习性,0.531715,0.005724
1342,雪球扭蛋机,1409,魄罗爆破手,0.490117,0.000199
1044,冰寒,1340,升级：米凯尔的祝福,0.508782,0.000079
1310,小丑学院,1414,卡皮巴拉空投,0.714286,0
1413,和我一起困在这里,2005,扳机炼狱,0.443149,0.000007
1129,神射法师,1136,扇巴掌,0.483622,0.000416
1084,穿针引线,2004,信念者的强化,0.439172,0.000008
1051,点亮他们！,1116,闪现向前,0.479757,0.000033
1349,终极唤醒,2006,飞身踢,0.474553,0.000044
1058,秘术冲拳,1305,练腿日,0.471096,0.000299
1113,老练狙神,1156,任务：沃格勒特的巫师帽,0.486464,0.000749
1400,最终都市列车,1401,生机迸发,0.502516,0.000105
1336,升级：无尽之刃,1345,心灵净化,0.480681,0.000474
2002,虚空裂隙,2016,注魔,0.493425,0.000086
1063,狂徒豪气,1068,循环往复,0.520664,0.000418
1029,虚幻武器,1211,杀戮时间到了,0.482428,0.000688
1038,有始有终,1332,不祥契约,0.503871,0.000358
1326,夜狩,1375,吞噬灵魂,0.462911,0.000083
1070,无休回复,1388,无限循环往复,0.520595,0.000149
1170,万用瞄准镜,1346,吸血习性,0.524633,0.002966
1103,面包和黄油,1129,神射法师,0.464129,0.00052
1028,侵蚀,2007,你肩上的恶魔,0.439366,0.00002
1018,巨像的勇气,1103,面包和黄油,0.465375,0.000227
1072,炽烈黎明,2026,杀意翻涌,0.451959,0.00001
1068,循环往复,1079,战争交响乐,0.477592,0.000338
1039,冰霜 幽灵,1085,折磨者,0.474109,0.000174
1116,闪现向前,1342,雪球扭蛋机,0.463351,0.000003
1013,星界躯体,1404,属性！,0.500247,0.000094
1070,无休回复,1335,夺金,0.505432,0.000053
1134,亮出你的剑,1347,吵闹鬼,0.542229,0.000036
1187,闪光弹,1384,捐赠,0.507161,0.000001
1314,强力护盾,2004,信念者的强化,0.450965,0.000007
1057,山脉龙魂,1390,超凡邪恶,0.475274,0.000154
1133,魔法飞弹,1401,生机迸发,0.479334,0.000179
1194,精怪魔法,1321,砍伤,0.463555,0.000041
1170,万用瞄准镜,2002,虚空裂隙,0.450768,0.000025
1151,面包和奶酪,1348,闪闪现现,0.450662,0.000037
1039,冰霜 幽灵,1334,升级：雪球,0.467247,0.000203
1080,会心防御,1156,任务：沃格勒特的巫师帽,0.493789,0.000055
1325,玻璃大炮,1418,砸开那颗蛋,0.444582,0.000001
1138,渴血,1238,质变：棱彩阶,0.532044,0.002436
1133,魔法飞弹,1349,终极唤醒,0.478616,0.00056
1386,转得我眩晕了,2006,飞身踢,0.518272,0
1085,折磨者,1397,地狱三头犬,0.424652,0.000012
1386,转得我眩晕了,1415,双生火焰,0.432432,0.000002
1361,任务：艾卡西亚的陷落,1404,属性！,0.557967,0.000032
1045,炼狱导管,1054,物法皆修,0.453732,0.000106
1019,全凭身法,1301,神圣干预,0.462003,0.000127
1056,由心及物,1150,面包和果酱,0.493559,0.000371
1107,接二连三,1154,任务：海牛阿福的勇士,0.496237,0.000142
1129,神射法师,2008,负重爆气,0.474659,0.000362
1058,秘术冲拳,1156,任务：沃格勒特的巫师帽,0.46404,0.000047
1041,歌利亚巨人,1063,狂徒豪气,0.500791,0.000489
1070,无休回复,1416,海克斯科技龙魂,0.494762,0.000032
1018,巨像的勇气,1195,巨人杀手,0.508522,0.000087
1149,不动如山,1392,神圣雪球,0.433951,0.00003
1095,风语者的祝福,1243,质变：混沌,0.498837,0.000077
1041,歌利亚巨人,1095,风语者的祝福,0.480246,0.000238
1335,夺金,1411,升级：荆棘之甲,0.526374,0.000013
1308,火狐,1349,终极唤醒,0.49553,0.000069
1026,唯快不破,1067,古式佳酿,0.510176,0.000101
1329,史上最大雪球,2009,狂热者,0.47494,0.000082
1019,全凭身法,1084,穿针引线,0.467476,0.000785
1170,万用瞄准镜,2016,注魔,0.449469,0.000018
1180,超强大脑,2016,注魔,0.483455,0.000053
1112,终极不可阻挡,1322,罪恶快感,0.459055,0.000395
1011,你摸不到,1098,急急小子,0.443137,0.000054
1028,侵蚀,1379,未知符文_1379,0.460904,0.000001
1030,尤里卡,2007,你肩上的恶魔,0.45504,0.000038
1339,激光治疗,1409,魄罗爆破手,0.492421,0.000034
1180,超强大脑,1345,心灵净化,0.490305,0.000507
1026,唯快不破,1373,缩小引擎,0.551767,0.0002
1323,残忍,2009,狂热者,0.453531,0.000029
1358,弹球,1406,祖母的辣椒油,0.501725,0.000193
1337,尊我为王,1411,升级：荆棘之甲,0.573826,0.000014
1036,火上浇油,2002,虚空裂隙,0.475934,0.000078
1006,利刃华尔兹,1034,防护面纱,0.458746,0.000111
1341,帽上加帽,2005,扳机炼狱,0.446607,0.000014
1071,更万用的瞄准镜,1322,罪恶快感,0.506112,0.003428
1029,虚幻武器,1414,卡皮巴拉空投,0.428254,0.000027
1388,无限循环往复,2026,杀意翻涌,0.484712,0.000147
1103,面包和黄油,12317,潘朵拉的盒子,0.49359,0.000001
1112,终极不可阻挡,1405,速度恶魔,0.466161,0.000093
1037,急救用具,1082,残暴之力,0.469555,0.000062
1332,不祥契约,1344,最终形态,0.491643,0.000086
1051,点亮他们！,1328,暴击律动,0.5116,0.000969
1156,任务：沃格勒特的巫师帽,1346,吸血习性,0.540706,0.001497
1006,利刃华尔兹,1331,至高天诺言,0.5,0
1015,死亡之环,1052,闪电打击,0.453361,0.000026
1095,风语者的祝福,1154,任务：海牛阿福的勇士,0.47271,0.00001
1323,残忍,1325,玻璃大炮,0.458885,0.00004
1389,男爵之手,1401,生机迸发,0.526418,0.000011
1015,死亡之环,1064,坚韧,0.498525,0.000557
1333,逃跑计划,1349,终极唤醒,0.523237,0.000235
1415,双生火焰,2001,当心小蛋糕！,0.491163,0.000153
1018,巨像的勇气,1316,刃下生风,0.435519,0.000014
1424,???,2010,双发快射,0.452276,0.000009
1079,战争交响乐,1250,一板一眼,0.445416,0.000421
1092,易损,1356,暴击飞弹,0.541392,0.000356
1080,会心防御,1329,史上最大雪球,0.473867,0.000068
1037,急救用具,1348,闪闪现现,0.442907,0.000012
1054,物法皆修,1339,激光治疗,0.407039,0.000004
1044,冰寒,1250,一板一眼,0.430218,0.00007
1115,最万用的瞄准镜,1156,任务：沃格勒特的巫师帽,0.470957,0.00003
1077,灵魂虹吸,1141,全心为你,0.4338,0.000018
1023,魔鬼之舞,1220,连拨击锤,0.474563,0.00008
1341,帽上加帽,1388,无限循环往复,0.501808,0.000415
1113,老练狙神,1401,生机迸发,0.470779,0.00005
1006,利刃华尔兹,1023,魔鬼之舞,0.471001,0.000232
1022,灵巧,1035,感受燃烧,0.487103,0.000121
1238,质变：棱彩阶,1421,舞会女王,0.569636,0.000073
1037,急救用具,1039,冰霜 幽灵,0.482089,0.000159
1020,黎明使者的坚决,1356,暴击飞弹,0.497061,0.000014
1341,帽上加帽,1400,最终都市列车,0.500974,0.000134
1039,冰霜 幽灵,1424,???,0.467401,0.000013
12317,潘朵拉的盒子,1409,魄罗爆破手,0.484606,0.000001
1053,科学狂人,1344,最终形态,0.53744,0.000179
1211,杀戮时间到了,1384,捐赠,0.502742,0.000416
1018,巨像的勇气,1037,急救用具,0.457148,0.000129
1187,闪光弹,1415,双生火焰,0.442149,0
1346,吸血习性,1390,超凡邪恶,0.526369,0.003101
1316,刃下生风,1405,速度恶魔,0.483585,0.000079
1002,尖端发明家,1194,精怪魔法,0.442186,0.000114
1327,坚若磐石,1401,生机迸发,0.477829,0.000054
1180,超强大脑,1329,史上最大雪球,0.489251,0.000088
1062,全能龙魂,1328,暴击律动,0.503589,0.000185
1318,升级：中娅,1331,至高天诺言,0.457276,0.000015
1082,残暴之力,1414,卡皮巴拉空投,0.42278,0.000024
1333,逃跑计划,1342,雪球扭蛋机,0.527687,0.000251
1347,吵闹鬼,1372,小猫咪找妈妈,0.469754,0.000006
1107,接二连三,1250,一板一眼,0.414159,0.000404
1039,冰霜 幽灵,1388,无限循环往复,0.502509,0.000178
1026,唯快不破,1045,炼狱导管,0.547182,0.000186
1327,坚若磐石,1424,???,0.433517,0.000008
1195,巨人杀手,1346,吸血习性,0.570003,0.007538
1044,冰寒,1071,更万用的瞄准镜,0.476994,0.000282
1032,裁决使,1092,易损,0.484525,0.001896
1372,小猫咪找妈妈,1405,速度恶魔,0.490889,0.000017
1080,会心防御,1345,心灵净化,0.472673,0.000216
1022,灵巧,1392,神圣雪球,0.453004,0.000073
1225,双刀流,2016,注魔,0.482954,0.000049
1103,面包和黄油,1180,超强大脑,0.494023,0.000384
1136,扇巴掌,1317,升级：弯刀,0.429567,0.000002
1340,升级：米凯尔的祝福,2002,虚空裂隙,0.511227,0.000007
1054,物法皆修,1414,卡皮巴拉空投,0.410658,0.000006
1027,大地苏醒,1115,最万用的瞄准镜,0.458568,0.000051
1037,急救用具,1339,激光治疗,0.475501,0.000212
1113,老练狙神,2010,双发快射,0.436852,0.00009
1061,回力OK镖,1305,练腿日,0.509236,0.000086
1237,质变：黄金阶,1319,升级：献祭,0.502467,0.000207
1070,无休回复,1391,红包,0.565888,0.000132
1018,巨像的勇气,1038,有始有终,0.467276,0.00007
1321,砍伤,1325,玻璃大炮,0.455246,0.000038
1340,升级：米凯尔的祝福,2001,当心小蛋糕！,0.520451,0.000008
1035,感受燃烧,1050,基石法师,0.487516,0.00011
1301,神圣干预,1340,升级：米凯尔的祝福,0.547269,0.000064
1025,俯冲轰炸,1211,杀戮时间到了,0.509426,0.000735
1004,回归基本功,1326,夜狩,0.484758,0.000177
1129,神射法师,1406,祖母的辣椒油,0.509841,0.000453
1105,家园卫士,1134,亮出你的剑,0.576172,0.000105
1073,暗影疾奔,1087,台风,0.522246,0.00028
1141,全心为你,1250,一板一眼,0.387475,0.000004
1061,回力OK镖,1345,心灵净化,0.488854,0.000247
1151,面包和奶酪,1414,卡皮巴拉空投,0.436386,0.000027
1072,炽烈黎明,1075,慢炖,0.480333,0.000082
1076,天音爆,1361,任务：艾卡西亚的陷落,0.503466,0.000008
1238,质变：棱彩阶,1424,???,0.469363,0.00002
1022,灵巧,12317,潘朵拉的盒子,0.512369,0.000002
1071,更万用的瞄准镜,1198,圣火,0.45891,0.000074
1149,不动如山,1206,魔法转物理,0.454275,0.000046
1205,物理转魔法,1326,夜狩,0.447635,0.000269
1411,升级：荆棘之甲,1424,???,0.484333,0.000011
1088,终极刷新,1103,面包和黄油,0.442328,0.000264
1069,退敌力场,1141,全心为你,0.455943,0.000033
1022,灵巧,1107,接二连三,0.499748,0.003221
1141,全心为你,1313,作弊：我能回城！,0.478078,0.000143
1404,属性！,2003,魄罗之王的弹跳,0.481664,0.000019
1019,全凭身法,1133,魔法飞弹,0.47238,0.000419
1041,歌利亚巨人,1151,面包和奶酪,0.475271,0.00058
1225,双刀流,1379,未知符文_1379,0.522446,0.000004
1002,尖端发明家,1384,捐赠,0.484356,0.000366
1361,任务：艾卡西亚的陷落,2002,虚空裂隙,0.524953,0.000018
1108,自我毁灭,1404,属性！,0.517518,0.000042
1204,叠角龙,1996,升级：耀光,0.586348,0.000015
1052,闪电打击,1072,炽烈黎明,0.455088,0.000061
1342,雪球扭蛋机,1388,无限循环往复,0.479933,0.000131
1421,舞会女王,2007,你肩上的恶魔,0.445626,0.000006
1331,至高天诺言,1416,海克斯科技龙魂,0.465743,0.000004
1331,至高天诺言,1390,超凡邪恶,0.481847,0.000048
1073,暗影疾奔,2016,注魔,0.500217,0.000019
1015,死亡之环,1060,海洋龙魂,0.524241,0.000234
1154,任务：海牛阿福的勇士,1391,红包,0.519454,0.000077
1076,天音爆,1379,未知符文_1379,0.466893,0.000013
1338,升级：狂妄,2006,飞身踢,0.475596,0.000467
1338,升级：狂妄,2005,扳机炼狱,0.457478,0.000301
1015,死亡之环,1328,暴击律动,0.433435,0.000013
1015,死亡之环,2001,当心小蛋糕！,0.489159,0.00003
1195,巨人杀手,1384,捐赠,0.565521,0.001167
1036,火上浇油,1067,古式佳酿,0.472413,0.000237
1050,基石法师,1095,风语者的祝福,0.541535,0.000087
1205,物理转魔法,2002,虚空裂隙,0.502243,0.000682
1058,秘术冲拳,1243,质变：混沌,0.480606,0.000289
1022,灵巧,1330,活力再生,0.479533,0.000278
1087,台风,2018,纯粹主义者 - 术师,0.400677,0.000023
1038,有始有终,1062,全能龙魂,0.529539,0.000229
1154,任务：海牛阿福的勇士,1330,活力再生,0.485594,0.000026
1136,扇巴掌,1324,蛋白粉奶昔,0.468364,0.000506
1194,精怪魔法,1406,祖母的辣椒油,0.505398,0.000138
1029,虚幻武器,2026,杀意翻涌,0.478724,0.000083
1075,慢炖,1342,雪球扭蛋机,0.489249,0.000202
1072,炽烈黎明,1328,暴击律动,0.454724,0.000051
1060,海洋龙魂,1347,吵闹鬼,0.482004,0.000038
1062,全能龙魂,1238,质变：棱彩阶,0.523606,0.000448
1348,闪闪现现,1421,舞会女王,0.497667,0
1013,星界躯体,1341,帽上加帽,0.457542,0.000191
1053,科学狂人,1406,祖母的辣椒油,0.543959,0.000127
1154,任务：海牛阿福的勇士,1320,升级：收集者,0.496791,0.000172
1996,升级：耀光,2003,魄罗之王的弹跳,0.469082,0.000023
1067,古式佳酿,1418,砸开那颗蛋,0.487464,0.000006
1095,风语者的祝福,1344,最终形态,0.470372,0.000063
1085,折磨者,1344,最终形态,0.466001,0.000109
1038,有始有终,1340,升级：米凯尔的祝福,0.516004,0.000029
1036,火上浇油,1420,咏叹奏鸣,0.504814,0.00009
1328,暴击律动,2003,魄罗之王的弹跳,0.441562,0.000026
1044,冰寒,1329,史上最大雪球,0.485044,0.000314
1011,你摸不到,1322,罪恶快感,0.456231,0.000257
1118,会心治疗,1320,升级：收集者,0.490032,0.000752
1347,吵闹鬼,2004,信念者的强化,0.473296,0.000003
1020,黎明使者的坚决,1070,无休回复,0.492303,0.000188
1048,珠光护手,1057,山脉龙魂,0.459759,0.000187
1051,点亮他们！,1211,杀戮时间到了,0.478964,0.000232
1037,急救用具,1356,暴击飞弹,0.48153,0.000014
1418,砸开那颗蛋,2005,扳机炼狱,0.427127,0.000001
1324,蛋白粉奶昔,1379,未知符文_1379,0.470905,0.000004
1002,尖端发明家,1061,回力OK镖,0.476213,0.000137
1105,家园卫士,1373,缩小引擎,0.548897,0.000291
1321,砍伤,2024,由暴生急,0.45378,0.000023
1032,裁决使,2004,信念者的强化,0.485151,0.000036
1154,任务：海牛阿福的勇士,1156,任务：沃格勒特的巫师帽,0.485579,0.000044
1063,狂徒豪气,1105,家园卫士,0.513335,0.000072
1108,自我毁灭,1149,不动如山,0.465764,0.000319
1311,溢流,2003,魄罗之王的弹跳,0.478117,0.00005
1181,重量级打击手,1405,速度恶魔,0.508573,0.000272
1028,侵蚀,1048,珠光护手,0.486987,0.000567
1079,战争交响乐,2018,纯粹主义者 - 术师,0.424598,0.000026
1084,穿针引线,1115,最万用的瞄准镜,0.472864,0.000853
1095,风语者的祝福,1322,罪恶快感,0.47078,0.000061
1206,魔法转物理,2010,双发快射,0.512983,0.00021
1087,台风,1195,巨人杀手,0.519576,0.001475
1019,全凭身法,1046,炼狱龙魂,0.466368,0.000441
1319,升级：献祭,1403,属性叠属性！,0.514659,0.000075
1030,尤里卡,1061,回力OK镖,0.560403,0.000356
1397,地狱三头犬,2003,魄罗之王的弹跳,0.450362,0.000007
1073,暗影疾奔,1416,海克斯科技龙魂,0.502087,0.000048
1322,罪恶快感,2007,你肩上的恶魔,0.436,0.000067
1108,自我毁灭,1328,暴击律动,0.457745,0.000045
1092,易损,1415,双生火焰,0.503877,0.000438
1150,面包和果酱,2018,纯粹主义者 - 术师,0.45654,0.000053
1082,残暴之力,1313,作弊：我能回城！,0.470001,0.000428
1044,冰寒,1129,神射法师,0.470945,0.000625
1009,霸符兄弟,1085,折磨者,0.494749,0.000052
1041,歌利亚巨人,1097,巫师式思考,0.474183,0.000457
1319,升级：献祭,1344,最终形态,0.489147,0.00036
1325,玻璃大炮,1345,心灵净化,0.443202,0.000324
0,无符文,1026,唯快不破,0.598321,0.006232
1004,回归基本功,1330,活力再生,0.490567,0.000062
1314,强力护盾,1996,升级：耀光,0.460903,0.000019
1048,珠光护手,1051,点亮他们！,0.47249,0.000463
1007,大力,1057,山脉龙魂,0.490068,0.000049
1187,闪光弹,1400,最终都市列车,0.502436,0.000001
1220,连拨击锤,1337,尊我为王,0.567891,0.000171
1069,退敌力场,1214,旋转至胜,0.437864,0.000014
1061,回力OK镖,1326,夜狩,0.474353,0.000079
1105,家园卫士,2007,你肩上的恶魔,0.459098,0.000016
1105,家园卫士,2010,双发快射,0.522892,0.000056
1313,作弊：我能回城！,1400,最终都市列车,0.487106,0.000164
1095,风语者的祝福,1151,面包和奶酪,0.513012,0.0001
1054,物法皆修,1113,老练狙神,0.423975,0.000302
1018,巨像的勇气,1075,慢炖,0.504235,0.000436
1237,质变：黄金阶,1388,无限循环往复,0.513489,0.000269
1118,会心治疗,1333,逃跑计划,0.533655,0.000655
1328,暴击律动,1401,生机迸发,0.508303,0.000067
1022,灵巧,1097,巫师式思考,0.484512,0.000163
1029,虚幻武器,1077,灵魂虹吸,0.479059,0.000374
1105,家园卫士,1205,物理转魔法,0.527156,0.000489
1187,闪光弹,1326,夜狩,0.452562,0.000193
1353,坦克引擎,1388,无限循环往复,0.507907,0.002306
1305,练腿日,1375,吞噬灵魂,0.488226,0.000152
1405,速度恶魔,2001,当心小蛋糕！,0.505199,0.000318
1379,未知符文_1379,1996,升级：耀光,0.462138,0.000002
1194,精怪魔法,1323,残忍,0.467118,0.000064
1038,有始有终,1415,双生火焰,0.509026,0.0004
1004,回归基本功,1390,超凡邪恶,0.54148,0.000322
1129,神射法师,1386,转得我眩晕了,0.417532,0.000001
1319,升级：献祭,1373,缩小引擎,0.507373,0.000212
1064,坚韧,2024,由暴生急,0.434693,0.000019
1064,坚韧,1076,天音爆,0.464645,0.000153
1339,激光治疗,1411,升级：荆棘之甲,0.510935,0.000004
1041,歌利亚巨人,1116,闪现向前,0.477466,0.000121
1042,恶趣味,1326,夜狩,0.448274,0.00004
1052,闪电打击,1243,质变：混沌,0.500134,0.000477
1051,点亮他们！,1406,祖母的辣椒油,0.513093,0.000186
1322,罪恶快感,1384,捐赠,0.519831,0.000554
1319,升级：献祭,1389,男爵之手,0.508476,0.000016
1032,裁决使,1056,由心及物,0.509931,0.001708
1030,尤里卡,1076,天音爆,0.505562,0.000182
1150,面包和果酱,1338,升级：狂妄,0.476188,0.0004
1028,侵蚀,1095,风语者的祝福,0.470325,0.000076
1187,闪光弹,1361,任务：艾卡西亚的陷落,0.517408,0
1194,精怪魔法,1337,尊我为王,0.461633,0.000077
1061,回力OK镖,1318,升级：中娅,0.509635,0.000096
2007,你肩上的恶魔,2016,注魔,0.426617,0.000013
1308,火狐,1326,夜狩,0.475728,0.000059
1004,回归基本功,1318,升级：中娅,0.526729,0.000082
1107,接二连三,1386,转得我眩晕了,0.441232,0.000002
1045,炼狱导管,1180,超强大脑,0.521454,0.000855
1081,踢踏舞,1341,帽上加帽,0.453364,0.000095
1009,霸符兄弟,2004,信念者的强化,0.508393,0.000022
1341,帽上加帽,1349,终极唤醒,0.461065,0.000232
1022,灵巧,1345,心灵净化,0.479275,0.000771
1058,秘术冲拳,1073,暗影疾奔,0.497928,0.000578
1066,量子计算,1195,巨人杀手,0.52584,0.000264
1095,风语者的祝福,1375,吞噬灵魂,0.452742,0.000127
1077,灵魂虹吸,1308,火狐,0.485969,0.000041
1018,巨像的勇气,1402,属性叠属性叠属性！,0.488532,0.000011
1098,急急小子,1333,逃跑计划,0.530289,0.000166
1413,和我一起困在这里,2002,虚空裂隙,0.493917,0.000005
1170,万用瞄准镜,1358,弹球,0.438166,0.000081
1238,质变：棱彩阶,1405,速度恶魔,0.521727,0.00032
1073,暗影疾奔,1116,闪现向前,0.495073,0.000062
1409,魄罗爆破手,2004,信念者的强化,0.491278,0.000043
1076,天音爆,1088,终极刷新,0.470262,0.00005
1324,蛋白粉奶昔,1424,???,0.461605,0.000004
1050,基石法师,1077,灵魂虹吸,0.456922,0.00007
1107,接二连三,1116,闪现向前,0.466973,0.000065
1314,强力护盾,1353,坦克引擎,0.467813,0.000733
1028,侵蚀,1314,强力护盾,0.471461,0.00007
1206,魔法转物理,1335,夺金,0.51134,0.000142
1038,有始有终,1334,升级：雪球,0.515998,0.000326
1027,大地苏醒,1088,终极刷新,0.454663,0.000044
1015,死亡之环,1413,和我一起困在这里,0.464051,0.000003
1086,精准奇才,1420,咏叹奏鸣,0.53361,0.000053
1015,死亡之环,1305,练腿日,0.490909,0.000101
1310,小丑学院,1315,快中求稳,0.551088,0.000572
1314,强力护盾,2010,双发快射,0.485092,0.000012
1136,扇巴掌,1996,升级：耀光,0.495152,0.000132
1098,急急小子,12317,潘朵拉的盒子,0.504804,0
1037,急救用具,2024,由暴生急,0.463585,0.000015
1027,大地苏醒,1339,激光治疗,0.409615,0.000002
1064,坚韧,1379,未知符文_1379,0.426636,0.000003
1330,活力再生,1386,转得我眩晕了,0.445851,0
1113,老练狙神,2024,由暴生急,0.434924,0.000084
1062,全能龙魂,1420,咏叹奏鸣,0.547673,0.000068
1007,大力,1151,面包和奶酪,0.483029,0.000175
1076,天音爆,1386,转得我眩晕了,0.448522,0
1116,闪现向前,1320,升级：收集者,0.470333,0.00011
1006,利刃华尔兹,1118,会心治疗,0.457764,0.000357
1074,缩小射线,1107,接二连三,0.463086,0.001011
1030,尤里卡,1180,超强大脑,0.534511,0.001655
1115,最万用的瞄准镜,1170,万用瞄准镜,0.490963,0.002172
1308,火狐,2006,飞身踢,0.513277,0.000144
1156,任务：沃格勒特的巫师帽,1416,海克斯科技龙魂,0.494796,0.00011
1406,祖母的辣椒油,2002,虚空裂隙,0.549007,0.000838
1323,残忍,1345,心灵净化,0.475929,0.000421
1045,炼狱导管,1061,回力OK镖,0.519206,0.000248
1018,巨像的勇气,1026,唯快不破,0.455532,0.000014
1013,星界躯体,1141,全心为你,0.458881,0.000227
1054,物法皆修,1250,一板一眼,0.415393,0.000259
1318,升级：中娅,1397,地狱三头犬,0.435149,0.000012
1406,祖母的辣椒油,2006,飞身踢,0.50508,0.00033
1060,海洋龙魂,1390,超凡邪恶,0.53077,0.0007
1019,全凭身法,2006,飞身踢,0.474666,0.000068
1084,穿针引线,2026,杀意翻涌,0.458755,0.000196
1036,火上浇油,1074,缩小射线,0.467371,0.000574
1315,快中求稳,1996,升级：耀光,0.525353,0.00014
1019,全凭身法,1323,残忍,0.478197,0.00004
1141,全心为你,1416,海克斯科技龙魂,0.472036,0.000014
1002,尖端发明家,1042,恶趣味,0.482281,0.000463
1087,台风,1424,???,0.438953,0.000016
1347,吵闹鬼,2005,扳机炼狱,0.428794,0.000006
1187,闪光弹,1420,咏叹奏鸣,0.510989,0
1054,物法皆修,1134,亮出你的剑,0.490854,0.000094
1051,点亮他们！,1389,男爵之手,0.52118,0.000012
1204,叠角龙,1250,一板一眼,0.539593,0.00002
1071,更万用的瞄准镜,1103,面包和黄油,0.477209,0.000788
1086,精准奇才,1347,吵闹鬼,0.461314,0.000021
1079,战争交响乐,1187,闪光弹,0.468202,0.000086
1319,升级：献祭,1356,暴击飞弹,0.487516,0
1084,穿针引线,1340,升级：米凯尔的祝福,0.4689,0.000021
1077,灵魂虹吸,1116,闪现向前,0.486231,0.000058
1324,蛋白粉奶昔,1403,属性叠属性！,0.492312,0.000049
12317,潘朵拉的盒子,1320,升级：收集者,0.497472,0.000002
1104,仆从大师,1416,海克斯科技龙魂,0.506964,0.000012
1301,神圣干预,1326,夜狩,0.442417,0.000161
1138,渴血,1324,蛋白粉奶昔,0.453924,0.000346
1133,魔法飞弹,1345,心灵净化,0.493055,0.002712
1034,防护面纱,2026,杀意翻涌,0.475753,0.000024
1301,神圣干预,1421,舞会女王,0.527376,0.00054
1195,巨人杀手,1331,至高天诺言,0.47955,0.000016
1054,物法皆修,1152,任务：钢化你心,0.456743,0.000597
1075,慢炖,2008,负重爆气,0.488847,0.000173
1103,面包和黄油,1243,质变：混沌,0.47517,0.000544
1063,狂徒豪气,1413,和我一起困在这里,0.478725,0.000014
1092,易损,1195,巨人杀手,0.540344,0.001485
1070,无休回复,1311,溢流,0.505969,0.000235
1013,星界躯体,2008,负重爆气,0.476043,0.000287
1081,踢踏舞,1085,折磨者,0.444719,0.000044
1026,唯快不破,1046,炼狱龙魂,0.495362,0.000158
1037,急救用具,1095,风语者的祝福,0.508595,0.001013
1047,关键暴击,1195,巨人杀手,0.52229,0.001073
1353,坦克引擎,2010,双发快射,0.488716,0.000087
1118,会心治疗,1301,神圣干预,0.47797,0.000365
1341,帽上加帽,1353,坦克引擎,0.471144,0.00064
0,无符文,1015,死亡之环,0.592994,0.00821
1076,天音爆,2008,负重爆气,0.4946,0.000066
1195,巨人杀手,2004,信念者的强化,0.496115,0.00001
1333,逃跑计划,1336,升级：无尽之刃,0.568635,0.000531
1046,炼狱龙魂,1310,小丑学院,0.520343,0.000865
1054,物法皆修,1353,坦克引擎,0.463556,0.0005
1138,渴血,1375,吞噬灵魂,0.483901,0.000318
1029,虚幻武器,1237,质变：黄金阶,0.487335,0.000494
1406,祖母的辣椒油,1409,魄罗爆破手,0.545833,0.000908
1036,火上浇油,2007,你肩上的恶魔,0.415249,0.000027
1009,霸符兄弟,2009,狂热者,0.506796,0.000068
1077,灵魂虹吸,1087,台风,0.49547,0.000699
1097,巫师式思考,2007,你肩上的恶魔,0.43204,0.000043
1375,吞噬灵魂,2006,飞身踢,0.500498,0.000987
1039,冰霜 幽灵,1346,吸血习性,0.481729,0.000476
1208,轨道镭射,1996,升级：耀光,0.469896,0.000009
1088,终极刷新,1416,海克斯科技龙魂,0.458131,0.000042
1105,家园卫士,1344,最终形态,0.50474,0.000176
1220,连拨击锤,1237,质变：黄金阶,0.468124,0.000246
1301,神圣干预,1405,速度恶魔,0.491606,0.000128
1026,唯快不破,1057,山脉龙魂,0.478343,0.00002
1069,退敌力场,1198,圣火,0.437684,0.000034
1250,一板一眼,1353,坦克引擎,0.476247,0.000713
1330,活力再生,1335,夺金,0.476441,0.000031
1344,最终形态,1386,转得我眩晕了,0.429317,0.000002
1322,罪恶快感,1404,属性！,0.523461,0.000102
1004,回归基本功,1424,???,0.482061,0.000004
1086,精准奇才,12317,潘朵拉的盒子,0.568595,0
1039,冰霜 幽灵,1048,珠光护手,0.449493,0.000217
1047,关键暴击,1237,质变：黄金阶,0.482474,0.000271
1066,量子计算,1069,退敌力场,0.429291,0.000043
1067,古式佳酿,1320,升级：收集者,0.477816,0.000221
1095,风语者的祝福,2004,信念者的强化,0.57438,0.000035
1311,溢流,2001,当心小蛋糕！,0.506018,0.000246
1208,轨道镭射,1334,升级：雪球,0.44692,0.000011
1088,终极刷新,2008,负重爆气,0.453314,0.000133
1088,终极刷新,1334,升级：雪球,0.457155,0.000126
1002,尖端发明家,1386,转得我眩晕了,0.408498,0.000003
1039,冰霜 幽灵,2016,注魔,0.453515,0.000008
1066,量子计算,1414,卡皮巴拉空投,0.447424,0.000015
1025,俯冲轰炸,1206,魔法转物理,0.520095,0.000284
1074,缩小射线,1112,终极不可阻挡,0.43348,0.000131
1076,天音爆,1325,玻璃大炮,0.431634,0.000015
1062,全能龙魂,1388,无限循环往复,0.519732,0.000058
1330,活力再生,2003,魄罗之王的弹跳,0.431967,0.000005
1116,闪现向前,1348,闪闪现现,0.469827,0.000039
1345,心灵净化,2009,狂热者,0.466798,0.000191
1075,慢炖,1077,灵魂虹吸,0.455007,0.000076
1129,神射法师,1424,???,0.450822,0.000018
1064,坚韧,1129,神射法师,0.458117,0.00021
1071,更万用的瞄准镜,1208,轨道镭射,0.460548,0.000045
1318,升级：中娅,1358,弹球,0.465566,0.000149
1029,虚幻武器,1038,有始有终,0.510467,0.000598
2002,虚空裂隙,2008,负重爆气,0.502057,0.00048
1007,大力,1088,终极刷新,0.464743,0.000125
2010,双发快射,2026,杀意翻涌,0.501967,0.000062
1015,死亡之环,1035,感受燃烧,0.484734,0.000049
1341,帽上加帽,1409,魄罗爆破手,0.496361,0.000399
1170,万用瞄准镜,1238,质变：棱彩阶,0.503996,0.001185
1085,折磨者,2016,注魔,0.454456,0.000008
1051,点亮他们！,1311,溢流,0.457839,0.000108
1386,转得我眩晕了,2002,虚空裂隙,0.439838,0.000002
1087,台风,1187,闪光弹,0.468076,0.000026
1068,循环往复,1314,强力护盾,0.480163,0.000194
1332,不祥契约,1414,卡皮巴拉空投,0.435765,0.000006
1077,灵魂虹吸,1098,急急小子,0.463483,0.000121
1022,灵巧,1068,循环往复,0.490382,0.000673
1170,万用瞄准镜,2026,杀意翻涌,0.485046,0.000081
1375,吞噬灵魂,1406,祖母的辣椒油,0.505851,0.000658
1107,接二连三,1316,刃下生风,0.444619,0.000105
1022,灵巧,1205,物理转魔法,0.465608,0.000245
1072,炽烈黎明,1356,暴击飞弹,0.463379,0.000019
1053,科学狂人,1356,暴击飞弹,0.526971,0.00004
1054,物法皆修,1313,作弊：我能回城！,0.449842,0.000221
1004,回归基本功,1075,慢炖,0.487809,0.000116
1025,俯冲轰炸,1361,任务：艾卡西亚的陷落,0.553667,0.000155
1057,山脉龙魂,1187,闪光弹,0.464998,0.000021
1225,双刀流,1409,魄罗爆破手,0.50508,0.000243
1047,关键暴击,1057,山脉龙魂,0.456627,0.000052
1390,超凡邪恶,1404,属性！,0.522939,0.000251
1034,防护面纱,2016,注魔,0.472102,0.000011
1103,面包和黄油,2026,杀意翻涌,0.457312,0.000095
1334,升级：雪球,1421,舞会女王,0.487616,0.00005
1027,大地苏醒,1180,超强大脑,0.476697,0.00003
1149,不动如山,1225,双刀流,0.460206,0.000035
1063,狂徒豪气,1064,坚韧,0.483232,0.000227
1044,冰寒,1066,量子计算,0.469191,0.000148
1115,最万用的瞄准镜,1349,终极唤醒,0.451117,0.000121
1133,魔法飞弹,1310,小丑学院,0.501514,0.000615
1346,吸血习性,2008,负重爆气,0.503315,0.001537
1084,穿针引线,1320,升级：收集者,0.4678,0.001664
1310,小丑学院,1418,砸开那颗蛋,0.481834,0.000004
1324,蛋白粉奶昔,1373,缩小引擎,0.497565,0.000132
1152,任务：钢化你心,1345,心灵净化,0.470482,0.001038
1115,最万用的瞄准镜,1388,无限循环往复,0.470192,0.000089
1097,巫师式思考,1405,速度恶魔,0.496211,0.000368
1027,大地苏醒,1324,蛋白粉奶昔,0.463674,0.000024
1041,歌利亚巨人,1058,秘术冲拳,0.482496,0.000396
1211,杀戮时间到了,1411,升级：荆棘之甲,0.489019,0.000022
1316,刃下生风,2009,狂热者,0.481348,0.000025
1047,关键暴击,1401,生机迸发,0.480507,0.000044
1037,急救用具,1397,地狱三头犬,0.465625,0.00003
1151,面包和奶酪,1341,帽上加帽,0.485487,0.000536
1337,尊我为王,1404,属性！,0.550719,0.000016
1156,任务：沃格勒特的巫师帽,1329,史上最大雪球,0.489977,0.000075
0,无符文,1105,家园卫士,0.62145,0.012948
1321,砍伤,1404,属性！,0.530559,0.000032
1326,夜狩,2018,纯粹主义者 - 术师,0.419432,0.000044
1015,死亡之环,1104,仆从大师,0.506839,0.000005
1066,量子计算,2005,扳机炼狱,0.470469,0.000024
1036,火上浇油,1409,魄罗爆破手,0.474184,0.000172
1134,亮出你的剑,1138,渴血,0.60345,0.001178
1026,唯快不破,1028,侵蚀,0.513534,0.000054
1414,卡皮巴拉空投,2008,负重爆气,0.444275,0.000055
1391,红包,1420,咏叹奏鸣,0.584874,0.000335
1061,回力OK镖,1195,巨人杀手,0.547345,0.000431
1098,急急小子,1133,魔法飞弹,0.513067,0.000647
1118,会心治疗,1310,小丑学院,0.512702,0.000565
1069,退敌力场,1205,物理转魔法,0.454646,0.00015
1056,由心及物,1420,咏叹奏鸣,0.559647,0.00031
1061,回力OK镖,1073,暗影疾奔,0.534683,0.000077
1141,全心为你,1402,属性叠属性叠属性！,0.490203,0.000009
1205,物理转魔法,2007,你肩上的恶魔,0.430344,0.000061
1052,闪电打击,1409,魄罗爆破手,0.483312,0.000205
1060,海洋龙魂,1340,升级：米凯尔的祝福,0.532776,0.000042
12317,潘朵拉的盒子,1338,升级：狂妄,0.5076,0.000002
1225,双刀流,1401,生机迸发,0.541188,0.000118
1108,自我毁灭,1386,转得我眩晕了,0.437574,0.000002
1340,升级：米凯尔的祝福,1391,红包,0.545315,0.00002
1039,冰霜 幽灵,1107,接二连三,0.436978,0.000071
1056,由心及物,1415,双生火焰,0.500114,0.00015
1080,会心防御,1344,最终形态,0.506329,0.000182
1331,至高天诺言,1375,吞噬灵魂,0.467077,0.000015
1113,老练狙神,1331,至高天诺言,0.454031,0.00003
1047,关键暴击,1415,双生火焰,0.471324,0.000186
1220,连拨击锤,1317,升级：弯刀,0.418344,0.000005
1029,虚幻武器,1080,会心防御,0.482165,0.000186
1053,科学狂人,1170,万用瞄准镜,0.510798,0.000184
1337,尊我为王,2016,注魔,0.506413,0.000012
1057,山脉龙魂,1315,快中求稳,0.483991,0.000061
1030,尤里卡,1250,一板一眼,0.448606,0.000041
1079,战争交响乐,1406,祖母的辣椒油,0.470213,0.000044
1322,罪恶快感,1388,无限循环往复,0.481855,0.000361
1061,回力OK镖,1388,无限循环往复,0.541712,0.000118
1054,物法皆修,1129,神射法师,0.46878,0.000631
1004,回归基本功,1058,秘术冲拳,0.496642,0.000185
1046,炼狱龙魂,1329,史上最大雪球,0.472261,0.000285
1002,尖端发明家,1028,侵蚀,0.481571,0.000283
1038,有始有终,1333,逃跑计划,0.554387,0.000721
1019,全凭身法,1087,台风,0.458525,0.000165
1028,侵蚀,1206,魔法转物理,0.485584,0.000117
1046,炼狱龙魂,1181,重量级打击手,0.498989,0.000363
1019,全凭身法,1022,灵巧,0.474347,0.000374
1071,更万用的瞄准镜,1243,质变：混沌,0.503604,0.000773
1220,连拨击锤,1353,坦克引擎,0.471634,0.000309
1085,折磨者,1206,魔法转物理,0.43378,0.000015
1036,火上浇油,1375,吞噬灵魂,0.460277,0.000098
1042,恶趣味,1112,终极不可阻挡,0.44624,0.000051
1149,不动如山,1413,和我一起困在这里,0.464439,0.000017
1036,火上浇油,2008,负重爆气,0.462811,0.000162
1375,吞噬灵魂,1405,速度恶魔,0.489364,0.000344
1025,俯冲轰炸,1402,属性叠属性叠属性！,0.536788,0.000045
1020,黎明使者的坚决,2002,虚空裂隙,0.482672,0.00003
1060,海洋龙魂,2001,当心小蛋糕！,0.51588,0.000143
1356,暴击飞弹,1373,缩小引擎,0.511411,0.000257
1026,唯快不破,1334,升级：雪球,0.513036,0.000077
1038,有始有终,1424,???,0.483662,0.000032
1181,重量级打击手,1397,地狱三头犬,0.48624,0.000105
1328,暴击律动,1331,至高天诺言,0.415044,0.000005
1339,激光治疗,2003,魄罗之王的弹跳,0.5,0
1064,坚韧,1333,逃跑计划,0.510539,0.000602
1023,魔鬼之舞,1420,咏叹奏鸣,0.518585,0.000079
1080,会心防御,1211,杀戮时间到了,0.482684,0.000184
1067,古式佳酿,1390,超凡邪恶,0.510478,0.001001
1379,未知符文_1379,1406,祖母的辣椒油,0.46728,0.000007
1062,全能龙魂,1118,会心治疗,0.493653,0.000198
1390,超凡邪恶,1402,属性叠属性叠属性！,0.509539,0.000203
1075,慢炖,2026,杀意翻涌,0.49029,0.00004
1344,最终形态,2010,双发快射,0.508975,0.000073
1004,回归基本功,1113,老练狙神,0.512222,0.000273
1335,夺金,2026,杀意翻涌,0.506996,0.000037
1327,坚若磐石,1413,和我一起困在这里,0.460919,0.000012
1180,超强大脑,1361,任务：艾卡西亚的陷落,0.476312,0.00001
1220,连拨击锤,2018,纯粹主义者 - 术师,0.385476,0.000027
1036,火上浇油,1358,弹球,0.435228,0.000042
1305,练腿日,1321,砍伤,0.490191,0.000176
1025,俯冲轰炸,1029,虚幻武器,0.493509,0.000426
1071,更万用的瞄准镜,1133,魔法飞弹,0.470066,0.000876
1318,升级：中娅,1400,最终都市列车,0.499561,0.000117
1067,古式佳酿,1069,退敌力场,0.449083,0.000114
1061,回力OK镖,1400,最终都市列车,0.541828,0.000222
1044,冰寒,2001,当心小蛋糕！,0.502582,0.000306
1198,圣火,1353,坦克引擎,0.472057,0.00068
1070,无休回复,1336,升级：无尽之刃,0.52475,0.000128
1061,回力OK镖,2016,注魔,0.490138,0.000019
1113,老练狙神,1194,精怪魔法,0.45804,0.00017
1063,狂徒豪气,1082,残暴之力,0.500901,0.000279
1067,古式佳酿,1338,升级：狂妄,0.516048,0.00058
1046,炼狱龙魂,1320,升级：收集者,0.469523,0.000911
1105,家园卫士,1318,升级：中娅,0.524243,0.000163
1085,折磨者,2004,信念者的强化,0.451658,0.000004
1108,自我毁灭,1335,夺金,0.473845,0.000069
1007,大力,1392,神圣雪球,0.467915,0.000044
1035,感受燃烧,1342,雪球扭蛋机,0.571429,0
1050,基石法师,1386,转得我眩晕了,0.426625,0.000001
1243,质变：混沌,1328,暴击律动,0.499588,0.000395
1345,心灵净化,1411,升级：荆棘之甲,0.503911,0.000069
1013,星界躯体,1018,巨像的勇气,0.464449,0.001068
1195,巨人杀手,2026,杀意翻涌,0.516392,0.000313
1074,缩小射线,1237,质变：黄金阶,0.465984,0.000273
1061,回力OK镖,2005,扳机炼狱,0.474763,0.000027
1064,坚韧,12317,潘朵拉的盒子,0.498032,0.000001
1067,古式佳酿,1324,蛋白粉奶昔,0.475505,0.000552
1150,面包和果酱,2008,负重爆气,0.465782,0.000256
1187,闪光弹,1338,升级：狂妄,0.487555,0.000228
1208,轨道镭射,1346,吸血习性,0.492216,0.000116
1022,灵巧,1414,卡皮巴拉空投,0.448058,0.000033
1027,大地苏醒,1113,老练狙神,0.412762,0.00001
1030,尤里卡,1075,慢炖,0.458542,0.000115
1060,海洋龙魂,1214,旋转至胜,0.524757,0.000052
1057,山脉龙魂,1082,残暴之力,0.464302,0.000065
1308,火狐,1322,罪恶快感,0.491992,0.000076
1053,科学狂人,1320,升级：收集者,0.51847,0.000236
1037,急救用具,1066,量子计算,0.477068,0.000105
1073,暗影疾奔,1152,任务：钢化你心,0.501356,0.000525
1086,精准奇才,1238,质变：棱彩阶,0.496768,0.000252
1339,激光治疗,1389,男爵之手,0.530746,0.000001
1073,暗影疾奔,1413,和我一起困在这里,0.478229,0.00002
1018,巨像的勇气,2005,扳机炼狱,0.458229,0.000006
1076,天音爆,1205,物理转魔法,0.467972,0.0001
1301,神圣干预,1373,缩小引擎,0.512116,0.000177
1118,会心治疗,1214,旋转至胜,0.495201,0.000196
1023,魔鬼之舞,1084,穿针引线,0.476595,0.000319
1103,面包和黄油,1418,砸开那颗蛋,0.476767,0.000005
1337,尊我为王,1344,最终形态,0.615298,0.000252
1113,老练狙神,1353,坦克引擎,0.484747,0.000372
1095,风语者的祝福,1321,砍伤,0.47608,0.00004
1237,质变：黄金阶,2004,信念者的强化,0.491107,0.000019
1068,循环往复,1346,吸血习性,0.536304,0.003249
1250,一板一眼,1335,夺金,0.477023,0.000096
1034,防护面纱,1405,速度恶魔,0.491085,0.000079
1061,回力OK镖,1250,一板一眼,0.477005,0.000124
1392,神圣雪球,1409,魄罗爆破手,0.457908,0.000097
1379,未知符文_1379,1424,???,0.431095,0
1329,史上最大雪球,1405,速度恶魔,0.489488,0.000224
1086,精准奇才,1316,刃下生风,0.441027,0.000042
1319,升级：献祭,1327,坚若磐石,0.484524,0.000279
1305,练腿日,1328,暴击律动,0.505908,0.000369
1053,科学狂人,1149,不动如山,0.491159,0.000156
1069,退敌力场,1104,仆从大师,0.481446,0.000013
1301,神圣干预,2010,双发快射,0.467893,0.000035
1060,海洋龙魂,1314,强力护盾,0.477533,0.000065
1037,急救用具,1084,穿针引线,0.456038,0.000174
1095,风语者的祝福,1361,任务：艾卡西亚的陷落,0.497468,0.000022
1053,科学狂人,2001,当心小蛋糕！,0.530824,0.000041
1316,刃下生风,1356,暴击飞弹,0.492787,0.00002
1118,会心治疗,1170,万用瞄准镜,0.483751,0.000524
1086,精准奇才,1314,强力护盾,0.453268,0.000007
1020,黎明使者的坚决,1424,???,0.450477,0.000006
1104,仆从大师,1390,超凡邪恶,0.528002,0.000136
1081,踢踏舞,1149,不动如山,0.447049,0.00007
1026,唯快不破,1086,精准奇才,0.481897,0.000032
1324,蛋白粉奶昔,1339,激光治疗,0.464458,0.000039
1332,不祥契约,1375,吞噬灵魂,0.456738,0.000101
1044,冰寒,2008,负重爆气,0.495247,0.000584
1047,关键暴击,1138,渴血,0.506594,0.001043
1097,巫师式思考,1424,???,0.459898,0.000033
1060,海洋龙魂,1397,地狱三头犬,0.467614,0.000079
1205,物理转魔法,2006,飞身踢,0.470239,0.000255
1405,速度恶魔,2002,虚空裂隙,0.513649,0.000323
1314,强力护盾,1413,和我一起困在这里,0.451396,0.00001
1067,古式佳酿,2005,扳机炼狱,0.482426,0.000082
1070,无休回复,1406,祖母的辣椒油,0.538351,0.000172
1082,残暴之力,1243,质变：混沌,0.484835,0.000383
1056,由心及物,1214,旋转至胜,0.544053,0.000032
1071,更万用的瞄准镜,1194,精怪魔法,0.455855,0.000157
1181,重量级打击手,1391,红包,0.554062,0.000379
1107,接二连三,1324,蛋白粉奶昔,0.436786,0.000056
1038,有始有终,1214,旋转至胜,0.536771,0.000107
1086,精准奇才,1338,升级：狂妄,0.453978,0.000135
1011,你摸不到,1323,残忍,0.45933,0.000043
1392,神圣雪球,2009,狂热者,0.451806,0.000041
1006,利刃华尔兹,1206,魔法转物理,0.475731,0.000379
1061,回力OK镖,1386,转得我眩晕了,0.461199,0.000001
1069,退敌力场,1250,一板一眼,0.420931,0.000068
1314,强力护盾,1334,升级：雪球,0.459883,0.000102
1057,山脉龙魂,2009,狂热者,0.472923,0.000014
1313,作弊：我能回城！,1338,升级：狂妄,0.488064,0.000626
1081,踢踏舞,1198,圣火,0.453759,0.000037
1047,关键暴击,1316,刃下生风,0.468499,0.000156
1305,练腿日,1314,强力护盾,0.470467,0.000059
1027,大地苏醒,1208,轨道镭射,0.456146,0.000029
1195,巨人杀手,1326,夜狩,0.4997,0.001416
1035,感受燃烧,1108,自我毁灭,0.49864,0.000098
1327,坚若磐石,1403,属性叠属性！,0.49462,0.000033
1032,裁决使,1181,重量级打击手,0.492564,0.001162
1037,急救用具,1098,急急小子,0.477434,0.000082
1333,逃跑计划,1413,和我一起困在这里,0.509227,0.00002
1133,魔法飞弹,1314,强力护盾,0.460649,0.000145
1195,巨人杀手,1388,无限循环往复,0.541763,0.000474
1080,会心防御,1321,砍伤,0.498331,0.000102
1345,心灵净化,1391,红包,0.525631,0.000463
1301,神圣干预,2005,扳机炼狱,0.451714,0.00004
1020,黎明使者的坚决,2018,纯粹主义者 - 术师,0.450294,0.000013
1002,尖端发明家,1401,生机迸发,0.47792,0.000134
1107,接二连三,1152,任务：钢化你心,0.463086,0.000402
1070,无休回复,1211,杀戮时间到了,0.502579,0.000277
1036,火上浇油,1053,科学狂人,0.500977,0.000132
1029,虚幻武器,1308,火狐,0.511276,0.000152
1320,升级：收集者,2018,纯粹主义者 - 术师,0.431988,0.000074
1206,魔法转物理,2002,虚空裂隙,0.429492,0.000036
1319,升级：献祭,1418,砸开那颗蛋,0.4733,0.000003
1391,红包,1424,???,0.499143,0.00004
1081,踢踏舞,1156,任务：沃格勒特的巫师帽,0.464048,0.00003
1322,罪恶快感,1411,升级：荆棘之甲,0.511741,0.000033
1036,火上浇油,1105,家园卫士,0.510375,0.000201
1039,冰霜 幽灵,1086,精准奇才,0.447766,0.000021
1344,最终形态,2008,负重爆气,0.49326,0.000289
1081,踢踏舞,1337,尊我为王,0.562726,0.000189
1353,坦克引擎,1411,升级：荆棘之甲,0.550103,0.000815
1092,易损,1335,夺金,0.49202,0.000114
1082,残暴之力,1386,转得我眩晕了,0.418165,0.000001
1068,循环往复,1080,会心防御,0.498816,0.000222
1066,量子计算,1401,生机迸发,0.486891,0.000064
1086,精准奇才,1342,雪球扭蛋机,0.459232,0.000034
1133,魔法飞弹,1187,闪光弹,0.461201,0.000076
1301,神圣干预,1424,???,0.476591,0.000016
1220,连拨击锤,1341,帽上加帽,0.445954,0.000073
1027,大地苏醒,1071,更万用的瞄准镜,0.472197,0.000111
1047,关键暴击,1315,快中求稳,0.515316,0.000187
1211,杀戮时间到了,1331,至高天诺言,0.448477,0.000023
1057,山脉龙魂,1420,咏叹奏鸣,0.503032,0.000073
1053,科学狂人,1208,轨道镭射,0.496384,0.000066
1022,灵巧,1409,魄罗爆破手,0.488723,0.000278
1072,炽烈黎明,1400,最终都市列车,0.498479,0.000039
1330,活力再生,1333,逃跑计划,0.518913,0.000059
1134,亮出你的剑,1397,地狱三头犬,0.544185,0.000123
1047,关键暴击,1129,神射法师,0.45076,0.000216
1329,史上最大雪球,1336,升级：无尽之刃,0.46915,0.000109
1026,唯快不破,1340,升级：米凯尔的祝福,0.484284,0.000003
1063,狂徒豪气,2008,负重爆气,0.501394,0.000161
1084,穿针引线,1421,舞会女王,0.481617,0.000058
1081,踢踏舞,1349,终极唤醒,0.447671,0.000109
1095,风语者的祝福,1400,最终都市列车,0.479158,0.000034
1023,魔鬼之舞,1035,感受燃烧,0.506625,0.000059
1243,质变：混沌,2026,杀意翻涌,0.518061,0.000039
1019,全凭身法,1345,心灵净化,0.460917,0.000479
1051,点亮他们！,1327,坚若磐石,0.436492,0.000017
1386,转得我眩晕了,1406,祖母的辣椒油,0.477557,0.000004
1080,会心防御,1141,全心为你,0.467104,0.000026
1336,升级：无尽之刃,1409,魄罗爆破手,0.489509,0.000218
1037,急救用具,2016,注魔,0.472047,0.000015
1007,大力,1327,坚若磐石,0.459423,0.000018
1335,夺金,1375,吞噬灵魂,0.479924,0.000069
1034,防护面纱,1316,刃下生风,0.483478,0.000054
1056,由心及物,1134,亮出你的剑,0.572764,0.000066
1019,全凭身法,1075,慢炖,0.480852,0.00009
1039,冰霜 幽灵,1316,刃下生风,0.465118,0.000024
1069,退敌力场,1330,活力再生,0.433208,0.000017
1034,防护面纱,1342,雪球扭蛋机,0.481592,0.000091
1013,星界躯体,1080,会心防御,0.470023,0.000172
1391,红包,1996,升级：耀光,0.54918,0.000199
1013,星界躯体,1313,作弊：我能回城！,0.484908,0.001094
1061,回力OK镖,1333,逃跑计划,0.547214,0.000134
1068,循环往复,1397,地狱三头犬,0.463073,0.000155
1138,渴血,1330,活力再生,0.487494,0.000199
1194,精怪魔法,1411,升级：荆棘之甲,0.48299,0.00001
1032,裁决使,1346,吸血习性,0.522635,0.01019
1087,台风,1345,心灵净化,0.453669,0.000422
1220,连拨击锤,1389,男爵之手,0.487945,0.000008
1057,山脉龙魂,2006,飞身踢,0.475608,0.000159
1411,升级：荆棘之甲,2006,飞身踢,0.530862,0.000352
1401,生机迸发,2003,魄罗之王的弹跳,0.806452,0
1315,快中求稳,1384,捐赠,0.561377,0.000194
1009,霸符兄弟,1047,关键暴击,0.493389,0.000164
1026,唯快不破,1136,扇巴掌,0.517874,0.000081
1070,无休回复,1321,砍伤,0.490625,0.000129
1069,退敌力场,1087,台风,0.449294,0.000079
1077,灵魂虹吸,1329,史上最大雪球,0.46704,0.000095
1107,接二连三,2024,由暴生急,0.440221,0.000093
1113,老练狙神,1238,质变：棱彩阶,0.489563,0.001363
1063,狂徒豪气,1397,地狱三头犬,0.498771,0.000098
1064,坚韧,1092,易损,0.473146,0.000215
1206,魔法转物理,1996,升级：耀光,0.505447,0.00045
1070,无休回复,1205,物理转魔法,0.505901,0.000315
1026,唯快不破,1050,基石法师,0.506238,0.000065
1046,炼狱龙魂,1349,终极唤醒,0.463793,0.00029
1345,心灵净化,1358,弹球,0.447594,0.00016
1053,科学狂人,2009,狂热者,0.523795,0.000059
1066,量子计算,1424,???,0.469273,0.000005
1046,炼狱龙魂,1243,质变：混沌,0.482425,0.000585
1115,最万用的瞄准镜,1400,最终都市列车,0.501537,0.000097
1400,最终都市列车,1402,属性叠属性叠属性！,0.543876,0.000054
1035,感受燃烧,1036,火上浇油,0.46493,0.000087
1062,全能龙魂,1072,炽烈黎明,0.496204,0.000048
1019,全凭身法,2007,你肩上的恶魔,0.440756,0.000016
1023,魔鬼之舞,1347,吵闹鬼,0.464669,0.000029
1361,任务：艾卡西亚的陷落,2001,当心小蛋糕！,0.53136,0.000047
1066,量子计算,1314,强力护盾,0.464686,0.000088
1105,家园卫士,1349,终极唤醒,0.496233,0.000125
1341,帽上加帽,1405,速度恶魔,0.496049,0.000221
1071,更万用的瞄准镜,1418,砸开那颗蛋,0.434719,0.000001
1034,防护面纱,2010,双发快射,0.49903,0.000038
1084,穿针引线,1316,刃下生风,0.48093,0.00095
1034,防护面纱,1187,闪光弹,0.472752,0.000029
1149,不动如山,1421,舞会女王,0.485337,0.000069
1237,质变：黄金阶,1250,一板一眼,0.489833,0.000398
1080,会心防御,1347,吵闹鬼,0.476354,0.000023
1348,闪闪现现,1349,终极唤醒,0.440109,0.000026
1358,弹球,1384,捐赠,0.483043,0.000151
1149,不动如山,1403,属性叠属性！,0.497938,0.000047
1042,恶趣味,1404,属性！,0.508257,0.000021
1098,急急小子,1206,魔法转物理,0.476395,0.000126
1134,亮出你的剑,1345,心灵净化,0.554153,0.000232
1018,巨像的勇气,1404,属性！,0.49672,0.000023
1002,尖端发明家,1037,急救用具,0.464625,0.000403
1154,任务：海牛阿福的勇士,2008,负重爆气,0.477074,0.000068
1082,残暴之力,1373,缩小引擎,0.482719,0.000323
1320,升级：收集者,1341,帽上加帽,0.463822,0.000037
1022,灵巧,1375,吞噬灵魂,0.48058,0.000125
1027,大地苏醒,1349,终极唤醒,0.477291,0.000055
1002,尖端发明家,1170,万用瞄准镜,0.448513,0.000282
1333,逃跑计划,2001,当心小蛋糕！,0.542564,0.00019
1358,弹球,1416,海克斯科技龙魂,0.463637,0.000077
1067,古式佳酿,1411,升级：荆棘之甲,0.519176,0.000114
1339,激光治疗,2009,狂热者,0.43993,0.000005
1206,魔法转物理,1397,地狱三头犬,0.478419,0.000264
1025,俯冲轰炸,1318,升级：中娅,0.485908,0.000171
1115,最万用的瞄准镜,2018,纯粹主义者 - 术师,0.390596,0.000027
1338,升级：狂妄,2018,纯粹主义者 - 术师,0.455785,0.000113
1037,急救用具,1063,狂徒豪气,0.49456,0.000101
1118,会心治疗,2026,杀意翻涌,0.48285,0.000123
1416,海克斯科技龙魂,2002,虚空裂隙,0.504317,0.000121
1032,裁决使,1046,炼狱龙魂,0.475044,0.003174
1064,坚韧,1308,火狐,0.495363,0.000148
1002,尖端发明家,1415,双生火焰,0.444735,0.000127
1116,闪现向前,1389,男爵之手,0.515207,0.000005
1170,万用瞄准镜,1349,终极唤醒,0.447035,0.000147
1098,急急小子,1353,坦克引擎,0.475495,0.000437
1225,双刀流,1314,强力护盾,0.483378,0.000042
1327,坚若磐石,1421,舞会女王,0.480698,0.000046
1042,恶趣味,2018,纯粹主义者 - 术师,0.456993,0.000013
1050,基石法师,2008,负重爆气,0.485341,0.000272
1416,海克斯科技龙魂,1421,舞会女王,0.487698,0.000015
1129,神射法师,1154,任务：海牛阿福的勇士,0.494301,0.000113
1015,死亡之环,1038,有始有终,0.9,0
1034,防护面纱,1095,风语者的祝福,0.486701,0.000036
1039,冰霜 幽灵,12317,潘朵拉的盒子,0.509944,0.000001
1052,闪电打击,1327,坚若磐石,0.431917,0.000029
1149,不动如山,1170,万用瞄准镜,0.448126,0.000071
1195,巨人杀手,1340,升级：米凯尔的祝福,0.532086,0.000023
1002,尖端发明家,1107,接二连三,0.439726,0.000243
1116,闪现向前,1181,重量级打击手,0.482837,0.00006
1028,侵蚀,1345,心灵净化,0.49025,0.000439
1025,俯冲轰炸,2008,负重爆气,0.500371,0.000205
1330,活力再生,2002,虚空裂隙,0.44228,0.000006
1029,虚幻武器,1154,任务：海牛阿福的勇士,0.484998,0.000102
1311,溢流,1421,舞会女王,0.492756,0.000032
1331,至高天诺言,1415,双生火焰,0.453515,0.000009
1002,尖端发明家,1314,强力护盾,0.455369,0.000186
1149,不动如山,1327,坚若磐石,0.458881,0.000448
1047,关键暴击,1152,任务：钢化你心,0.466538,0.00025
1028,侵蚀,1056,由心及物,0.510059,0.000189
1034,防护面纱,1103,面包和黄油,0.479776,0.000257
1152,任务：钢化你心,1356,暴击飞弹,0.443064,0.000026
1107,接二连三,1325,玻璃大炮,0.431294,0.000117
1238,质变：棱彩阶,1318,升级：中娅,0.497999,0.00064
1098,急急小子,2002,虚空裂隙,0.496668,0.000059
1098,急急小子,1194,精怪魔法,0.460706,0.000055
1301,神圣干预,1341,帽上加帽,0.465366,0.000161
1072,炽烈黎明,1421,舞会女王,0.491296,0.000008
1046,炼狱龙魂,1400,最终都市列车,0.526074,0.000246
1326,夜狩,1405,速度恶魔,0.447978,0.000243
1314,强力护盾,1337,尊我为王,0.485748,0.000035
1115,最万用的瞄准镜,1340,升级：米凯尔的祝福,0.452131,0.000008
1348,闪闪现现,2007,你肩上的恶魔,0.459459,0
1054,物法皆修,1402,属性叠属性叠属性！,0.474935,0.000014
1311,溢流,1420,咏叹奏鸣,0.545966,0.000351
1316,刃下生风,1424,???,0.448143,0.000006
1205,物理转魔法,2003,魄罗之王的弹跳,0.464106,0.000053
1048,珠光护手,1237,质变：黄金阶,0.491199,0.001146
1315,快中求稳,2009,狂热者,0.514462,0.000042
1103,面包和黄油,1413,和我一起困在这里,0.454342,0.000018
1050,基石法师,1339,激光治疗,0.476715,0.000051
1238,质变：棱彩阶,1400,最终都市列车,0.547434,0.00036
1052,闪电打击,1404,属性！,0.546809,0.000082
1071,更万用的瞄准镜,1406,祖母的辣椒油,0.481764,0.000126
1060,海洋龙魂,1208,轨道镭射,0.478858,0.000039
1344,最终形态,2006,飞身踢,0.487942,0.000154
1025,俯冲轰炸,1205,物理转魔法,0.485334,0.000455
1211,杀戮时间到了,1424,???,0.444034,0.000023
1011,你摸不到,1023,魔鬼之舞,0.455826,0.000061
1018,巨像的勇气,1326,夜狩,0.437804,0.000033
1058,秘术冲拳,1361,任务：艾卡西亚的陷落,0.511568,0.000025
1011,你摸不到,2001,当心小蛋糕！,0.48347,0.000018
1046,炼狱龙魂,1342,雪球扭蛋机,0.474326,0.000272
1054,物法皆修,1088,终极刷新,0.43635,0.000044
1050,基石法师,1996,升级：耀光,0.492965,0.000044
1151,面包和奶酪,1335,夺金,0.48582,0.000093
1118,会心治疗,1414,卡皮巴拉空投,0.42707,0.000042
1025,俯冲轰炸,1237,质变：黄金阶,0.50634,0.000301
1080,会心防御,1388,无限循环往复,0.48718,0.000085
1035,感受燃烧,1344,最终形态,0.514401,0.000091
1243,质变：混沌,1403,属性叠属性！,0.592256,0.000372
1180,超强大脑,1237,质变：黄金阶,0.504659,0.000202
1070,无休回复,2009,狂热者,0.495627,0.000048
1076,天音爆,1345,心灵净化,0.482248,0.000186
1044,冰寒,1134,亮出你的剑,0.501185,0.00004
1349,终极唤醒,1401,生机迸发,0.467941,0.000041
1133,魔法飞弹,1333,逃跑计划,0.538697,0.001014
1006,利刃华尔兹,1328,暴击律动,0.441762,0.000139
1060,海洋龙魂,1149,不动如山,0.485947,0.000227
1077,灵魂虹吸,1315,快中求稳,0.530014,0.000268
1032,裁决使,1187,闪光弹,0.481129,0.000563
1389,男爵之手,2009,狂热者,0.529627,0.000014
1071,更万用的瞄准镜,1389,男爵之手,0.53769,0.000028
1113,老练狙神,1314,强力护盾,0.460246,0.000026
1015,死亡之环,1400,最终都市列车,0.495514,0.000058
1095,风语者的祝福,1310,小丑学院,0.491977,0.000034
1004,回归基本功,1373,缩小引擎,0.532812,0.000199
1039,冰霜 幽灵,1151,面包和奶酪,0.459236,0.000162
1084,穿针引线,1315,快中求稳,0.505751,0.000534
1039,冰霜 幽灵,1397,地狱三头犬,0.444331,0.000034
1064,坚韧,1071,更万用的瞄准镜,0.472339,0.000447
1325,玻璃大炮,1327,坚若磐石,0.414407,0.000024
1082,残暴之力,1375,吞噬灵魂,0.46927,0.000097
1048,珠光护手,1064,坚韧,0.457071,0.000401
1316,刃下生风,1415,双生火焰,0.471367,0.000019
1052,闪电打击,1397,地狱三头犬,0.487236,0.000583
1013,星界躯体,1340,升级：米凯尔的祝福,0.501342,0.000088
1067,古式佳酿,1112,终极不可阻挡,0.464004,0.000185
1046,炼狱龙魂,1337,尊我为王,0.492323,0.000158
1079,战争交响乐,1339,激光治疗,0.416022,0.000005
1095,风语者的祝福,1379,未知符文_1379,0.541352,0.000003
1107,接二连三,1421,舞会女王,0.468581,0.000015
1195,巨人杀手,1198,圣火,0.500039,0.000122
1007,大力,1320,升级：收集者,0.510899,0.000717
1035,感受燃烧,2006,飞身踢,0.482131,0.000032
1009,霸符兄弟,1406,祖母的辣椒油,0.577808,0.000333
1107,接二连三,1392,神圣雪球,0.422544,0.000025
1170,万用瞄准镜,1329,史上最大雪球,0.452381,0.000128
1206,魔法转物理,1345,心灵净化,0.46776,0.000547
1195,巨人杀手,1237,质变：黄金阶,0.538347,0.001071
1315,快中求稳,2010,双发快射,0.548038,0.000069
1181,重量级打击手,1409,魄罗爆破手,0.488945,0.000195
0,无符文,1104,仆从大师,0.622295,0.002508
1068,循环往复,1305,练腿日,0.509817,0.000521
1060,海洋龙魂,1326,夜狩,0.472303,0.00016
1400,最终都市列车,1415,双生火焰,0.49837,0.0001
1092,易损,1361,任务：艾卡西亚的陷落,0.518411,0.000049
1133,魔法飞弹,2004,信念者的强化,0.470984,0.000054
1194,精怪魔法,1318,升级：中娅,0.460902,0.000148
1334,升级：雪球,1400,最终都市列车,0.495506,0.0002
1103,面包和黄油,1333,逃跑计划,0.52352,0.000536
1067,古式佳酿,1214,旋转至胜,0.544114,0.000175
1335,夺金,1406,祖母的辣椒油,0.540893,0.000134
1019,全凭身法,1326,夜狩,0.45422,0.000977
1050,基石法师,1405,速度恶魔,0.495517,0.000179
1018,巨像的勇气,1073,暗影疾奔,0.481723,0.000063
1042,恶趣味,1045,炼狱导管,0.48721,0.000232
1069,退敌力场,1397,地狱三头犬,0.43302,0.000045
1037,急救用具,2009,狂热者,0.487987,0.000038
1154,任务：海牛阿福的勇士,1421,舞会女王,0.494757,0.000005
1073,暗影疾奔,1400,最终都市列车,0.566049,0.000259
1388,无限循环往复,2008,负重爆气,0.495472,0.000733
1039,冰霜 幽灵,1301,神圣干预,0.503519,0.000993
1104,仆从大师,1225,双刀流,0.442842,0.00001
1134,亮出你的剑,1335,夺金,0.579274,0.00003
1151,面包和奶酪,1400,最终都市列车,0.498257,0.000133
1035,感受燃烧,1421,舞会女王,0.527711,0.00001
1319,升级：献祭,1391,红包,0.532599,0.001854
1039,冰霜 幽灵,2018,纯粹主义者 - 术师,0.471316,0.00002
1052,闪电打击,1134,亮出你的剑,0.544753,0.000612
1133,魔法飞弹,1313,作弊：我能回城！,0.50962,0.001632
1036,火上浇油,1103,面包和黄油,0.460392,0.000338
1053,科学狂人,1095,风语者的祝福,0.505865,0.000048
1181,重量级打击手,1418,砸开那颗蛋,0.470136,0.000003
1104,仆从大师,1250,一板一眼,0.445767,0.000012
0,无符文,1112,终极不可阻挡,0.539163,0.009423
12317,潘朵拉的盒子,1305,练腿日,0.508682,0.000001
1069,退敌力场,1238,质变：棱彩阶,0.470953,0.000255
1018,巨像的勇气,1373,缩小引擎,0.523385,0.000138
1061,回力OK镖,1327,坚若磐石,0.476126,0.000055
2005,扳机炼狱,2010,双发快射,0.446703,0.00004
1035,感受燃烧,1082,残暴之力,0.476996,0.000071
2001,当心小蛋糕！,2010,双发快射,0.516072,0.000093
1074,缩小射线,1336,升级：无尽之刃,0.484111,0.000599
1026,唯快不破,1305,练腿日,0.52307,0.000158
1020,黎明使者的坚决,1154,任务：海牛阿福的勇士,0.47442,0.000048
1075,慢炖,1391,红包,0.540296,0.000263
1054,物法皆修,1205,物理转魔法,0.435194,0.00045
1134,亮出你的剑,1237,质变：黄金阶,0.593111,0.000229
1035,感受燃烧,1092,易损,0.483147,0.000101
1029,虚幻武器,1113,老练狙神,0.460955,0.000515
1205,物理转魔法,1320,升级：收集者,0.428156,0.000122
1068,循环往复,2009,狂热者,0.485888,0.000209
1042,恶趣味,1333,逃跑计划,0.511523,0.000161
1356,暴击飞弹,1416,海克斯科技龙魂,0.486115,0.000056
1107,接二连三,1414,卡皮巴拉空投,0.42456,0.00002
1206,魔法转物理,2018,纯粹主义者 - 术师,0.46263,0.000053
1198,圣火,2001,当心小蛋糕！,0.466017,0.000038
1086,精准奇才,1180,超强大脑,0.495668,0.000092
1035,感受燃烧,1080,会心防御,0.486923,0.000044
1074,缩小射线,1332,不祥契约,0.447958,0.000068
1018,巨像的勇气,1030,尤里卡,0.47203,0.00008
1058,秘术冲拳,1313,作弊：我能回城！,0.457276,0.000407
1326,夜狩,1327,坚若磐石,0.425417,0.000036
1150,面包和果酱,1308,火狐,0.495533,0.000103
1204,叠角龙,1346,吸血习性,0.559373,0.000117
1074,缩小射线,1411,升级：荆棘之甲,0.486692,0.000018
1250,一板一眼,1332,不祥契约,0.417461,0.000033
1250,一板一眼,1315,快中求稳,0.505517,0.00025
1004,回归基本功,1243,质变：混沌,0.527459,0.000223
1105,家园卫士,1332,不祥契约,0.510887,0.000113
1028,侵蚀,1316,刃下生风,0.463724,0.000047
1334,升级：雪球,1390,超凡邪恶,0.493709,0.000538
1009,霸符兄弟,2001,当心小蛋糕！,0.518948,0.000131
1180,超强大脑,1413,和我一起困在这里,0.475912,0.000007
1046,炼狱龙魂,1375,吞噬灵魂,0.470801,0.000143
1051,点亮他们！,2016,注魔,0.458903,0.000023
1061,回力OK镖,2003,魄罗之王的弹跳,0.503911,0.000028
1336,升级：无尽之刃,1344,最终形态,0.503101,0.000367
1060,海洋龙魂,1170,万用瞄准镜,0.485383,0.000165
1070,无休回复,1086,精准奇才,0.491074,0.000046
1048,珠光护手,2005,扳机炼狱,0.455827,0.000106
1009,霸符兄弟,1321,砍伤,0.511627,0.000088
1071,更万用的瞄准镜,1411,升级：荆棘之甲,0.510291,0.000037
1095,风语者的祝福,1097,巫师式思考,0.507264,0.000108
1019,全凭身法,1340,升级：米凯尔的祝福,0.467657,0.000002
1004,回归基本功,1225,双刀流,0.515514,0.000222
1028,侵蚀,1397,地狱三头犬,0.465205,0.00007
1330,活力再生,1340,升级：米凯尔的祝福,0.451623,0.000002
1237,质变：黄金阶,1358,弹球,0.488872,0.000146
1023,魔鬼之舞,1308,火狐,0.501546,0.000027
1401,生机迸发,2001,当心小蛋糕！,0.491754,0.000081
1052,闪电打击,1156,任务：沃格勒特的巫师帽,0.469822,0.000055
1048,珠光护手,1098,急急小子,0.478183,0.000444
1118,会心治疗,1204,叠角龙,0.489341,0.000041
1301,神圣干预,2001,当心小蛋糕！,0.489966,0.00007
1206,魔法转物理,1401,生机迸发,0.498334,0.000068
1037,急救用具,1390,超凡邪恶,0.481759,0.000366
1092,易损,1327,坚若磐石,0.446882,0.000065
1022,灵巧,1060,海洋龙魂,0.50649,0.00026
1051,点亮他们！,1336,升级：无尽之刃,0.516857,0.000461
1013,星界躯体,1020,黎明使者的坚决,0.484195,0.00076
1082,残暴之力,1335,夺金,0.479835,0.000107
1026,唯快不破,1073,暗影疾奔,0.556798,0.000254
1333,逃跑计划,2024,由暴生急,0.514435,0.000045
1037,急救用具,1392,神圣雪球,0.436506,0.000028
1042,恶趣味,1129,神射法师,0.449791,0.000082
1319,升级：献祭,2001,当心小蛋糕！,0.489335,0.001149
1035,感受燃烧,1045,炼狱导管,0.490536,0.000168
1097,巫师式思考,1326,夜狩,0.457432,0.00025
1027,大地苏醒,1035,感受燃烧,0.484491,0.000041
1136,扇巴掌,1149,不动如山,0.474945,0.000771
1068,循环往复,1358,弹球,0.463814,0.000142
1095,风语者的祝福,1335,夺金,0.484435,0.00001
1046,炼狱龙魂,1326,夜狩,0.451631,0.000802
12317,潘朵拉的盒子,1405,速度恶魔,0.500439,0.000002
1007,大力,1149,不动如山,0.471367,0.000039
1018,巨像的勇气,1053,科学狂人,0.495182,0.000103
1054,物法皆修,1204,叠角龙,0.483239,0.000013
1353,坦克引擎,1401,生机迸发,0.509101,0.000514
1058,秘术冲拳,1060,海洋龙魂,0.477693,0.000255
1250,一板一眼,2001,当心小蛋糕！,0.480931,0.000153
1066,量子计算,1104,仆从大师,0.468245,0.000016
1384,捐赠,1404,属性！,0.56692,0.000126
1250,一板一眼,1301,神圣干预,0.450244,0.000141
1044,冰寒,1414,卡皮巴拉空投,0.456009,0.00005
1060,海洋龙魂,1156,任务：沃格勒特的巫师帽,0.525227,0.000375
1206,魔法转物理,1328,暴击律动,0.508487,0.000731
1019,全凭身法,1317,升级：弯刀,0.408761,0.000017
1085,折磨者,1389,男爵之手,0.498092,0.000004
1046,炼狱龙魂,1066,量子计算,0.475464,0.000259
1320,升级：收集者,1345,心灵净化,0.456846,0.000818
1025,俯冲轰炸,1386,转得我眩晕了,0.461093,0.000002
1023,魔鬼之舞,1344,最终形态,0.496545,0.000434
1328,暴击律动,1342,雪球扭蛋机,0.460819,0.000052
1098,急急小子,1225,双刀流,0.489973,0.000133
1348,闪闪现现,1397,地狱三头犬,0.42256,0.000014
1036,火上浇油,1330,活力再生,0.456985,0.000131
1108,自我毁灭,1322,罪恶快感,0.46633,0.000342
1034,防护面纱,1420,咏叹奏鸣,0.534616,0.000068
1116,闪现向前,1416,海克斯科技龙魂,0.470543,0.000019
1075,慢炖,1080,会心防御,0.494108,0.000113
1007,大力,1072,炽烈黎明,0.466484,0.000028
1035,感受燃烧,1064,坚韧,0.492787,0.0002
1037,急救用具,1075,慢炖,0.491309,0.000334
1011,你摸不到,1077,灵魂虹吸,0.46471,0.000127
1028,侵蚀,1348,闪闪现现,0.461598,0.000017
1338,升级：狂妄,1361,任务：艾卡西亚的陷落,0.492568,0.000058
1150,面包和果酱,1386,转得我眩晕了,0.415319,0.000001
1116,闪现向前,1154,任务：海牛阿福的勇士,0.469561,0.000017
1030,尤里卡,1077,灵魂虹吸,0.474493,0.000182
1082,残暴之力,1397,地狱三头犬,0.456735,0.000232
1070,无休回复,1149,不动如山,0.476341,0.000196
1322,罪恶快感,1415,双生火焰,0.463071,0.000163
1068,循环往复,1206,魔法转物理,0.495433,0.000516
1037,急救用具,1386,转得我眩晕了,0.428153,0.000001
1030,尤里卡,1064,坚韧,0.481522,0.000346
1129,神射法师,2004,信念者的强化,0.449311,0.000008
1009,霸符兄弟,1418,砸开那颗蛋,0.520049,0.000002
1035,感受燃烧,1316,刃下生风,0.487843,0.000032
1315,快中求稳,1379,未知符文_1379,0.404369,0.000001
1384,捐赠,2007,你肩上的恶魔,0.475628,0.000065
1211,杀戮时间到了,1418,砸开那颗蛋,0.47256,0.000004
1077,灵魂虹吸,1358,弹球,0.454344,0.000046
1356,暴击飞弹,2024,由暴生急,0.48109,0.000101
1015,死亡之环,1056,由心及物,0.490164,0.000323
1030,尤里卡,1996,升级：耀光,0.525765,0.000162
1075,慢炖,1332,不祥契约,0.464338,0.000087
1004,回归基本功,1035,感受燃烧,0.495304,0.000077
1401,生机迸发,2008,负重爆气,0.479868,0.000145
1009,霸符兄弟,1054,物法皆修,0.473868,0.000132
1054,物法皆修,1335,夺金,0.453962,0.000028
1011,你摸不到,1061,回力OK镖,0.466442,0.000033
1138,渴血,1195,巨人杀手,0.548951,0.003559
1052,闪电打击,1079,战争交响乐,0.506688,0.001344
1025,俯冲轰炸,1238,质变：棱彩阶,0.514155,0.000961
1045,炼狱导管,1327,坚若磐石,0.47123,0.000236
1026,唯快不破,1418,砸开那颗蛋,0.465318,0
1151,面包和奶酪,1322,罪恶快感,0.467799,0.000446
1007,大力,1389,男爵之手,0.554512,0.000012
12317,潘朵拉的盒子,1414,卡皮巴拉空投,0.452297,0
1324,蛋白粉奶昔,1358,弹球,0.430017,0.000035
1082,残暴之力,1085,折磨者,0.437107,0.000022
1151,面包和奶酪,1405,速度恶魔,0.483903,0.000235
1324,蛋白粉奶昔,1375,吞噬灵魂,0.453799,0.000285
1028,侵蚀,1054,物法皆修,0.465564,0.000112
1013,星界躯体,12317,潘朵拉的盒子,0.49992,0.000002
1095,风语者的祝福,2009,狂热者,0.492817,0.000013
1085,折磨者,1187,闪光弹,0.454159,0.000009
1056,由心及物,1340,升级：米凯尔的祝福,0.526753,0.00009
1047,关键暴击,1204,叠角龙,0.524792,0.000026
1019,全凭身法,2004,信念者的强化,0.446598,0.000001
1062,全能龙魂,1424,???,0.473964,0.000003
1066,量子计算,1308,火狐,0.558692,0.000376
1036,火上浇油,1048,珠光护手,0.459756,0.000545
1208,轨道镭射,1342,雪球扭蛋机,0.437457,0.000013
1308,火狐,1386,转得我眩晕了,0.463906,0.000002
1156,任务：沃格勒特的巫师帽,1373,缩小引擎,0.523287,0.000481
1004,回归基本功,1321,砍伤,0.498257,0.000064
1141,全心为你,1373,缩小引擎,0.525397,0.000094
0,无符文,2004,信念者的强化,0.630131,0.001136
1097,巫师式思考,1401,生机迸发,0.477789,0.000078
1118,会心治疗,1134,亮出你的剑,0.612112,0.000408
1088,终极刷新,1097,巫师式思考,0.465448,0.00043
1030,尤里卡,1042,恶趣味,0.483616,0.000187
1095,风语者的祝福,2010,双发快射,0.512543,0.000008
1022,灵巧,1036,火上浇油,0.508397,0.001495
1041,歌利亚巨人,1134,亮出你的剑,0.585047,0.000153
1214,旋转至胜,2005,扳机炼狱,0.467548,0.000048
1316,刃下生风,1353,坦克引擎,0.456606,0.000151
1025,俯冲轰炸,1032,裁决使,0.501569,0.00183
1062,全能龙魂,1156,任务：沃格勒特的巫师帽,0.523949,0.000083
1076,天音爆,1156,任务：沃格勒特的巫师帽,0.476025,0.000055
1004,回归基本功,1107,接二连三,0.471871,0.000209
1133,魔法飞弹,12317,潘朵拉的盒子,0.48491,0.000002
1337,尊我为王,2006,飞身踢,0.590574,0.000049
1075,慢炖,1092,易损,0.489178,0.000162
1326,夜狩,1328,暴击律动,0.474553,0.000318
1061,回力OK镖,1308,火狐,0.600243,0.000616
1107,接二连三,1339,激光治疗,0.399504,0.000005
1046,炼狱龙魂,1402,属性叠属性叠属性！,0.503932,0.000061
1011,你摸不到,1356,暴击飞弹,0.468716,0.000029
1092,易损,1208,轨道镭射,0.465734,0.000036
1009,霸符兄弟,1208,轨道镭射,0.483675,0.000027
1356,暴击飞弹,1415,双生火焰,0.495488,0.000949
1337,尊我为王,1402,属性叠属性叠属性！,0.551099,0.000009
1006,利刃华尔兹,1038,有始有终,0.480399,0.000251
0,无符文,1406,祖母的辣椒油,0.698065,0.022393
1025,俯冲轰炸,1113,老练狙神,0.452813,0.000156
1047,关键暴击,1070,无休回复,0.493889,0.000123
1035,感受燃烧,2026,杀意翻涌,0.486376,0.000017
1034,防护面纱,1317,升级：弯刀,0.428861,0.000003
1002,尖端发明家,1361,任务：艾卡西亚的陷落,0.503535,0.000299
1047,关键暴击,1996,升级：耀光,0.49187,0.000203
1025,俯冲轰炸,1353,坦克引擎,0.482238,0.001304
1046,炼狱龙魂,2026,杀意翻涌,0.470155,0.000091
1086,精准奇才,2009,狂热者,0.446996,0.000071
1061,回力OK镖,1413,和我一起困在这里,0.502177,0.000009
1332,不祥契约,1421,舞会女王,0.497015,0.000006
1004,回归基本功,2005,扳机炼狱,0.492485,0.000017
1051,点亮他们！,1356,暴击飞弹,0.514235,0.001437
1353,坦克引擎,2001,当心小蛋糕！,0.508078,0.000422
1035,感受燃烧,1339,激光治疗,0.793103,0
1415,双生火焰,1996,升级：耀光,0.489877,0.00018
1068,循环往复,1095,风语者的祝福,0.517855,0.000171
1063,狂徒豪气,1150,面包和果酱,0.484656,0.000184
1019,全凭身法,1066,量子计算,0.478052,0.000137
1154,任务：海牛阿福的勇士,1347,吵闹鬼,0.464071,0.000022
1384,捐赠,2006,飞身踢,0.505262,0.000432
1238,质变：棱彩阶,1308,火狐,0.556424,0.000215
1113,老练狙神,1375,吞噬灵魂,0.481303,0.000141
1044,冰寒,1088,终极刷新,0.468446,0.000339
1208,轨道镭射,1315,快中求稳,0.472321,0.000019
1020,黎明使者的坚决,2010,双发快射,0.48211,0.000017
1243,质变：混沌,1416,海克斯科技龙魂,0.513609,0.000037
1028,侵蚀,1406,祖母的辣椒油,0.569821,0.000251
1032,裁决使,1347,吵闹鬼,0.465054,0.000221
1006,利刃华尔兹,1082,残暴之力,0.46064,0.000489
1047,关键暴击,1328,暴击律动,0.486823,0.00075
1154,任务：海牛阿福的勇士,1996,升级：耀光,0.50731,0.000053
1025,俯冲轰炸,1098,急急小子,0.484992,0.000118
1029,虚幻武器,1045,炼狱导管,0.495933,0.000944
1152,任务：钢化你心,1341,帽上加帽,0.460337,0.000296
1220,连拨击锤,1319,升级：献祭,0.459004,0.000025
1009,霸符兄弟,1996,升级：耀光,0.535174,0.000146
1319,升级：献祭,1405,速度恶魔,0.497284,0.000159
1134,亮出你的剑,1333,逃跑计划,0.652884,0.000317
1340,升级：米凯尔的祝福,1372,小猫咪找妈妈,0.542637,0.00007
1322,罪恶快感,1329,史上最大雪球,0.46872,0.000227
1150,面包和果酱,1170,万用瞄准镜,0.453283,0.000215
1316,刃下生风,2007,你肩上的恶魔,0.440721,0.000017
1045,炼狱导管,1051,点亮他们！,0.483081,0.000279
1032,裁决使,1112,终极不可阻挡,0.457803,0.000937
1129,神射法师,1243,质变：混沌,0.484582,0.000421
1152,任务：钢化你心,1225,双刀流,0.496393,0.000371
1048,珠光护手,1310,小丑学院,0.528677,0.001042
1086,精准奇才,1205,物理转魔法,0.480335,0.000293
12317,潘朵拉的盒子,1331,至高天诺言,0.539823,0
1206,魔法转物理,1339,激光治疗,0.403451,0.000004
1310,小丑学院,1321,砍伤,0.515601,0.000128
1138,渴血,1187,闪光弹,0.495558,0.000179
1180,超强大脑,1405,速度恶魔,0.507475,0.000167
1027,大地苏醒,1152,任务：钢化你心,0.45899,0.000148
2003,魄罗之王的弹跳,2024,由暴生急,0.435821,0.000011
1063,狂徒豪气,1338,升级：狂妄,0.518804,0.000725
1086,精准奇才,1413,和我一起困在这里,0.438213,0.000001
1238,质变：棱彩阶,1397,地狱三头犬,0.497483,0.000442
1134,亮出你的剑,1413,和我一起困在这里,0.605966,0.000003
1115,最万用的瞄准镜,1361,任务：艾卡西亚的陷落,0.489476,0.00001
1138,渴血,1154,任务：海牛阿福的勇士,0.517769,0.000329
1072,炽烈黎明,1372,小猫咪找妈妈,0.473736,0.000018
1092,易损,1097,巫师式思考,0.490114,0.000695
1082,残暴之力,2006,飞身踢,0.471818,0.000189
1062,全能龙魂,1170,万用瞄准镜,0.48795,0.000166
1066,量子计算,2003,魄罗之王的弹跳,0.498898,0.00002
1150,面包和果酱,1411,升级：荆棘之甲,0.50882,0.000036
1013,星界躯体,1070,无休回复,0.480649,0.000573
1041,歌利亚巨人,2008,负重爆气,0.483543,0.000508
1092,易损,1386,转得我眩晕了,0.442735,0.000002
1220,连拨击锤,1325,玻璃大炮,0.436844,0.000102
1103,面包和黄油,1194,精怪魔法,0.451864,0.000163
1098,急急小子,1321,砍伤,0.454403,0.000057
1056,由心及物,1136,扇巴掌,0.504522,0.000611
1041,歌利亚巨人,1150,面包和果酱,0.481392,0.000585
1061,回力OK镖,1208,轨道镭射,0.468091,0.000015
1115,最万用的瞄准镜,1211,杀戮时间到了,0.456648,0.000219
1038,有始有终,1076,天音爆,0.485788,0.000081
1095,风语者的祝福,1133,魔法飞弹,0.491414,0.000161
1331,至高天诺言,2024,由暴生急,0.413973,0.000002
1349,终极唤醒,1418,砸开那颗蛋,0.491277,0.000002
1305,练腿日,1424,???,0.463989,0.000011
1053,科学狂人,1313,作弊：我能回城！,0.521322,0.000325
1002,尖端发明家,1154,任务：海牛阿福的勇士,0.453148,0.000075
1079,战争交响乐,1118,会心治疗,0.492147,0.000583
1080,会心防御,1205,物理转魔法,0.476654,0.000217
1038,有始有终,1305,练腿日,0.51793,0.000399
1170,万用瞄准镜,1308,火狐,0.475695,0.000033
1104,仆从大师,1328,暴击律动,0.468477,0.000002
1057,山脉龙魂,1332,不祥契约,0.452733,0.00005
1416,海克斯科技龙魂,1996,升级：耀光,0.489519,0.000059
1150,面包和果酱,1406,祖母的辣椒油,0.51078,0.000248
1023,魔鬼之舞,1400,最终都市列车,0.523657,0.000125
1313,作弊：我能回城！,1320,升级：收集者,0.467826,0.000604
1198,圣火,1373,缩小引擎,0.510056,0.000091
1060,海洋龙魂,1336,升级：无尽之刃,0.50615,0.000165
1027,大地苏醒,1170,万用瞄准镜,0.45548,0.000055
1053,科学狂人,1073,暗影疾奔,0.549479,0.000217
1116,闪现向前,1379,未知符文_1379,0.433559,0
1085,折磨者,2009,狂热者,0.451832,0.000011
1070,无休回复,1073,暗影疾奔,0.563187,0.000265
1057,山脉龙魂,1321,砍伤,0.474204,0.000149
1118,会心治疗,1418,砸开那颗蛋,0.494755,0.00002
1077,灵魂虹吸,1211,杀戮时间到了,0.475015,0.00042
1038,有始有终,1349,终极唤醒,0.488213,0.000259
1311,溢流,1415,双生火焰,0.480621,0.000229
1326,夜狩,1342,雪球扭蛋机,0.455704,0.000157
1037,急救用具,1108,自我毁灭,0.477858,0.00013
1068,循环往复,1337,尊我为王,0.524049,0.000179
1082,残暴之力,1389,男爵之手,0.517893,0.000013
1053,科学狂人,1361,任务：艾卡西亚的陷落,0.558237,0.000031
1006,利刃华尔兹,1243,质变：混沌,0.48483,0.000228
1045,炼狱导管,1211,杀戮时间到了,0.515468,0.001433
1333,逃跑计划,1403,属性叠属性！,0.575501,0.000082
1095,风语者的祝福,1305,练腿日,0.49077,0.00007
1080,会心防御,1301,神圣干预,0.466786,0.000059
1053,科学狂人,1337,尊我为王,0.502778,0.000114
1315,快中求稳,1322,罪恶快感,0.515324,0.000631
1068,循环往复,1214,旋转至胜,0.529061,0.000185
1070,无休回复,1072,炽烈黎明,0.504282,0.000063
1030,尤里卡,1339,激光治疗,0.483901,0.000043
1002,尖端发明家,2010,双发快射,0.446497,0.00005
1032,裁决使,1103,面包和黄油,0.47124,0.002302
1058,秘术冲拳,1198,圣火,0.46224,0.000063
1039,冰霜 幽灵,1373,缩小引擎,0.513341,0.000153
1327,坚若磐石,1372,小猫咪找妈妈,0.452856,0.000013
1085,折磨者,1150,面包和果酱,0.473707,0.000126
1115,最万用的瞄准镜,1342,雪球扭蛋机,0.459528,0.000089
1039,冰霜 幽灵,1996,升级：耀光,0.480921,0.000051
1051,点亮他们！,1138,渴血,0.532925,0.000683
1320,升级：收集者,1411,升级：荆棘之甲,0.480627,0.000008
1133,魔法飞弹,1409,魄罗爆破手,0.507552,0.001643
1087,台风,1225,双刀流,0.535103,0.002658
1311,溢流,1345,心灵净化,0.483127,0.001069
1048,珠光护手,1334,升级：雪球,0.47805,0.000678
1356,暴击飞弹,1414,卡皮巴拉空投,0.450017,0.00002
1022,灵巧,1332,不祥契约,0.483129,0.000096
1149,不动如山,1180,超强大脑,0.445716,0.000067
1324,蛋白粉奶昔,1348,闪闪现现,0.432153,0.000018
1152,任务：钢化你心,1238,质变：棱彩阶,0.517709,0.002108
1067,古式佳酿,1081,踢踏舞,0.470477,0.000211
1345,心灵净化,2005,扳机炼狱,0.43488,0.000102
1038,有始有终,1402,属性叠属性叠属性！,0.530485,0.000104
1025,俯冲轰炸,1152,任务：钢化你心,0.496006,0.001031
1064,坚韧,1073,暗影疾奔,0.494488,0.000183
1341,帽上加帽,1384,捐赠,0.527137,0.000373
1058,秘术冲拳,1112,终极不可阻挡,0.451399,0.000192
1047,关键暴击,1205,物理转魔法,0.453996,0.000318
1336,升级：无尽之刃,1414,卡皮巴拉空投,0.433356,0.000024
1063,狂徒豪气,1195,巨人杀手,0.553874,0.000645
1206,魔法转物理,2008,负重爆气,0.481067,0.000182
1022,灵巧,1386,转得我眩晕了,0.450978,0.000002
1327,坚若磐石,1373,缩小引擎,0.503546,0.000125
1205,物理转魔法,1401,生机迸发,0.476938,0.000106
1305,练腿日,1329,史上最大雪球,0.485534,0.000144
1073,暗影疾奔,1329,史上最大雪球,0.500395,0.000235
1082,残暴之力,1134,亮出你的剑,0.598778,0.000301
1007,大力,1092,易损,0.515099,0.000338
1088,终极刷新,1356,暴击飞弹,0.465376,0.000046
1108,自我毁灭,1401,生机迸发,0.49063,0.000122
1007,大力,1045,炼狱导管,0.475827,0.000065
1092,易损,1113,老练狙神,0.481728,0.000669
1037,急救用具,2002,虚空裂隙,0.473912,0.000055
1349,终极唤醒,2002,虚空裂隙,0.484015,0.000031
1211,杀戮时间到了,1325,玻璃大炮,0.458084,0.000323
1030,尤里卡,1392,神圣雪球,0.463798,0.00005
1400,最终都市列车,2009,狂热者,0.520968,0.000102
1058,秘术冲拳,1404,属性！,0.530012,0.000068
1061,回力OK镖,1402,属性叠属性叠属性！,0.53762,0.000026
1035,感受燃烧,1310,小丑学院,0.55,0
1015,死亡之环,1325,玻璃大炮,0.449595,0.000017
1002,尖端发明家,1348,闪闪现现,0.439555,0.000031
1029,虚幻武器,1402,属性叠属性叠属性！,0.503788,0.000057
1237,质变：黄金阶,2006,飞身踢,0.499982,0.000298
1112,终极不可阻挡,1198,圣火,0.435593,0.000042
1340,升级：米凯尔的祝福,2010,双发快射,0.497208,0.000003
1335,夺金,1416,海克斯科技龙魂,0.505301,0.000049
1050,基石法师,1358,弹球,0.465702,0.000058
1187,闪光弹,1375,吞噬灵魂,0.460301,0.000001
1052,闪电打击,1181,重量级打击手,0.492205,0.000295
1337,尊我为王,1392,神圣雪球,0.522713,0.000009
1023,魔鬼之舞,1087,台风,0.49731,0.000123
1328,暴击律动,1375,吞噬灵魂,0.469655,0.000036
1034,防护面纱,1206,魔法转物理,0.491715,0.000113
1325,玻璃大炮,1331,至高天诺言,0.426601,0.000005
1002,尖端发明家,1113,老练狙神,0.449925,0.0003
1112,终极不可阻挡,1416,海克斯科技龙魂,0.458171,0.000029
1220,连拨击锤,1308,火狐,0.44823,0.000035
1098,急急小子,1416,海克斯科技龙魂,0.478928,0.000031
1225,双刀流,1320,升级：收集者,0.541667,0.002042
1313,作弊：我能回城！,1424,???,0.450335,0.000022
1007,大力,1326,夜狩,0.483909,0.00049
1088,终极刷新,1220,连拨击锤,0.440932,0.000102
1404,属性！,1414,卡皮巴拉空投,0.488706,0.000017
1004,回归基本功,1025,俯冲轰炸,0.515003,0.000139
1220,连拨击锤,1250,一板一眼,0.424258,0.000477
1041,歌利亚巨人,1115,最万用的瞄准镜,0.49286,0.000324
1077,灵魂虹吸,1326,夜狩,0.470968,0.000465
1348,闪闪现现,2002,虚空裂隙,0.488318,0
1071,更万用的瞄准镜,1403,属性叠属性！,0.5499,0.000234
1348,闪闪现现,2024,由暴生急,0.447099,0
1310,小丑学院,1334,升级：雪球,0.653061,0
1004,回归基本功,1105,家园卫士,0.555169,0.000158
1007,大力,1068,循环往复,0.512807,0.000377
1062,全能龙魂,1356,暴击飞弹,0.510666,0.000045
1062,全能龙魂,1348,闪闪现现,0.46976,0.000019
1050,基石法师,1152,任务：钢化你心,0.463165,0.00019
1113,老练狙神,1406,祖母的辣椒油,0.533038,0.000673
1115,最万用的瞄准镜,1406,祖母的辣椒油,0.469159,0.000057
1152,任务：钢化你心,1319,升级：献祭,0.525094,0.001841
1041,歌利亚巨人,1402,属性叠属性叠属性！,0.51251,0.00007
1027,大地苏醒,1305,练腿日,0.480324,0.000059
1334,升级：雪球,1388,无限循环往复,0.481384,0.000196
1077,灵魂虹吸,1301,神圣干预,0.46227,0.000121
1053,科学狂人,1103,面包和黄油,0.509191,0.000263
1054,物法皆修,1409,魄罗爆破手,0.45414,0.000145
1069,退敌力场,1339,激光治疗,0.445328,0.000014
1181,重量级打击手,1220,连拨击锤,0.480155,0.000155
1361,任务：艾卡西亚的陷落,1406,祖母的辣椒油,0.56215,0.000224
1048,珠光护手,1315,快中求稳,0.510611,0.000629
1181,重量级打击手,1345,心灵净化,0.481851,0.000685
1007,大力,1152,任务：钢化你心,0.511932,0.000402
1116,闪现向前,1316,刃下生风,0.468426,0.000023
1136,扇巴掌,1337,尊我为王,0.521908,0.000157
1327,坚若磐石,1397,地狱三头犬,0.429075,0.000017
1076,天音爆,1104,仆从大师,0.473786,0.000005
1097,巫师式思考,1107,接二连三,0.463249,0.000125
1085,折磨者,1086,精准奇才,0.478798,0.000027
1077,灵魂虹吸,1081,踢踏舞,0.518229,0.000752
1036,火上浇油,1416,海克斯科技龙魂,0.461762,0.000066
1036,火上浇油,1133,魔法飞弹,0.478211,0.000948
1086,精准奇才,2003,魄罗之王的弹跳,0.450963,0.000005
1087,台风,1149,不动如山,0.451392,0.00003
1220,连拨击锤,1418,砸开那颗蛋,0.430295,0
1187,闪光弹,1220,连拨击锤,0.477507,0.000048
1045,炼狱导管,1208,轨道镭射,0.473733,0.000086
1115,最万用的瞄准镜,1418,砸开那颗蛋,0.43073,0
1073,暗影疾奔,1322,罪恶快感,0.508114,0.001291
1315,快中求稳,1345,心灵净化,0.492242,0.00041
1391,红包,1413,和我一起困在这里,0.516839,0.000032
1052,闪电打击,1333,逃跑计划,0.558119,0.000587
1069,退敌力场,1372,小猫咪找妈妈,0.466107,0.000012
1066,量子计算,2009,狂热者,0.476729,0.000039
1050,基石法师,1421,舞会女王,0.482581,0.000011
1060,海洋龙魂,1071,更万用的瞄准镜,0.503263,0.000393
1084,穿针引线,1384,捐赠,0.506999,0.000676
1035,感受燃烧,1237,质变：黄金阶,0.493299,0.000112
1107,接二连三,1320,升级：收集者,0.460957,0.001252
1198,圣火,1332,不祥契约,0.438597,0.000054
1097,巫师式思考,1152,任务：钢化你心,0.458248,0.000412
1004,回归基本功,1071,更万用的瞄准镜,0.506869,0.000455
1069,退敌力场,1133,魔法飞弹,0.474176,0.000311
1006,利刃华尔兹,1062,全能龙魂,0.485454,0.000111
1047,关键暴击,1220,连拨击锤,0.457778,0.000413
1037,急救用具,2007,你肩上的恶魔,0.421192,0.000021
1321,砍伤,1358,弹球,0.451534,0.000042
1019,全凭身法,2009,狂热者,0.471571,0.000085
1097,巫师式思考,1339,激光治疗,0.463219,0.000068
1071,更万用的瞄准镜,1081,踢踏舞,0.523014,0.002622
1075,慢炖,1149,不动如山,0.499475,0.000858
0,无符文,1180,超强大脑,0.599173,0.0132
1092,易损,1205,物理转魔法,0.48596,0.001116
1034,防护面纱,1308,火狐,0.523528,0.000052
1105,家园卫士,1338,升级：狂妄,0.508395,0.000331
1026,唯快不破,1424,???,0.469526,0.000004
1195,巨人杀手,1403,属性叠属性！,0.574669,0.000323
1116,闪现向前,1413,和我一起困在这里,0.459431,0.000007
1154,任务：海牛阿福的勇士,2024,由暴生急,0.48558,0.00002
1067,古式佳酿,1336,升级：无尽之刃,0.49078,0.000133
1025,俯冲轰炸,1214,旋转至胜,0.519831,0.000106
1180,超强大脑,1322,罪恶快感,0.487084,0.000101
1056,由心及物,1321,砍伤,0.473793,0.000103
1020,黎明使者的坚决,1238,质变：棱彩阶,0.510682,0.000481
1220,连拨击锤,1327,坚若磐石,0.427982,0.000021
1037,急救用具,1180,超强大脑,0.456758,0.000092
1095,风语者的祝福,1327,坚若磐石,0.447928,0.000092
1156,任务：沃格勒特的巫师帽,2002,虚空裂隙,0.499388,0.000168
1113,老练狙神,1386,转得我眩晕了,0.4313,0.000002
1020,黎明使者的坚决,1409,魄罗爆破手,0.481757,0.000066
1048,珠光护手,2009,狂热者,0.492918,0.000735
1346,吸血习性,1384,捐赠,0.557856,0.001886
1211,杀戮时间到了,1379,未知符文_1379,0.416628,0.000001
1057,山脉龙魂,2001,当心小蛋糕！,0.478449,0.000058
1063,狂徒豪气,1402,属性叠属性叠属性！,0.542993,0.000033
1095,风语者的祝福,1181,重量级打击手,0.479276,0.000297
1029,虚幻武器,1063,狂徒豪气,0.505336,0.000289
1150,面包和果酱,1372,小猫咪找妈妈,0.485817,0.00004
1058,秘术冲拳,1996,升级：耀光,0.497836,0.000496
1061,回力OK镖,1204,叠角龙,0.521237,0.000004
1205,物理转魔法,1323,残忍,0.478043,0.00053
1342,雪球扭蛋机,1384,捐赠,0.505415,0.000158
1037,急救用具,1129,神射法师,0.464138,0.000137
1051,点亮他们！,1409,魄罗爆破手,0.485329,0.000236
1045,炼狱导管,1225,双刀流,0.471474,0.000123
1405,速度恶魔,2008,负重爆气,0.494762,0.000577
1341,帽上加帽,1413,和我一起困在这里,0.458634,0.000009
1015,死亡之环,1053,科学狂人,0.514375,0.000053
1025,俯冲轰炸,1348,闪闪现现,0.447926,0.000025
1088,终极刷新,1098,急急小子,0.445427,0.000089
1133,魔法飞弹,2005,扳机炼狱,0.439397,0.000071
2002,虚空裂隙,2018,纯粹主义者 - 术师,0.489629,0.000082
1402,属性叠属性叠属性！,1413,和我一起困在这里,0.507552,0.000002
1138,渴血,1318,升级：中娅,0.495549,0.000165
1009,霸符兄弟,1011,你摸不到,0.481416,0.000068
1345,心灵净化,2010,双发快射,0.468932,0.000117
1054,物法皆修,1317,升级：弯刀,0.382106,0.000002
1004,回归基本功,1358,弹球,0.476511,0.000036
1070,无休回复,1375,吞噬灵魂,0.492984,0.000183
1305,练腿日,2024,由暴生急,0.469702,0.000029
1032,裁决使,2016,注魔,0.470267,0.000205
1136,扇巴掌,1391,红包,0.544814,0.000555
1073,暗影疾奔,1319,升级：献祭,0.510897,0.000098
1319,升级：献祭,1402,属性叠属性叠属性！,0.496273,0.000042
1098,急急小子,1418,砸开那颗蛋,0.503821,0.000002
1211,杀戮时间到了,2004,信念者的强化,0.451101,0.00001
1321,砍伤,1361,任务：艾卡西亚的陷落,0.52739,0.000065
1079,战争交响乐,1136,扇巴掌,0.480001,0.000229
0,无符文,1335,夺金,0.652152,0.007137
1085,折磨者,1361,任务：艾卡西亚的陷落,0.531012,0.000104
1082,残暴之力,2016,注魔,0.449219,0.000013
1107,接二连三,2006,飞身踢,0.461613,0.00015
1154,任务：海牛阿福的勇士,1204,叠角龙,0.528426,0.000005
1301,神圣干预,2003,魄罗之王的弹跳,0.489096,0.000042
1061,回力OK镖,1079,战争交响乐,0.468066,0.000086
1138,渴血,1339,激光治疗,0.420304,0.000007
1095,风语者的祝福,1105,家园卫士,0.527366,0.000047
1341,帽上加帽,1346,吸血习性,0.516917,0.001311
1013,星界躯体,1067,古式佳酿,0.470605,0.00134
1085,折磨者,1334,升级：雪球,0.464074,0.000104
1074,缩小射线,1129,神射法师,0.45243,0.000276
1077,灵魂虹吸,1220,连拨击锤,0.474421,0.000595
1180,超强大脑,1339,激光治疗,0.446052,0.000023
1424,???,2009,狂热者,0.456156,0.000014
1053,科学狂人,1156,任务：沃格勒特的巫师帽,0.53464,0.000095
1103,面包和黄油,1198,圣火,0.460405,0.000166
1333,逃跑计划,2010,双发快射,0.55605,0.000112
1085,折磨者,1372,小猫咪找妈妈,0.470687,0.000008
1129,神射法师,1390,超凡邪恶,0.494182,0.001711
1211,杀戮时间到了,1344,最终形态,0.500259,0.001147
1053,科学狂人,1318,升级：中娅,0.514181,0.000089
1076,天音爆,1206,魔法转物理,0.449193,0.000008
1334,升级：雪球,1392,神圣雪球,0.473786,0.001288
1026,唯快不破,1400,最终都市列车,0.531642,0.000033
1028,侵蚀,1320,升级：收集者,0.472916,0.000154
1020,黎明使者的坚决,1386,转得我眩晕了,0.425079,0.000001
1103,面包和黄油,1328,暴击律动,0.459338,0.000325
1047,关键暴击,2010,双发快射,0.493415,0.0002
1047,关键暴击,1344,最终形态,0.489078,0.000298
1052,闪电打击,1348,闪闪现现,0.452413,0.000033
1329,史上最大雪球,1330,活力再生,0.437115,0.000018
1074,缩小射线,1082,残暴之力,0.447792,0.000329
1150,面包和果酱,1391,红包,0.520248,0.000177
1030,尤里卡,1389,男爵之手,0.550098,0.000038
1079,战争交响乐,1337,尊我为王,0.593675,0.000232
1211,杀戮时间到了,1409,魄罗爆破手,0.48111,0.000436
1415,双生火焰,1416,海克斯科技龙魂,0.481383,0.00009
1053,科学狂人,1379,未知符文_1379,0.45203,0
1013,星界躯体,1045,炼狱导管,0.472923,0.000455
1220,连拨击锤,2004,信念者的强化,0.419177,0.000001
1038,有始有终,1344,最终形态,0.53078,0.000429
1379,未知符文_1379,1416,海克斯科技龙魂,0.425457,0.000001
1052,闪电打击,1340,升级：米凯尔的祝福,0.470876,0.000006
1035,感受燃烧,1413,和我一起困在这里,0.493382,0.000004
1337,尊我为王,1996,升级：耀光,0.535319,0.000059
1085,折磨者,1250,一板一眼,0.410341,0.00002
1060,海洋龙魂,1311,溢流,0.528294,0.001861
1046,炼狱龙魂,1075,慢炖,0.487081,0.000224
1076,天音爆,1080,会心防御,0.470528,0.000019
1353,坦克引擎,1391,红包,0.545593,0.000914
1084,穿针引线,1334,升级：雪球,0.475071,0.000438
1053,科学狂人,1315,快中求稳,0.5501,0.000138
1026,唯快不破,1149,不动如山,0.45804,0.000025
1050,基石法师,1134,亮出你的剑,0.517887,0.000017
1026,唯快不破,1391,红包,0.583108,0.000093
1319,升级：献祭,2016,注魔,0.470602,0.000009
1095,风语者的祝福,2006,飞身踢,0.46737,0.000038
1340,升级：米凯尔的祝福,1389,男爵之手,0.572223,0.000001
1066,量子计算,1152,任务：钢化你心,0.479184,0.000558
1311,溢流,1324,蛋白粉奶昔,0.456977,0.000266
1314,强力护盾,1379,未知符文_1379,0.406757,0.000001
1080,会心防御,1149,不动如山,0.449597,0.000048
1028,侵蚀,1042,恶趣味,0.491188,0.000117
1034,防护面纱,1238,质变：棱彩阶,0.50789,0.000488
1030,尤里卡,1424,???,0.475678,0.000024
1152,任务：钢化你心,1404,属性！,0.497248,0.000129
1064,坚韧,1327,坚若磐石,0.461216,0.000719
1011,你摸不到,1325,玻璃大炮,0.446305,0.00007
1384,捐赠,1405,速度恶魔,0.524386,0.000566
1225,双刀流,1243,质变：混沌,0.533295,0.000371
1018,巨像的勇气,1330,活力再生,0.41777,0.000002
1019,全凭身法,1092,易损,0.461186,0.00022
1397,地狱三头犬,1414,卡皮巴拉空投,0.418434,0.000005
1115,最万用的瞄准镜,1386,转得我眩晕了,0.446145,0.000002
1007,大力,1070,无休回复,0.519945,0.000103
1105,家园卫士,1194,精怪魔法,0.49853,0.000097
1118,会心治疗,1206,魔法转物理,0.51673,0.000589
1340,升级：米凯尔的祝福,1379,未知符文_1379,0.518792,0.000002
1181,重量级打击手,1325,玻璃大炮,0.459219,0.000048
1076,天音爆,1180,超强大脑,0.464283,0.000053
1098,急急小子,1156,任务：沃格勒特的巫师帽,0.514404,0.000195
1068,循环往复,1332,不祥契约,0.490301,0.000322
1095,风语者的祝福,2007,你肩上的恶魔,0.42158,0.000005
1074,缩小射线,1330,活力再生,0.443874,0.000136
1349,终极唤醒,1372,小猫咪找妈妈,0.474113,0.000011
1019,全凭身法,1311,溢流,0.492253,0.000329
1064,坚韧,1206,魔法转物理,0.471672,0.000179
1320,升级：收集者,1384,捐赠,0.528191,0.003338
1340,升级：米凯尔的祝福,1411,升级：荆棘之甲,0.526644,0.000001
1052,闪电打击,1347,吵闹鬼,0.48738,0.000093
1250,一板一眼,1337,尊我为王,0.487281,0.00013
1107,接二连三,1409,魄罗爆破手,0.463087,0.000174
1084,穿针引线,1414,卡皮巴拉空投,0.426191,0.000058
1044,冰寒,1151,面包和奶酪,0.506072,0.000911
1180,超强大脑,1318,升级：中娅,0.496115,0.000476
1088,终极刷新,1151,面包和奶酪,0.449393,0.000197
1004,回归基本功,1026,唯快不破,0.552466,0.000082
1071,更万用的瞄准镜,1077,灵魂虹吸,0.523519,0.001813
1020,黎明使者的坚决,1103,面包和黄油,0.478769,0.000205
1041,歌利亚巨人,1353,坦克引擎,0.50822,0.009469
1138,渴血,1402,属性叠属性叠属性！,0.538014,0.000134
1050,基石法师,1105,家园卫士,0.538904,0.00023
1070,无休回复,1315,快中求稳,0.536516,0.000159
1048,珠光护手,1062,全能龙魂,0.503096,0.000313
1066,量子计算,1206,魔法转物理,0.498963,0.000184
1138,渴血,1347,吵闹鬼,0.487795,0.000109
1042,恶趣味,1107,接二连三,0.442037,0.000033
1018,巨像的勇气,1388,无限循环往复,0.510342,0.000081
1027,大地苏醒,1311,溢流,0.479479,0.000061
1103,面包和黄油,1136,扇巴掌,0.48701,0.000739
1060,海洋龙魂,1400,最终都市列车,0.513673,0.000066
1149,不动如山,1361,任务：艾卡西亚的陷落,0.51761,0.000181
1150,面包和果酱,1337,尊我为王,0.495073,0.000088
1346,吸血习性,1391,红包,0.592041,0.001801
1057,山脉龙魂,2004,信念者的强化,0.45418,0.000003
1015,死亡之环,1338,升级：狂妄,0.467779,0.000014
1038,有始有终,1050,基石法师,0.518142,0.000652
1198,圣火,2007,你肩上的恶魔,0.405429,0.000009
1041,歌利亚巨人,1344,最终形态,0.501097,0.000783
1237,质变：黄金阶,1330,活力再生,0.472806,0.000054
1006,利刃华尔兹,1084,穿针引线,0.454657,0.00061
1011,你摸不到,1206,魔法转物理,0.469113,0.000107
1019,全凭身法,1032,裁决使,0.471582,0.002045
1214,旋转至胜,1405,速度恶魔,0.525266,0.000086
1054,物法皆修,1308,火狐,0.463468,0.000071
1015,死亡之环,1072,炽烈黎明,0.45851,0.000039
1061,回力OK镖,1069,退敌力场,0.468219,0.00004
1034,防护面纱,1050,基石法师,0.499884,0.000166
1006,利刃华尔兹,1344,最终形态,0.476902,0.000278
1029,虚幻武器,1057,山脉龙魂,0.468592,0.000168
1107,接二连三,12317,潘朵拉的盒子,0.506146,0.000001
1072,炽烈黎明,2024,由暴生急,0.422432,0.000007
1180,超强大脑,1341,帽上加帽,0.500089,0.000835
1205,物理转魔法,1331,至高天诺言,0.457052,0.000035
1064,坚韧,1413,和我一起困在这里,0.467593,0.000033
1214,旋转至胜,1341,帽上加帽,0.531534,0.000027
1081,踢踏舞,1391,红包,0.555286,0.000311
1088,终极刷新,1338,升级：狂妄,0.452535,0.000278
1041,歌利亚巨人,1406,祖母的辣椒油,0.488206,0.000474
1129,神射法师,1141,全心为你,0.441254,0.000046
1032,裁决使,1156,任务：沃格勒特的巫师帽,0.503978,0.001885
1194,精怪魔法,1331,至高天诺言,0.437581,0.000007
1339,激光治疗,2005,扳机炼狱,0.442857,0
1092,易损,1313,作弊：我能回城！,0.494113,0.000506
1023,魔鬼之舞,1080,会心防御,0.513883,0.000095
1006,利刃华尔兹,1015,死亡之环,0.462604,0.000022
1205,物理转魔法,1403,属性叠属性！,0.528442,0.000202
1052,闪电打击,1388,无限循环往复,0.469469,0.000192
1068,循环往复,1243,质变：混沌,0.499047,0.000687
1353,坦克引擎,1414,卡皮巴拉空投,0.442418,0.000126
1067,古式佳酿,1194,精怪魔法,0.463023,0.00012
1250,一板一眼,1356,暴击飞弹,0.458733,0.000144
1029,虚幻武器,1129,神射法师,0.492734,0.000817
1013,星界躯体,1225,双刀流,0.501352,0.000167
1331,至高天诺言,1372,小猫咪找妈妈,0.484145,0.000039
1028,侵蚀,1036,火上浇油,0.503082,0.000263
1035,感受燃烧,1086,精准奇才,0.473451,0.000047
1056,由心及物,1154,任务：海牛阿福的勇士,0.495625,0.00011
1061,回力OK镖,1087,台风,0.463024,0.000124
1063,狂徒豪气,1323,残忍,0.496952,0.000046
1019,全凭身法,1220,连拨击锤,0.465219,0.000114
1136,扇巴掌,1353,坦克引擎,0.502545,0.006193
1341,帽上加帽,1389,男爵之手,0.51276,0.000016
1347,吵闹鬼,2016,注魔,0.448003,0.000003
1129,神射法师,2009,狂热者,0.502799,0.000539
1384,捐赠,1400,最终都市列车,0.54278,0.000378
1105,家园卫士,1335,夺金,0.532641,0.000093
1129,神射法师,1384,捐赠,0.515526,0.000341
1074,缩小射线,1338,升级：狂妄,0.443998,0.000468
1237,质变：黄金阶,1373,缩小引擎,0.527723,0.000392
1006,利刃华尔兹,1348,闪闪现现,0.5,0
1316,刃下生风,1409,魄罗爆破手,0.47933,0.000089
1315,快中求稳,1414,卡皮巴拉空投,0.44587,0.000014
1333,逃跑计划,1420,咏叹奏鸣,0.563976,0.000176
1333,逃跑计划,1405,速度恶魔,0.531507,0.000225
1316,刃下生风,1321,砍伤,0.45024,0.000054
1238,质变：棱彩阶,1317,升级：弯刀,0.439344,0.000032
1112,终极不可阻挡,1402,属性叠属性叠属性！,0.502331,0.000019
1028,侵蚀,1211,杀戮时间到了,0.497084,0.000377
1156,任务：沃格勒特的巫师帽,1338,升级：狂妄,0.428953,0.000014
1030,尤里卡,1129,神射法师,0.49854,0.001838
1034,防护面纱,1151,面包和奶酪,0.48719,0.000184
1067,古式佳酿,1337,尊我为王,0.514334,0.00013
1011,你摸不到,1336,升级：无尽之刃,0.475863,0.000129
1336,升级：无尽之刃,1403,属性叠属性！,0.556476,0.000136
1116,闪现向前,1237,质变：黄金阶,0.486825,0.000058
1206,魔法转物理,1389,男爵之手,0.536388,0.000022
1317,升级：弯刀,1325,玻璃大炮,0.378878,0.000004
1328,暴击律动,1400,最终都市列车,0.49947,0.000095
1023,魔鬼之舞,1418,砸开那颗蛋,0.450903,0.000001
1108,自我毁灭,1372,小猫咪找妈妈,0.524365,0.00002
1097,巫师式思考,1325,玻璃大炮,0.454847,0.000391
1332,不祥契约,1420,咏叹奏鸣,0.538142,0.000084
1324,蛋白粉奶昔,1342,雪球扭蛋机,0.457452,0.000088
1081,踢踏舞,1339,激光治疗,0.421664,0.000007
1141,全心为你,1187,闪光弹,0.41354,0.000002
1118,会心治疗,1400,最终都市列车,0.496235,0.000272
1053,科学狂人,1060,海洋龙魂,0.539731,0.000194
1341,帽上加帽,1415,双生火焰,0.482482,0.000226
1060,海洋龙魂,1389,男爵之手,0.543488,0.000014
1097,巫师式思考,1305,练腿日,0.498732,0.000309
1082,残暴之力,1129,神射法师,0.424897,0.000078
1023,魔鬼之舞,1348,闪闪现现,0.453521,0.000018
1006,利刃华尔兹,1136,扇巴掌,0.466207,0.000236
1028,侵蚀,1322,罪恶快感,0.483324,0.000309
12317,潘朵拉的盒子,2024,由暴生急,0.479424,0
1002,尖端发明家,1409,魄罗爆破手,0.46539,0.000263
1032,裁决使,2003,魄罗之王的弹跳,0.469676,0.000171
1324,蛋白粉奶昔,2002,虚空裂隙,0.459704,0.000017
1321,砍伤,1340,升级：米凯尔的祝福,0.44596,0.000003
1133,魔法飞弹,1353,坦克引擎,0.489829,0.001739
1085,折磨者,1339,激光治疗,0.459766,0.000017
1238,质变：棱彩阶,1413,和我一起困在这里,0.493967,0.000025
1356,暴击飞弹,1409,魄罗爆破手,0.494642,0.000226
1028,侵蚀,1225,双刀流,0.538184,0.000217
1027,大地苏醒,1326,夜狩,0.464983,0.000262
0,无符文,1405,速度恶魔,0.598935,0.016201
1152,任务：钢化你心,1413,和我一起困在这里,0.465,0.000056
1088,终极刷新,1325,玻璃大炮,0.449345,0.000095
1002,尖端发明家,1180,超强大脑,0.465894,0.000184
1194,精怪魔法,2003,魄罗之王的弹跳,0.461356,0.000009
1098,急急小子,1347,吵闹鬼,0.460954,0.000034
1409,魄罗爆破手,2006,飞身踢,0.478108,0.00025
1318,升级：中娅,2005,扳机炼狱,0.445373,0.000014
1220,连拨击锤,1391,红包,0.512447,0.00024
1133,魔法飞弹,1384,捐赠,0.511824,0.000848
1009,霸符兄弟,1413,和我一起困在这里,0.496036,0.000009
1028,侵蚀,1413,和我一起困在这里,0.475348,0.000013
1030,尤里卡,1340,升级：米凯尔的祝福,0.529684,0.000045
1129,神射法师,2001,当心小蛋糕！,0.497637,0.000155
1322,罪恶快感,1373,缩小引擎,0.491998,0.000652
1044,冰寒,1206,魔法转物理,0.438135,0.000078
1045,炼狱导管,1334,升级：雪球,0.505016,0.00036
1136,扇巴掌,1405,速度恶魔,0.507218,0.000489
1319,升级：献祭,2007,你肩上的恶魔,0.40295,0.000024
1075,慢炖,1086,精准奇才,0.448959,0.000044
1108,自我毁灭,1198,圣火,0.461463,0.000086
1087,台风,1318,升级：中娅,0.453037,0.000021
1194,精怪魔法,1403,属性叠属性！,0.51419,0.000033
1319,升级：献祭,1320,升级：收集者,0.458116,0.000377
1038,有始有终,1129,神射法师,0.50735,0.000815
1015,死亡之环,1329,史上最大雪球,0.457583,0.000036
1150,面包和果酱,1195,巨人杀手,0.514793,0.000786
1097,巫师式思考,1373,缩小引擎,0.513085,0.000633
1084,穿针引线,1098,急急小子,0.472736,0.000377
1020,黎明使者的坚决,1037,急救用具,0.478785,0.00016
1072,炽烈黎明,1116,闪现向前,0.461572,0.000012
1013,星界躯体,1198,圣火,0.456732,0.000327
1324,蛋白粉奶昔,1333,逃跑计划,0.493724,0.000269
1092,易损,1112,终极不可阻挡,0.471061,0.000193
1018,巨像的勇气,1087,台风,0.445453,0.000017
1011,你摸不到,1996,升级：耀光,0.477231,0.000042
1027,大地苏醒,1416,海克斯科技龙魂,0.466942,0.000014
1041,歌利亚巨人,2001,当心小蛋糕！,0.505839,0.000171
1180,超强大脑,1324,蛋白粉奶昔,0.428197,0.000058
1108,自我毁灭,1133,魔法飞弹,0.462389,0.000335
1211,杀戮时间到了,1324,蛋白粉奶昔,0.428925,0.000136
1034,防护面纱,1327,坚若磐石,0.452049,0.000046
1379,未知符文_1379,1418,砸开那颗蛋,0.436813,0.000001
1067,古式佳酿,1198,圣火,0.482492,0.000262
1064,坚韧,1313,作弊：我能回城！,0.474126,0.000878
1205,物理转魔法,1421,舞会女王,0.482855,0.000031
1113,老练狙神,1308,火狐,0.506498,0.000222
1314,强力护盾,1414,卡皮巴拉空投,0.420298,0.000011
1180,超强大脑,1390,超凡邪恶,0.519489,0.001456
1348,闪闪现现,1415,双生火焰,0.506024,0
1341,帽上加帽,1347,吵闹鬼,0.470508,0.000053
1011,你摸不到,2018,纯粹主义者 - 术师,0.429955,0.000014
1007,大力,1214,旋转至胜,0.531384,0.000115
1320,升级：收集者,2024,由暴生急,0.472919,0.00025
1129,神射法师,1211,杀戮时间到了,0.472471,0.000882
1134,亮出你的剑,1391,红包,0.648529,0.000217
1026,唯快不破,1071,更万用的瞄准镜,0.51852,0.000282
1075,慢炖,1087,台风,0.47511,0.000066
1405,速度恶魔,1418,砸开那颗蛋,0.489923,0.000004
1037,急救用具,1326,夜狩,0.450744,0.00006
1081,踢踏舞,1151,面包和奶酪,0.455358,0.000197
1011,你摸不到,1391,红包,0.525657,0.000078
1238,质变：棱彩阶,1334,升级：雪球,0.509212,0.000722
1056,由心及物,1384,捐赠,0.537791,0.000357
1027,大地苏醒,1108,自我毁灭,0.468352,0.000102
1067,古式佳酿,1414,卡皮巴拉空投,0.440038,0.000035
1029,虚幻武器,1051,点亮他们！,0.516668,0.000384
1042,恶趣味,1325,玻璃大炮,0.435204,0.00002
1004,回归基本功,2004,信念者的强化,0.488011,0.000004
1198,圣火,2003,魄罗之王的弹跳,0.452404,0.000011
1313,作弊：我能回城！,1319,升级：献祭,0.487117,0.00046
1141,全心为你,2008,负重爆气,0.481112,0.000075
1053,科学狂人,1057,山脉龙魂,0.502076,0.00013
1085,折磨者,1386,转得我眩晕了,0.420708,0.000001
1319,升级：献祭,1342,雪球扭蛋机,0.479297,0.000174
1105,家园卫士,1401,生机迸发,0.508629,0.000036
1067,古式佳酿,12317,潘朵拉的盒子,0.500278,0.000001
1004,回归基本功,1062,全能龙魂,0.525818,0.000107
1310,小丑学院,1397,地狱三头犬,0.512248,0.000179
1136,扇巴掌,1301,神圣干预,0.476153,0.00027
1019,全凭身法,1375,吞噬灵魂,0.477677,0.000153
1211,杀戮时间到了,1421,舞会女王,0.472875,0.000041
1029,虚幻武器,1195,巨人杀手,0.526179,0.001198
1314,强力护盾,1316,刃下生风,0.460196,0.000025
1046,炼狱龙魂,2016,注魔,0.461366,0.000035
1069,退敌力场,1084,穿针引线,0.443292,0.000188
1019,全凭身法,1085,折磨者,0.453947,0.000041
1356,暴击飞弹,2007,你肩上的恶魔,0.439507,0.000023
1056,由心及物,1373,缩小引擎,0.544612,0.000556
1034,防护面纱,1047,关键暴击,0.481163,0.000134
1064,坚韧,1156,任务：沃格勒特的巫师帽,0.472234,0.000132
1098,急急小子,1413,和我一起困在这里,0.464042,0.000005
1345,心灵净化,1388,无限循环往复,0.481493,0.000513
1237,质变：黄金阶,1339,激光治疗,0.461682,0.00003
1181,重量级打击手,1205,物理转魔法,0.475402,0.000335
1038,有始有终,1088,终极刷新,0.487778,0.000298
1080,会心防御,1414,卡皮巴拉空投,0.431197,0.000009
1061,回力OK镖,1220,连拨击锤,0.444821,0.000106
1007,大力,1063,狂徒豪气,0.539222,0.000205
1349,终极唤醒,2004,信念者的强化,0.485154,0.000003
1045,炼狱导管,1080,会心防御,0.486671,0.000116
1007,大力,1023,魔鬼之舞,0.51397,0.000193
1074,缩小射线,1318,升级：中娅,0.443828,0.000093
1154,任务：海牛阿福的勇士,2001,当心小蛋糕！,0.487612,0.000014
1214,旋转至胜,1305,练腿日,0.516912,0.00009
1138,渴血,1311,溢流,0.511712,0.000703
0,无符文,1328,暴击律动,0.616322,0.027969
1070,无休回复,1384,捐赠,0.535002,0.000114
1314,强力护盾,1388,无限循环往复,0.48258,0.000097
1036,火上浇油,1047,关键暴击,0.473011,0.000326
1026,唯快不破,1141,全心为你,0.436865,0.000007
1152,任务：钢化你心,2018,纯粹主义者 - 术师,0.432447,0.000072
1108,自我毁灭,1195,巨人杀手,0.514682,0.000419
1077,灵魂虹吸,1129,神射法师,0.45659,0.000189
1063,狂徒豪气,1310,小丑学院,0.536678,0.000531
1061,回力OK镖,1129,神射法师,0.490523,0.000138
1026,唯快不破,1047,关键暴击,0.490895,0.000102
1073,暗影疾奔,1353,坦克引擎,0.49893,0.000601
1250,一板一眼,1316,刃下生风,0.476427,0.000292
1028,侵蚀,2001,当心小蛋糕！,0.509505,0.000087
1004,回归基本功,1316,刃下生风,0.513176,0.000075
1057,山脉龙魂,1095,风语者的祝福,0.447441,0.000091
1060,海洋龙魂,1194,精怪魔法,0.477552,0.000107
1050,基石法师,2026,杀意翻涌,0.471046,0.000025
1073,暗影疾奔,1220,连拨击锤,0.530325,0.000353
1314,强力护盾,1346,吸血习性,0.493921,0.000527
1053,科学狂人,1211,杀戮时间到了,0.509074,0.000249
1181,重量级打击手,1400,最终都市列车,0.521352,0.000245
1084,穿针引线,1225,双刀流,0.521731,0.001171
1328,暴击律动,1405,速度恶魔,0.469849,0.000151
1076,天音爆,1400,最终都市列车,0.473921,0.000018
1064,坚韧,1095,风语者的祝福,0.456205,0.000383
1314,强力护盾,1391,红包,0.529063,0.000087
1074,缩小射线,1195,巨人杀手,0.493112,0.001161
1039,冰霜 幽灵,1314,强力护盾,0.45437,0.000087
1211,杀戮时间到了,1314,强力护盾,0.45629,0.000136
1063,狂徒豪气,1075,慢炖,0.509818,0.000151
1084,穿针引线,2024,由暴生急,0.448869,0.000139
1379,未知符文_1379,1384,捐赠,0.449632,0.000004
1034,防护面纱,1079,战争交响乐,0.475754,0.000134
1072,炽烈黎明,1170,万用瞄准镜,0.439437,0.000051
1054,物法皆修,1379,未知符文_1379,0.488638,0.000002
1076,天音爆,1420,咏叹奏鸣,0.555578,0.000307
1334,升级：雪球,1406,祖母的辣椒油,0.526737,0.000314
1098,急急小子,1361,任务：艾卡西亚的陷落,0.51329,0.000018
1319,升级：献祭,1379,未知符文_1379,0.415617,0.000001
1318,升级：中娅,2002,虚空裂隙,0.496856,0.000287
1058,秘术冲拳,1082,残暴之力,0.452513,0.000566
1027,大地苏醒,1336,升级：无尽之刃,0.489169,0.000067
1187,闪光弹,1416,海克斯科技龙魂,0.449004,0
1104,仆从大师,12317,潘朵拉的盒子,0.519774,0
1085,折磨者,1336,升级：无尽之刃,0.423837,0.000013
1181,重量级打击手,1348,闪闪现现,0.479491,0.000039
1069,退敌力场,2002,虚空裂隙,0.46108,0.000036
1011,你摸不到,1062,全能龙魂,0.483974,0.000091
1019,全凭身法,1211,杀戮时间到了,0.471482,0.000576
1103,面包和黄油,1400,最终都市列车,0.498391,0.000208
0,无符文,1334,升级：雪球,0.615835,0.016673
1133,魔法飞弹,1361,任务：艾卡西亚的陷落,0.502924,0.000062
1023,魔鬼之舞,1305,练腿日,0.504536,0.000185
1105,家园卫士,2006,飞身踢,0.495232,0.000082
1053,科学狂人,1421,舞会女王,0.531121,0.000013
1187,闪光弹,1344,最终形态,0.495225,0.000174
1019,全凭身法,1107,接二连三,0.461757,0.00032
1087,台风,1320,升级：收集者,0.473017,0.000846
1243,质变：混沌,1334,升级：雪球,0.492722,0.000326
1013,星界躯体,1156,任务：沃格勒特的巫师帽,0.452984,0.000112
1064,坚韧,1339,激光治疗,0.449005,0.000067
1181,重量级打击手,1326,夜狩,0.460405,0.000133
1104,仆从大师,2026,杀意翻涌,0.463416,0.000006
1411,升级：荆棘之甲,2008,负重爆气,0.521101,0.00005
1032,裁决使,1237,质变：黄金阶,0.489643,0.001673
1019,全凭身法,1097,巫师式思考,0.485487,0.000312
1401,生机迸发,1416,海克斯科技龙魂,0.484169,0.000035
1081,踢踏舞,1314,强力护盾,0.447856,0.000036
1180,超强大脑,1181,重量级打击手,0.442032,0.000063
1180,超强大脑,2018,纯粹主义者 - 术师,0.482494,0.000048
1038,有始有终,1056,由心及物,0.532308,0.001017
1194,精怪魔法,1205,物理转魔法,0.458962,0.000277
1007,大力,1056,由心及物,0.502133,0.000045
1108,自我毁灭,1220,连拨击锤,0.43395,0.000066
1134,亮出你的剑,1342,雪球扭蛋机,0.578614,0.00006
1069,退敌力场,1323,残忍,0.464485,0.000056
1328,暴击律动,1402,属性叠属性叠属性！,0.526371,0.000062
1038,有始有终,1409,魄罗爆破手,0.523037,0.000585
1045,炼狱导管,1391,红包,0.563383,0.000539
1104,仆从大师,1333,逃跑计划,0.535198,0.000047
1104,仆从大师,1116,闪现向前,0.474381,0.000005
1036,火上浇油,1338,升级：狂妄,0.459543,0.000352
1413,和我一起困在这里,2010,双发快射,0.465263,0.000006
1205,物理转魔法,1330,活力再生,0.428589,0.000025
1113,老练狙神,1400,最终都市列车,0.468522,0.000098
1388,无限循环往复,1411,升级：荆棘之甲,0.532341,0.000114
1025,俯冲轰炸,1082,残暴之力,0.50167,0.000269
1018,巨像的勇气,1134,亮出你的剑,0.508937,0.000009
1036,火上浇油,1324,蛋白粉奶昔,0.448661,0.000082
1301,神圣干预,2004,信念者的强化,0.52615,0.000032
1116,闪现向前,1414,卡皮巴拉空投,0.8,0
1250,一板一眼,1415,双生火焰,0.442249,0.000099
1301,神圣干预,1317,升级：弯刀,0.393499,0.000004
1154,任务：海牛阿福的勇士,1211,杀戮时间到了,0.473459,0.000149
1204,叠角龙,1328,暴击律动,0.529458,0.000026
1086,精准奇才,1113,老练狙神,0.467966,0.000791
1023,魔鬼之舞,1319,升级：献祭,0.511918,0.000259
1054,物法皆修,1348,闪闪现现,0.415328,0.000013
1022,灵巧,1310,小丑学院,0.539187,0.000546
1071,更万用的瞄准镜,1326,夜狩,0.487028,0.000723
1361,任务：艾卡西亚的陷落,1405,速度恶魔,0.529012,0.000136
1107,接二连三,1204,叠角龙,0.513375,0.000023
1080,会心防御,1315,快中求稳,0.543681,0.000107
1071,更万用的瞄准镜,1301,神圣干预,0.471871,0.000288
1068,循环往复,2004,信念者的强化,0.50013,0.000035
1085,折磨者,1375,吞噬灵魂,0.474937,0.000325
1042,恶趣味,1344,最终形态,0.468279,0.000198
1104,仆从大师,1356,暴击飞弹,0.492459,0.000008
1019,全凭身法,1341,帽上加帽,0.473561,0.000184
1020,黎明使者的坚决,1237,质变：黄金阶,0.494553,0.000156
1115,最万用的瞄准镜,1195,巨人杀手,0.535475,0.000913
1187,闪光弹,1305,练腿日,0.488554,0.000043
1080,会心防御,1330,活力再生,0.477396,0.000043
0,无符文,1324,蛋白粉奶昔,0.56902,0.011125
1046,炼狱龙魂,1205,物理转魔法,0.47737,0.000649
1384,捐赠,1397,地狱三头犬,0.507094,0.00016
1037,急救用具,1060,海洋龙魂,0.494467,0.000193
1018,巨像的勇气,1301,神圣干预,0.466754,0.000151
1048,珠光护手,1115,最万用的瞄准镜,0.475102,0.000403
1250,一板一眼,1405,速度恶魔,0.483703,0.00022
1036,火上浇油,1054,物法皆修,0.460376,0.00034
1079,战争交响乐,1138,渴血,0.500951,0.001557
1105,家园卫士,1372,小猫咪找妈妈,0.500017,0.000025
1011,你摸不到,1045,炼狱导管,0.473391,0.000146
1116,闪现向前,2005,扳机炼狱,0.439113,0.00002
1237,质变：黄金阶,1318,升级：中娅,0.486247,0.000184
1051,点亮他们！,1133,魔法飞弹,0.481393,0.003603
1141,全心为你,1358,弹球,0.451804,0.000017
1053,科学狂人,2010,双发快射,0.520118,0.000037
1084,穿针引线,1086,精准奇才,0.455572,0.000303
1107,接二连三,2009,狂热者,0.48817,0.000472
1020,黎明使者的坚决,1372,小猫咪找妈妈,0.468284,0.000013
1061,回力OK镖,1336,升级：无尽之刃,0.492863,0.000113
0,无符文,1138,渴血,0.603816,0.051231
1115,最万用的瞄准镜,2007,你肩上的恶魔,0.440945,0.000019
1373,缩小引擎,1405,速度恶魔,0.518765,0.000954
1327,坚若磐石,1400,最终都市列车,0.483252,0.00007
1006,利刃华尔兹,1028,侵蚀,0.478124,0.000162
1075,慢炖,1333,逃跑计划,0.550432,0.00047
1041,歌利亚巨人,1372,小猫咪找妈妈,0.461999,0.000014
1004,回归基本功,1406,祖母的辣椒油,0.548985,0.000115
1035,感受燃烧,1046,炼狱龙魂,0.475593,0.000137
1356,暴击飞弹,1996,升级：耀光,0.49433,0.00011
1310,小丑学院,1333,逃跑计划,0.566916,0.000568
1087,台风,1400,最终都市列车,0.491471,0.000085
1113,老练狙神,1154,任务：海牛阿福的勇士,0.474615,0.000127
1339,激光治疗,1342,雪球扭蛋机,0.333333,0
1180,超强大脑,1310,小丑学院,0.522861,0.000157
1115,最万用的瞄准镜,1328,暴击律动,0.501531,0.001714
1045,炼狱导管,1074,缩小射线,0.465996,0.000293
1027,大地苏醒,1405,速度恶魔,0.477089,0.000052
1156,任务：沃格勒特的巫师帽,2009,狂热者,0.503702,0.000176
1020,黎明使者的坚决,1030,尤里卡,0.493509,0.000162
1238,质变：棱彩阶,1403,属性叠属性！,0.59167,0.001324
1318,升级：中娅,1406,祖母的辣椒油,0.532301,0.000599
1136,扇巴掌,1315,快中求稳,0.521498,0.000223
1356,暴击飞弹,2010,双发快射,0.537005,0.000371
1009,霸符兄弟,1060,海洋龙魂,0.537668,0.000669
1104,仆从大师,1379,未知符文_1379,0.414254,0
1150,面包和果酱,1237,质变：黄金阶,0.474551,0.0003
1022,灵巧,1136,扇巴掌,0.497997,0.000252
2008,负重爆气,2009,狂热者,0.476669,0.000174
1030,尤里卡,1318,升级：中娅,0.498165,0.001525
1075,慢炖,1323,残忍,0.510162,0.000324
1081,踢踏舞,1322,罪恶快感,0.496425,0.001653
0,无符文,1050,基石法师,0.612803,0.014454
1044,冰寒,1084,穿针引线,0.489448,0.001125
1118,会心治疗,12317,潘朵拉的盒子,0.500735,0.000001
1077,灵魂虹吸,1194,精怪魔法,0.466921,0.000111
1047,关键暴击,1345,心灵净化,0.45669,0.000391
2001,当心小蛋糕！,2009,狂热者,0.510043,0.000151
1138,渴血,1333,逃跑计划,0.560702,0.000948
1025,俯冲轰炸,1317,升级：弯刀,0.426973,0.000007
1386,转得我眩晕了,2005,扳机炼狱,0.412104,0
1305,练腿日,1411,升级：荆棘之甲,0.536819,0.000032
1388,无限循环往复,1420,咏叹奏鸣,0.568581,0.00036
1356,暴击飞弹,1391,红包,0.589326,0.000198
1061,回力OK镖,1321,砍伤,0.478334,0.000042
1044,冰寒,1389,男爵之手,0.52276,0.000024
1108,自我毁灭,1420,咏叹奏鸣,0.569514,0.001021
1007,大力,1074,缩小射线,0.477007,0.000281
1052,闪电打击,2009,狂热者,0.523254,0.000574
1195,巨人杀手,1347,吵闹鬼,0.516951,0.000191
1072,炽烈黎明,1323,残忍,0.485169,0.000093
1063,狂徒豪气,1069,退敌力场,0.454215,0.000041
1320,升级：收集者,1996,升级：耀光,0.483522,0.000445
1335,夺金,1413,和我一起困在这里,0.471732,0.000002
1194,精怪魔法,1401,生机迸发,0.458215,0.000031
1314,强力护盾,1424,???,0.431002,0.000005
1044,冰寒,1074,缩小射线,0.463689,0.000282
1156,任务：沃格勒特的巫师帽,1238,质变：棱彩阶,0.515448,0.001009
1214,旋转至胜,1318,升级：中娅,0.51519,0.000017
1023,魔鬼之舞,1061,回力OK镖,0.49618,0.00005
1023,魔鬼之舞,1092,易损,0.490037,0.000129
1032,裁决使,1325,玻璃大炮,0.442953,0.000741
1108,自我毁灭,1996,升级：耀光,0.480689,0.000089
1052,闪电打击,2016,注魔,0.467174,0.000038
1048,珠光护手,2024,由暴生急,0.486959,0.000534
1062,全能龙魂,1332,不祥契约,0.504326,0.000067
1150,面包和果酱,1405,速度恶魔,0.468821,0.000178
1019,全凭身法,1151,面包和奶酪,0.471822,0.000373
1072,炽烈黎明,2002,虚空裂隙,0.494228,0.000056
1077,灵魂虹吸,1156,任务：沃格勒特的巫师帽,0.472919,0.000083
1198,圣火,1334,升级：雪球,0.447962,0.000057
1035,感受燃烧,1996,升级：耀光,0.486098,0.000041
1011,你摸不到,2024,由暴生急,0.440585,0.000017
1046,炼狱龙魂,1067,古式佳酿,0.49022,0.000484
1039,冰霜 幽灵,2026,杀意翻涌,0.482874,0.000025
1038,有始有终,1149,不动如山,0.472722,0.000115
1220,连拨击锤,1313,作弊：我能回城！,0.458795,0.000318
1329,史上最大雪球,1416,海克斯科技龙魂,0.486102,0.000072
1018,巨像的勇气,1329,史上最大雪球,0.462972,0.000083
1243,质变：混沌,1324,蛋白粉奶昔,0.476311,0.000142
1098,急急小子,1341,帽上加帽,0.492505,0.000236
1335,夺金,1384,捐赠,0.544402,0.00094
1066,量子计算,2001,当心小蛋糕！,0.489172,0.000033
1238,质变：棱彩阶,1342,雪球扭蛋机,0.50452,0.000498
1032,裁决使,1326,夜狩,0.459031,0.00375
1332,不祥契约,1334,升级：雪球,0.483442,0.000099
1015,死亡之环,1115,最万用的瞄准镜,0.450558,0.000026
1034,防护面纱,1388,无限循环往复,0.496822,0.000128
1064,坚韧,1170,万用瞄准镜,0.461275,0.000246
1092,易损,1141,全心为你,0.444593,0.000029
1341,帽上加帽,1345,心灵净化,0.474485,0.000929
1113,老练狙神,1116,闪现向前,0.459688,0.00005
1118,会心治疗,1332,不祥契约,0.448927,0.000217
1038,有始有终,1361,任务：艾卡西亚的陷落,0.525437,0.000044
1018,巨像的勇气,1341,帽上加帽,0.449175,0.000055
1006,利刃华尔兹,1073,暗影疾奔,0.482215,0.000403
2006,飞身踢,2009,狂热者,0.484957,0.000132
1056,由心及物,1151,面包和奶酪,0.509866,0.000527
1060,海洋龙魂,1317,升级：弯刀,0.437795,0.000003
1390,超凡邪恶,1391,红包,0.550222,0.001299
1013,星界躯体,1170,万用瞄准镜,0.469411,0.00027
1045,炼狱导管,1324,蛋白粉奶昔,0.475378,0.00013
1056,由心及物,1057,山脉龙魂,0.479145,0.000157
1347,吵闹鬼,1379,未知符文_1379,0.429009,0
1243,质变：混沌,1400,最终都市列车,0.552296,0.000116
1030,尤里卡,1112,终极不可阻挡,0.4752,0.000284
1187,闪光弹,1327,坚若磐石,0.455874,0.000015
1134,亮出你的剑,1361,任务：艾卡西亚的陷落,0.539505,0
1331,至高天诺言,2026,杀意翻涌,0.445531,0.000001
1237,质变：黄金阶,1411,升级：荆棘之甲,0.538135,0.000051
1052,闪电打击,1154,任务：海牛阿福的勇士,0.519021,0.000174
1066,量子计算,12317,潘朵拉的盒子,0.509573,0
1054,物法皆修,1416,海克斯科技龙魂,0.443766,0.00005
1138,渴血,1403,属性叠属性！,0.556333,0.000238
1004,回归基本功,1092,易损,0.520905,0.000248
1022,灵巧,1082,残暴之力,0.488762,0.000646
1087,台风,1104,仆从大师,0.453195,0.00001
1214,旋转至胜,1336,升级：无尽之刃,0.503081,0.000131
1238,质变：棱彩阶,1325,玻璃大炮,0.495964,0.000447
1044,冰寒,1048,珠光护手,0.48108,0.001812
1051,点亮他们！,1379,未知符文_1379,0.477532,0.000004
1038,有始有终,12317,潘朵拉的盒子,0.503957,0.000001
1152,任务：钢化你心,1305,练腿日,0.511809,0.000751
1042,恶趣味,1204,叠角龙,0.478791,0.000013
1092,易损,1409,魄罗爆破手,0.494053,0.0003
1313,作弊：我能回城！,1318,升级：中娅,0.489188,0.000377
1060,海洋龙魂,1342,雪球扭蛋机,0.498764,0.00015
1156,任务：沃格勒特的巫师帽,1406,祖母的辣椒油,0.51815,0.000586
1086,精准奇才,1356,暴击飞弹,0.457417,0.000074
1066,量子计算,1211,杀戮时间到了,0.474897,0.000278
1115,最万用的瞄准镜,1389,男爵之手,0.531138,0.000009
1320,升级：收集者,1325,玻璃大炮,0.431301,0.000257
1046,炼狱龙魂,1211,杀戮时间到了,0.476567,0.000924
1324,蛋白粉奶昔,2024,由暴生急,0.423655,0.000009
1006,利刃华尔兹,1390,超凡邪恶,0.462653,0.000125
1327,坚若磐石,1384,捐赠,0.486901,0.000092
1181,重量级打击手,1315,快中求稳,0.511765,0.000192
1133,魔法飞弹,2003,魄罗之王的弹跳,0.45968,0.000095
1045,炼狱导管,1181,重量级打击手,0.480777,0.000303
1220,连拨击锤,1409,魄罗爆破手,0.447214,0.000232
1108,自我毁灭,1416,海克斯科技龙魂,0.481667,0.000043
1118,会心治疗,1348,闪闪现现,0.430065,0.000032
1138,渴血,1361,任务：艾卡西亚的陷落,0.528336,0.000103
1336,升级：无尽之刃,2001,当心小蛋糕！,0.518448,0.000203
1243,质变：混沌,1326,夜狩,0.471848,0.000372
1054,物法皆修,1388,无限循环往复,0.470264,0.000325
1069,退敌力场,1342,雪球扭蛋机,0.4431,0.000045
1046,炼狱龙魂,1331,至高天诺言,0.436594,0.000011
1206,魔法转物理,1237,质变：黄金阶,0.512124,0.000337
1036,火上浇油,1337,尊我为王,0.495399,0.000085
1019,全凭身法,1052,闪电打击,0.476809,0.000309
1342,雪球扭蛋机,1375,吞噬灵魂,0.47114,0.000155
1318,升级：中娅,2008,负重爆气,0.47559,0.000277
1074,缩小射线,1388,无限循环往复,0.452214,0.000162
1044,冰寒,1092,易损,0.507034,0.001059
1026,唯快不破,1079,战争交响乐,0.488381,0.000108
1063,狂徒豪气,1141,全心为你,0.443082,0.000013
0,无符文,2001,当心小蛋糕！,0.613321,0.013221
1011,你摸不到,1151,面包和奶酪,0.444539,0.000099
1025,俯冲轰炸,1308,火狐,0.542307,0.000136
1324,蛋白粉奶昔,1386,转得我眩晕了,0.414742,0.000001
1344,最终形态,1421,舞会女王,0.514328,0.000037
1029,虚幻武器,1353,坦克引擎,0.487776,0.001996
1004,回归基本功,1067,古式佳酿,0.571862,0.000331
1056,由心及物,1074,缩小射线,0.465934,0.000145
1071,更万用的瞄准镜,1327,坚若磐石,0.44632,0.000084
1389,男爵之手,1414,卡皮巴拉空投,0.498216,0.000003
1243,质变：混沌,1388,无限循环往复,0.522605,0.000099
1301,神圣干预,1389,男爵之手,0.542435,0.000011
1030,尤里卡,1317,升级：弯刀,0.435304,0.000001
1038,有始有终,1077,灵魂虹吸,0.513154,0.000389
1334,升级：雪球,1424,???,0.456489,0.00002
1086,精准奇才,1402,属性叠属性叠属性！,0.493614,0.000009
1323,残忍,1388,无限循环往复,0.520075,0.00013
1039,冰霜 幽灵,1061,回力OK镖,0.52821,0.0007
1032,裁决使,1068,循环往复,0.494508,0.003261
1136,扇巴掌,1344,最终形态,0.495434,0.000611
1211,杀戮时间到了,1403,属性叠属性！,0.513196,0.000151
1019,全凭身法,1310,小丑学院,0.514688,0.000558
1095,风语者的祝福,1115,最万用的瞄准镜,0.4654,0.000029
1027,大地苏醒,2002,虚空裂隙,0.480014,0.000006
1076,天音爆,1095,风语者的祝福,0.559626,0.000272
1072,炽烈黎明,1324,蛋白粉奶昔,0.444854,0.000045
1361,任务：艾卡西亚的陷落,2006,飞身踢,0.544793,0.000235
1020,黎明使者的坚决,1187,闪光弹,0.487237,0.000033
1243,质变：混沌,1353,坦克引擎,0.494084,0.001311
1038,有始有终,1225,双刀流,0.542147,0.000472
1073,暗影疾奔,2008,负重爆气,0.504225,0.000202
1133,魔法飞弹,1149,不动如山,0.469716,0.000272
1084,穿针引线,1205,物理转魔法,0.472956,0.001882
1149,不动如山,1313,作弊：我能回城！,0.476426,0.000378
1305,练腿日,1311,溢流,0.503154,0.000252
1220,连拨击锤,1403,属性叠属性！,0.488553,0.000086
1220,连拨击锤,1318,升级：中娅,0.448524,0.000028
1063,狂徒豪气,1372,小猫咪找妈妈,0.461159,0.000003
1047,关键暴击,1424,???,0.433999,0.00001
1152,任务：钢化你心,1384,捐赠,0.499242,0.000489
1006,利刃华尔兹,1154,任务：海牛阿福的勇士,0.469896,0.000045
1085,折磨者,1349,终极唤醒,0.459646,0.000062
1057,山脉龙魂,1066,量子计算,0.464645,0.000114
1103,面包和黄油,1372,小猫咪找妈妈,0.467849,0.000036
1045,炼狱导管,1379,未知符文_1379,0.435963,0.000001
1156,任务：沃格勒特的巫师帽,1305,练腿日,0.510626,0.00024
1022,灵巧,1336,升级：无尽之刃,0.543167,0.001962
1047,关键暴击,1414,卡皮巴拉空投,0.415779,0.000016
1389,男爵之手,1418,砸开那颗蛋,0.528141,0
1356,暴击飞弹,2005,扳机炼狱,0.451039,0.000029
1030,尤里卡,1316,刃下生风,0.502996,0.000112
1042,恶趣味,1391,红包,0.52675,0.000131
1103,面包和黄油,1353,坦克引擎,0.48056,0.001548
1346,吸血习性,2004,信念者的强化,0.440341,0.000011
1104,仆从大师,1391,红包,0.555619,0.000033
1136,扇巴掌,1325,玻璃大炮,0.460073,0.000111
1149,不动如山,1318,升级：中娅,0.455626,0.000048
1323,残忍,2010,双发快射,0.423141,0.000008
1058,秘术冲拳,1326,夜狩,0.444554,0.00044
1002,尖端发明家,1390,超凡邪恶,0.466362,0.000845
1353,坦克引擎,1361,任务：艾卡西亚的陷落,0.563671,0.001186
1087,台风,1250,一板一眼,0.429404,0.0004
0,无符文,1048,珠光护手,0.586278,0.058679
1034,防护面纱,1097,巫师式思考,0.495718,0.000302
1194,精怪魔法,1325,玻璃大炮,0.445128,0.000067
1013,星界躯体,1384,捐赠,0.498762,0.000396
1035,感受燃烧,1061,回力OK镖,0.509489,0.000057
1092,易损,1337,尊我为王,0.5125,0.000109
1009,霸符兄弟,1073,暗影疾奔,0.540792,0.000153
1208,轨道镭射,1320,升级：收集者,0.434207,0.000017
1051,点亮他们！,1315,快中求稳,0.536435,0.00009
1076,天音爆,1415,双生火焰,0.467663,0.000025
1151,面包和奶酪,1344,最终形态,0.479783,0.000307
1029,虚幻武器,1092,易损,0.487941,0.000721
1028,侵蚀,1373,缩小引擎,0.522058,0.000188
1333,逃跑计划,1344,最终形态,0.538407,0.00064
1006,利刃华尔兹,1416,海克斯科技龙魂,0.456911,0.000044
1250,一板一眼,2007,你肩上的恶魔,0.448119,0.000043
1104,仆从大师,1375,吞噬灵魂,0.511233,0.000015
1317,升级：弯刀,1996,升级：耀光,0.410203,0.000003
1138,渴血,1320,升级：收集者,0.511867,0.002053
1134,亮出你的剑,1225,双刀流,0.594416,0.000465
1046,炼狱龙魂,1413,和我一起困在这里,0.452121,0.000021
1011,你摸不到,1421,舞会女王,0.479637,0.000006
1237,质变：黄金阶,2003,魄罗之王的弹跳,0.511829,0.000035
1151,面包和奶酪,2002,虚空裂隙,0.49969,0.000165
1009,霸符兄弟,1136,扇巴掌,0.524662,0.000228
1046,炼狱龙魂,1056,由心及物,0.500749,0.000261
1022,灵巧,1413,和我一起困在这里,0.48262,0.000018
1151,面包和奶酪,2003,魄罗之王的弹跳,0.462979,0.000029
1054,物法皆修,1403,属性叠属性！,0.490435,0.000053
1026,唯快不破,1134,亮出你的剑,0.585235,0.000084
1156,任务：沃格勒特的巫师帽,1348,闪闪现现,0.472403,0.000041
1032,裁决使,1358,弹球,0.455534,0.000407
1108,自我毁灭,1330,活力再生,0.435889,0.000006
1013,星界躯体,1134,亮出你的剑,0.553733,0.000064
1088,终极刷新,1386,转得我眩晕了,0.3959,0.000001
1134,亮出你的剑,1315,快中求稳,0.657655,0.000147
1034,防护面纱,1098,急急小子,0.485741,0.000083
1082,残暴之力,1344,最终形态,0.498436,0.000664
1028,侵蚀,1341,帽上加帽,0.504843,0.00022
1011,你摸不到,1353,坦克引擎,0.444761,0.000272
1112,终极不可阻挡,1391,红包,0.532622,0.000132
1105,家园卫士,1353,坦克引擎,0.50527,0.000574
1077,灵魂虹吸,12317,潘朵拉的盒子,0.510614,0.000001
1133,魔法飞弹,1320,升级：收集者,0.458225,0.00043
1030,尤里卡,1063,狂徒豪气,0.52342,0.000209
1087,台风,1372,小猫咪找妈妈,0.468166,0.000006
1138,渴血,1331,至高天诺言,0.421906,0.000009
1081,踢踏舞,1105,家园卫士,0.524454,0.000385
1041,歌利亚巨人,1104,仆从大师,0.487514,0.000055
1341,帽上加帽,1401,生机迸发,0.470625,0.000047
1323,残忍,2008,负重爆气,0.489267,0.000209
1063,狂徒豪气,1318,升级：中娅,0.492678,0.000058
1180,超强大脑,1344,最终形态,0.491279,0.000139
1082,残暴之力,1097,巫师式思考,0.453893,0.000031
1068,循环往复,12317,潘朵拉的盒子,0.50719,0.000002
1243,质变：混沌,1341,帽上加帽,0.488209,0.000395
1391,红包,1405,速度恶魔,0.553572,0.000615
1075,慢炖,1198,圣火,0.491538,0.000205
1107,接二连三,1318,升级：中娅,0.443714,0.000033
1097,巫师式思考,2016,注魔,0.466786,0.000081
1129,神射法师,1335,夺金,0.486625,0.000111
2003,魄罗之王的弹跳,2005,扳机炼狱,0.479832,0.000012
1009,霸符兄弟,1041,歌利亚巨人,0.520999,0.000422
1129,神射法师,1358,弹球,0.457335,0.000096
1051,点亮他们！,1342,雪球扭蛋机,0.46784,0.000066
1329,史上最大雪球,1335,夺金,0.474306,0.000023
1085,折磨者,1113,老练狙神,0.482823,0.000142
1388,无限循环往复,2003,魄罗之王的弹跳,0.478669,0.000035
1027,大地苏醒,1424,???,0.454601,0.000002
1133,魔法飞弹,1330,活力再生,0.449472,0.000112
1318,升级：中娅,1413,和我一起困在这里,0.462811,0.000009
1402,属性叠属性叠属性！,1409,魄罗爆破手,0.51572,0.000113
1064,坚韧,1070,无休回复,0.478457,0.000638
1081,踢踏舞,1154,任务：海牛阿福的勇士,0.505323,0.000063
1310,小丑学院,1313,作弊：我能回城！,0.499984,0.000449
1195,巨人杀手,2006,飞身踢,0.522984,0.000213
1358,弹球,1411,升级：荆棘之甲,0.498049,0.00006
1058,秘术冲拳,1069,退敌力场,0.41678,0.000083
1002,尖端发明家,1375,吞噬灵魂,0.472598,0.000772
1058,秘术冲拳,1211,杀戮时间到了,0.443831,0.000311
1129,神射法师,12317,潘朵拉的盒子,0.474499,0.000001
1035,感受燃烧,1051,点亮他们！,0.470549,0.000042
1037,急救用具,1373,缩小引擎,0.519638,0.000199
1372,小猫咪找妈妈,1420,咏叹奏鸣,0.55494,0.000265
1389,男爵之手,1415,双生火焰,0.51456,0.000019
1015,死亡之环,1170,万用瞄准镜,0.456959,0.000045
1020,黎明使者的坚决,1050,基石法师,0.478625,0.000067
1022,灵巧,2018,纯粹主义者 - 术师,0.439075,0.000078
1032,裁决使,1071,更万用的瞄准镜,0.488361,0.002546
1073,暗影疾奔,1129,神射法师,0.519048,0.0005
1027,大地苏醒,1133,魔法飞弹,0.452887,0.000098
1002,尖端发明家,1319,升级：献祭,0.48782,0.00079
1052,闪电打击,1205,物理转魔法,0.45514,0.000185
1019,全凭身法,1025,俯冲轰炸,0.493299,0.000349
1007,大力,1347,吵闹鬼,0.48481,0.000029
1046,炼狱龙魂,2018,纯粹主义者 - 术师,0.464249,0.000069
1356,暴击飞弹,2003,魄罗之王的弹跳,0.446985,0.000024
1310,小丑学院,1411,升级：荆棘之甲,0.546984,0.000037
1009,霸符兄弟,1238,质变：棱彩阶,0.528997,0.00068
1068,循环往复,2003,魄罗之王的弹跳,0.476319,0.00006
1225,双刀流,1403,属性叠属性！,0.585225,0.000158
1129,神射法师,1322,罪恶快感,0.481193,0.00049
1051,点亮他们！,1326,夜狩,0.48129,0.000153
1112,终极不可阻挡,2003,魄罗之王的弹跳,0.454622,0.000018
1113,老练狙神,1208,轨道镭射,0.460589,0.000056
1314,强力护盾,1324,蛋白粉奶昔,0.451642,0.000253
1036,火上浇油,1195,巨人杀手,0.527919,0.001182
1046,炼狱龙魂,1237,质变：黄金阶,0.48323,0.000449
1027,大地苏醒,1129,神射法师,0.469392,0.000082
1023,魔鬼之舞,1353,坦克引擎,0.517363,0.001283
1098,急急小子,1996,升级：耀光,0.501164,0.000074
1046,炼狱龙魂,1391,红包,0.544461,0.000465
1318,升级：中娅,1340,升级：米凯尔的祝福,0.502705,0.000022
2002,虚空裂隙,2026,杀意翻涌,0.490927,0.000034
1327,坚若磐石,1390,超凡邪恶,0.467022,0.000287
1349,终极唤醒,1403,属性叠属性！,0.516359,0.000046
1181,重量级打击手,1250,一板一眼,0.472655,0.000323
1036,火上浇油,1046,炼狱龙魂,0.459842,0.000441
1118,会心治疗,1402,属性叠属性叠属性！,0.509411,0.000092
1050,基石法师,1328,暴击律动,0.456212,0.00004
1025,俯冲轰炸,1027,大地苏醒,0.496647,0.000122
1072,炽烈黎明,1318,升级：中娅,0.479697,0.000096
1149,不动如山,1404,属性！,0.490549,0.000027
1112,终极不可阻挡,1326,夜狩,0.438829,0.000299
1149,不动如山,1388,无限循环往复,0.484911,0.000172
1220,连拨击锤,1415,双生火焰,0.429696,0.000694
1156,任务：沃格勒特的巫师帽,1318,升级：中娅,0.498032,0.001281
1348,闪闪现现,1403,属性叠属性！,0.547437,0
1105,家园卫士,2002,虚空裂隙,0.54214,0.000106
1030,尤里卡,1194,精怪魔法,0.490982,0.000243
1098,急急小子,1211,杀戮时间到了,0.484375,0.000284
1238,质变：棱彩阶,2016,注魔,0.505048,0.000053
1095,风语者的祝福,1416,海克斯科技龙魂,0.492156,0.000013
1060,海洋龙魂,1070,无休回复,0.513031,0.000225
1339,激光治疗,1347,吵闹鬼,0.714286,0
1028,侵蚀,1068,循环往复,0.516315,0.000403
1133,魔法飞弹,1337,尊我为王,0.525066,0.00026
1327,坚若磐石,1375,吞噬灵魂,0.469315,0.000489
1053,科学狂人,1086,精准奇才,0.503449,0.00006
1051,点亮他们！,1238,质变：棱彩阶,0.525953,0.000527
1036,火上浇油,1237,质变：黄金阶,0.485763,0.00029
1067,古式佳酿,1349,终极唤醒,0.50818,0.000278
1074,缩小射线,2004,信念者的强化,0.438303,0.000006
1332,不祥契约,1386,转得我眩晕了,0.431521,0.000001
1373,缩小引擎,1391,红包,0.564533,0.000676
1372,小猫咪找妈妈,2026,杀意翻涌,0.470898,0.000002
1028,侵蚀,1358,弹球,0.471157,0.000077
1073,暗影疾奔,1181,重量级打击手,0.519314,0.00019
1004,回归基本功,1150,面包和果酱,0.506981,0.000184
1062,全能龙魂,1334,升级：雪球,0.499634,0.000089
1320,升级：收集者,1379,未知符文_1379,0.42115,0.000003
1336,升级：无尽之刃,1404,属性！,0.548483,0.000077
1084,穿针引线,1356,暴击飞弹,0.490633,0.000302
1004,回归基本功,1206,魔法转物理,0.534902,0.000309
1086,精准奇才,1092,易损,0.4693,0.000126
1406,祖母的辣椒油,1413,和我一起困在这里,0.489234,0.000025
1345,心灵净化,1361,任务：艾卡西亚的陷落,0.502359,0.000108
1113,老练狙神,1134,亮出你的剑,0.508546,0.000226
1390,超凡邪恶,1400,最终都市列车,0.506625,0.000638
1062,全能龙魂,1413,和我一起困在这里,0.487743,0.000003
1180,超强大脑,1328,暴击律动,0.452943,0.000019
1071,更万用的瞄准镜,1238,质变：棱彩阶,0.526667,0.002469
1076,天音爆,1416,海克斯科技龙魂,0.48481,0.000013
1337,尊我为王,2010,双发快射,0.518122,0.000025
1006,利刃华尔兹,1071,更万用的瞄准镜,0.470455,0.00044
1361,任务：艾卡西亚的陷落,1392,神圣雪球,0.476684,0.000014
1310,小丑学院,1331,至高天诺言,1,0
1044,冰寒,1334,升级：雪球,0.497447,0.000545
1345,心灵净化,1421,舞会女王,0.481738,0.000078
1072,炽烈黎明,1237,质变：黄金阶,0.479378,0.000092
1002,尖端发明家,1214,旋转至胜,0.460058,0.000095
1077,灵魂虹吸,1086,精准奇才,0.449598,0.000084
1052,闪电打击,1420,咏叹奏鸣,0.521283,0.000151
1002,尖端发明家,1058,秘术冲拳,0.447158,0.000363
1044,冰寒,1341,帽上加帽,0.498567,0.000986
1048,珠光护手,1375,吞噬灵魂,0.473498,0.000472
1181,重量级打击手,1195,巨人杀手,0.523265,0.000406
1149,不动如山,1320,升级：收集者,0.436878,0.000028
1002,尖端发明家,1204,叠角龙,0.497294,0.000031
1195,巨人杀手,1328,暴击律动,0.5425,0.002248
1401,生机迸发,1405,速度恶魔,0.486706,0.000114
1316,刃下生风,1327,坚若磐石,0.424839,0.000011
1007,大力,1042,恶趣味,0.482304,0.000023
1022,灵巧,1400,最终都市列车,0.530583,0.000191
1195,巨人杀手,1208,轨道镭射,0.516405,0.00009
1032,裁决使,1344,最终形态,0.497128,0.002621
1048,珠光护手,1301,神圣干预,0.4607,0.000373
1070,无休回复,1356,暴击飞弹,0.519304,0.000037
1103,面包和黄油,2005,扳机炼狱,0.447554,0.000066
1028,侵蚀,1045,炼狱导管,0.55114,0.000591
1112,终极不可阻挡,1345,心灵净化,0.44988,0.000334
1373,缩小引擎,1421,舞会女王,0.527852,0.000077
1037,急救用具,2018,纯粹主义者 - 术师,0.489674,0.000033
1025,俯冲轰炸,1319,升级：献祭,0.49252,0.000281
1136,扇巴掌,1322,罪恶快感,0.490216,0.000488
1045,炼狱导管,1347,吵闹鬼,0.496112,0.000108
1341,帽上加帽,2003,魄罗之王的弹跳,0.45983,0.000027
1319,升级：献祭,1338,升级：狂妄,0.457092,0.000145
1329,史上最大雪球,1361,任务：艾卡西亚的陷落,0.501685,0.000028
1044,冰寒,1317,升级：弯刀,0.391822,0.000001
1052,闪电打击,1319,升级：献祭,0.465244,0.000065
1358,弹球,2002,虚空裂隙,0.483037,0.000089
1048,珠光护手,1329,史上最大雪球,0.469658,0.000295
1308,火狐,1996,升级：耀光,0.520524,0.000058
1029,虚幻武器,1067,古式佳酿,0.490512,0.000596
1022,灵巧,1108,自我毁灭,0.479402,0.000132
1046,炼狱龙魂,1361,任务：艾卡西亚的陷落,0.513164,0.000044
1048,珠光护手,1358,弹球,0.454689,0.000287
1372,小猫咪找妈妈,1406,祖母的辣椒油,0.501996,0.000049
1206,魔法转物理,1390,超凡邪恶,0.454976,0.000407
1214,旋转至胜,1250,一板一眼,0.540504,0.000343
1029,虚幻武器,1335,夺金,0.482101,0.000109
1384,捐赠,2018,纯粹主义者 - 术师,0.503579,0.000126
1011,你摸不到,1402,属性叠属性叠属性！,0.5114,0.000008
1037,急救用具,1406,祖母的辣椒油,0.507487,0.000253
1208,轨道镭射,1313,作弊：我能回城！,0.474245,0.00007
1011,你摸不到,1154,任务：海牛阿福的勇士,0.466843,0.000023
1061,回力OK镖,1331,至高天诺言,0.514556,0.000014
1038,有始有终,1206,魔法转物理,0.513117,0.000663
1322,罪恶快感,1386,转得我眩晕了,0.42079,0.000003
1338,升级：狂妄,1373,缩小引擎,0.522129,0.003642
1318,升级：中娅,1341,帽上加帽,0.475689,0.000596
2002,虚空裂隙,2007,你肩上的恶魔,0.439589,0.00002
1097,巫师式思考,1323,残忍,0.478611,0.000469
1029,虚幻武器,1064,坚韧,0.468867,0.000566
1404,属性！,2007,你肩上的恶魔,0.483215,0.000021
1194,精怪魔法,1225,双刀流,0.47916,0.000107
1066,量子计算,1116,闪现向前,0.479376,0.000038
1037,急救用具,1045,炼狱导管,0.470668,0.000263
1026,唯快不破,1095,风语者的祝福,0.461515,0.000012
1097,巫师式思考,1211,杀戮时间到了,0.48545,0.001694
1084,穿针引线,2018,纯粹主义者 - 术师,0.447797,0.000135
1057,山脉龙魂,1141,全心为你,0.463205,0.000022
1324,蛋白粉奶昔,1420,咏叹奏鸣,0.518495,0.000215
1345,心灵净化,1418,砸开那颗蛋,0.47971,0.000008
1061,回力OK镖,1337,尊我为王,0.5308,0.000036
1386,转得我眩晕了,2008,负重爆气,0.44546,0.000002
1050,基石法师,1329,史上最大雪球,0.481547,0.000099
1063,狂徒豪气,1409,魄罗爆破手,0.488094,0.000085
1336,升级：无尽之刃,1372,小猫咪找妈妈,0.444451,0.000005
1013,星界躯体,1361,任务：艾卡西亚的陷落,0.545599,0.000581
1129,神射法师,1337,尊我为王,0.503818,0.00011
1358,弹球,2006,飞身踢,0.459127,0.000129
1060,海洋龙魂,1384,捐赠,0.537321,0.000186
1060,海洋龙魂,1319,升级：献祭,0.523696,0.000189
1085,折磨者,1324,蛋白粉奶昔,0.453351,0.000135
1084,穿针引线,2003,魄罗之王的弹跳,0.462087,0.000072
1023,魔鬼之舞,1391,红包,0.552604,0.000141
1108,自我毁灭,1238,质变：棱彩阶,0.497015,0.000571
1053,科学狂人,1375,吞噬灵魂,0.505136,0.00018
1136,扇巴掌,1220,连拨击锤,0.456711,0.000096
1397,地狱三头犬,1413,和我一起困在这里,0.461672,0.000002
1070,无休回复,1331,至高天诺言,0.469337,0.000027
1389,男爵之手,1413,和我一起困在这里,0.512151,0.000001
1301,神圣干预,1313,作弊：我能回城！,0.472044,0.000297
1220,连拨击锤,1339,激光治疗,0.418528,0.000006
1053,科学狂人,1058,秘术冲拳,0.498985,0.000149
1103,面包和黄油,1324,蛋白粉奶昔,0.456339,0.000255
1057,山脉龙魂,1112,终极不可阻挡,0.445848,0.000055
1084,穿针引线,1325,玻璃大炮,0.435707,0.000512
1054,物法皆修,1133,魔法飞弹,0.445678,0.0004
1195,巨人杀手,1206,魔法转物理,0.539314,0.001577
1409,魄罗爆破手,1414,卡皮巴拉空投,0.458211,0.00008
1225,双刀流,1406,祖母的辣椒油,0.50153,0.000056
1023,魔鬼之舞,1187,闪光弹,0.489429,0.00007
1336,升级：无尽之刃,1389,男爵之手,0.552437,0.000026
1030,尤里卡,1402,属性叠属性叠属性！,0.524531,0.000067
1030,尤里卡,1332,不祥契约,0.501454,0.000411
1243,质变：混沌,1323,残忍,0.497776,0.00014
1072,炽烈黎明,1095,风语者的祝福,0.502545,0.000033
1022,灵巧,1092,易损,0.509264,0.000852
1060,海洋龙魂,2005,扳机炼狱,0.477111,0.000029
1032,裁决使,1054,物法皆修,0.444763,0.000617
1068,循环往复,1400,最终都市列车,0.52037,0.000315
1006,利刃华尔兹,2006,飞身踢,0.465122,0.000094
1401,生机迸发,1409,魄罗爆破手,0.490344,0.000128
1098,急急小子,2001,当心小蛋糕！,0.505936,0.000051
1047,关键暴击,1421,舞会女王,0.477738,0.000017
1028,侵蚀,1129,神射法师,0.487056,0.000225
1337,尊我为王,2009,狂热者,0.510812,0.000032
1181,重量级打击手,1321,砍伤,0.514105,0.00077
1206,魔法转物理,1323,残忍,0.395512,0.000019
1076,天音爆,1392,神圣雪球,0.446221,0.000011
1118,会心治疗,1996,升级：耀光,0.497695,0.000292
1072,炽烈黎明,1338,升级：狂妄,0.448238,0.00006
1141,全心为你,1220,连拨击锤,0.434004,0.000011
1103,面包和黄油,1384,捐赠,0.49651,0.000317
1326,夜狩,2001,当心小蛋糕！,0.479659,0.000135
1022,灵巧,1311,溢流,0.462962,0.000181
1032,裁决使,1064,坚韧,0.477866,0.001133
1018,巨像的勇气,1077,灵魂虹吸,0.432302,0.000028
1057,山脉龙魂,1333,逃跑计划,0.510899,0.000157
1006,利刃华尔兹,1141,全心为你,0.40988,0.000007
1034,防护面纱,2018,纯粹主义者 - 术师,0.465126,0.000018
1057,山脉龙魂,1129,神射法师,0.458724,0.000077
1372,小猫咪找妈妈,1388,无限循环往复,0.532388,0.000013
1372,小猫咪找妈妈,1402,属性叠属性叠属性！,0.50173,0.000002
1009,霸符兄弟,1414,卡皮巴拉空投,0.470802,0.000022
1057,山脉龙魂,1361,任务：艾卡西亚的陷落,0.527538,0.000121
1019,全凭身法,1070,无休回复,0.517214,0.000167
1082,残暴之力,1103,面包和黄油,0.464369,0.000508
1238,质变：棱彩阶,2007,你肩上的恶魔,0.465366,0.000036
1220,连拨击锤,1416,海克斯科技龙魂,0.433556,0.000059
1019,全凭身法,1414,卡皮巴拉空投,0.426012,0.00001
1034,防护面纱,1129,神射法师,0.48348,0.000189
1035,感受燃烧,1314,强力护盾,0.47709,0.000041
1194,精怪魔法,1342,雪球扭蛋机,0.456015,0.000072
1081,踢踏舞,1403,属性叠属性！,0.527358,0.000102
1152,任务：钢化你心,1346,吸血习性,0.476578,0.001957
1085,折磨者,2001,当心小蛋糕！,0.475621,0.000044
1181,重量级打击手,1311,溢流,0.479569,0.000208
1053,科学狂人,1084,穿针引线,0.512169,0.000398
1156,任务：沃格勒特的巫师帽,2005,扳机炼狱,0.472484,0.000007
1082,残暴之力,1415,双生火焰,0.465902,0.000063
1079,战争交响乐,1237,质变：黄金阶,0.482121,0.000315
1334,升级：雪球,1336,升级：无尽之刃,0.474241,0.000131
1113,老练狙神,1379,未知符文_1379,0.425301,0.000002
1041,歌利亚巨人,1339,激光治疗,0.455625,0.000025
1308,火狐,1321,砍伤,0.492511,0.000034
1061,回力OK镖,1214,旋转至胜,0.511735,0.000019
1004,回归基本功,1038,有始有终,0.557926,0.000327
1133,魔法飞弹,2010,双发快射,0.473936,0.000264
1051,点亮他们！,1402,属性叠属性叠属性！,0.518774,0.000045
1318,升级：中娅,1330,活力再生,0.44177,0.000005
1353,坦克引擎,1379,未知符文_1379,0.439923,0.000006
1341,帽上加帽,1416,海克斯科技龙魂,0.483031,0.000087
1105,家园卫士,1402,属性叠属性叠属性！,0.539778,0.000024
1105,家园卫士,1375,吞噬灵魂,0.508658,0.000089
1237,质变：黄金阶,1336,升级：无尽之刃,0.514825,0.000375
1353,坦克引擎,1372,小猫咪找妈妈,0.463227,0.000068
1104,仆从大师,1311,溢流,0.480641,0.000068
1048,珠光护手,1061,回力OK镖,0.496802,0.000363
1025,俯冲轰炸,1198,圣火,0.460755,0.000092
1345,心灵净化,1406,祖母的辣椒油,0.51818,0.00063
1025,俯冲轰炸,1301,神圣干预,0.507988,0.000346
1036,火上浇油,1321,砍伤,0.489365,0.00021
1058,秘术冲拳,1392,神圣雪球,0.442961,0.000022
1074,缩小射线,1345,心灵净化,0.44304,0.000456
1205,物理转魔法,1346,吸血习性,0.527134,0.003423
1156,任务：沃格勒特的巫师帽,1208,轨道镭射,0.47433,0.00002
1305,练腿日,1320,升级：收集者,0.487368,0.000322
1206,魔法转物理,2026,杀意翻涌,0.495375,0.000089
1053,科学狂人,1328,暴击律动,0.526977,0.000153
1310,小丑学院,1323,残忍,0.500177,0.000088
1087,台风,1346,吸血习性,0.527939,0.002759
1066,量子计算,1112,终极不可阻挡,0.457734,0.000096
1136,扇巴掌,1336,升级：无尽之刃,0.478341,0.000171
1038,有始有终,1116,闪现向前,0.505753,0.000096
1023,魔鬼之舞,1029,虚幻武器,0.504989,0.00028
1011,你摸不到,1088,终极刷新,0.434472,0.000341
1072,炽烈黎明,1401,生机迸发,0.473291,0.000015
1058,秘术冲拳,1138,渴血,0.491837,0.001637
1250,一板一眼,1321,砍伤,0.462894,0.000264
1332,不祥契约,1404,属性！,0.514964,0.000026
1379,未知符文_1379,1400,最终都市列车,0.442824,0.000001
2018,纯粹主义者 - 术师,2026,杀意翻涌,0.44317,0.000017
1305,练腿日,1334,升级：雪球,0.493235,0.000195
1035,感受燃烧,2018,纯粹主义者 - 术师,0.475012,0.000016
1138,渴血,1996,升级：耀光,0.516325,0.000762
1243,质变：混沌,1373,缩小引擎,0.536476,0.000249
1044,冰寒,1204,叠角龙,0.543742,0.000048
1400,最终都市列车,2001,当心小蛋糕！,0.511813,0.000123
1074,缩小射线,1108,自我毁灭,0.444328,0.000128
1386,转得我眩晕了,1420,咏叹奏鸣,0.474531,0.000001
1335,夺金,1339,激光治疗,0.465589,0.000004
1053,科学狂人,1322,罪恶快感,0.522049,0.000366
1019,全凭身法,1095,风语者的祝福,0.475549,0.000025
1198,圣火,1308,火狐,0.506292,0.000078
1006,利刃华尔兹,1020,黎明使者的坚决,0.471009,0.000114
12317,潘朵拉的盒子,1415,双生火焰,0.479119,0.000001
1058,秘术冲拳,1086,精准奇才,0.432196,0.00008
1388,无限循环往复,2009,狂热者,0.488297,0.000267
1225,双刀流,1327,坚若磐石,0.453898,0.000025
1023,魔鬼之舞,1045,炼狱导管,0.492767,0.000083
1058,秘术冲拳,2003,魄罗之王的弹跳,0.46006,0.000019
1004,回归基本功,1250,一板一眼,0.529574,0.000384
1079,战争交响乐,1327,坚若磐石,0.435989,0.000037
1039,冰霜 幽灵,1320,升级：收集者,0.447422,0.000051
1082,残暴之力,1118,会心治疗,0.475581,0.000352
1322,罪恶快感,1389,男爵之手,0.520818,0.000023
1315,快中求稳,1339,激光治疗,0.442454,0.000004
1062,全能龙魂,1349,终极唤醒,0.488788,0.000109
1150,面包和果酱,1324,蛋白粉奶昔,0.462286,0.000241
1415,双生火焰,2004,信念者的强化,0.454631,0.000017
1205,物理转魔法,2005,扳机炼狱,0.436575,0.000033
1329,史上最大雪球,1409,魄罗爆破手,0.492688,0.000214
1250,一板一眼,1400,最终都市列车,0.522305,0.000254
1104,仆从大师,1322,罪恶快感,0.457758,0.000031
1061,回力OK镖,1080,会心防御,0.491825,0.000045
1180,超强大脑,2004,信念者的强化,0.460527,0.000008
1085,折磨者,1170,万用瞄准镜,0.436559,0.000026
1066,量子计算,1346,吸血习性,0.503266,0.00083
1061,回力OK镖,1112,终极不可阻挡,0.470939,0.000042
12317,潘朵拉的盒子,1390,超凡邪恶,0.480132,0.000003
1081,踢踏舞,1301,神圣干预,0.461277,0.000121
2005,扳机炼狱,2018,纯粹主义者 - 术师,0.424463,0.000019
1206,魔法转物理,1405,速度恶魔,0.487525,0.000177
1048,珠光护手,1088,终极刷新,0.466995,0.000382
1347,吵闹鬼,2002,虚空裂隙,0.477951,0.000018
1076,天音爆,2024,由暴生急,0.457912,0.000004
1421,舞会女王,1996,升级：耀光,0.498174,0.000016
1052,闪电打击,1402,属性叠属性叠属性！,0.537572,0.000079
1087,台风,1389,男爵之手,0.512017,0.000012
1205,物理转魔法,1317,升级：弯刀,0.383804,0.000001
1060,海洋龙魂,1334,升级：雪球,0.50174,0.000214
1063,狂徒豪气,1187,闪光弹,0.506839,0.000115
1324,蛋白粉奶昔,1344,最终形态,0.451097,0.000167
1047,关键暴击,1136,扇巴掌,0.468008,0.000157
1037,急救用具,1347,吵闹鬼,0.460672,0.000027
1054,物法皆修,1072,炽烈黎明,0.432609,0.000039
1045,炼狱导管,1361,任务：艾卡西亚的陷落,0.524802,0.000033
1022,灵巧,1129,神射法师,0.492637,0.000629
1308,火狐,1413,和我一起困在这里,0.497296,0.000014
1406,祖母的辣椒油,1996,升级：耀光,0.499462,0.000069
1136,扇巴掌,1150,面包和果酱,0.48999,0.000469
1314,强力护盾,1349,终极唤醒,0.462321,0.000069
1105,家园卫士,1321,砍伤,0.489831,0.000067
1058,秘术冲拳,1342,雪球扭蛋机,0.461183,0.00013
1036,火上浇油,1084,穿针引线,0.466543,0.000731
1045,炼狱导管,1062,全能龙魂,0.526494,0.000218
1084,穿针引线,1424,???,0.439719,0.000034
1082,残暴之力,1384,捐赠,0.514797,0.000281
1006,利刃华尔兹,1311,溢流,0.464072,0.000197
1050,基石法师,1361,任务：艾卡西亚的陷落,0.501327,0.000016
1036,火上浇油,1314,强力护盾,0.448161,0.00005
1331,至高天诺言,1405,速度恶魔,0.479783,0.000012
1009,霸符兄弟,1061,回力OK镖,0.52396,0.000094
1057,山脉龙魂,1308,火狐,0.494926,0.000034
1097,巫师式思考,2003,魄罗之王的弹跳,0.462615,0.000043
1046,炼狱龙魂,1390,超凡邪恶,0.488608,0.000603
1087,台风,1204,叠角龙,0.518695,0.000012
1013,星界躯体,1129,神射法师,0.453223,0.000211
1424,???,2001,当心小蛋糕！,0.455126,0.000011
1060,海洋龙魂,1346,吸血习性,0.525984,0.001243
1025,俯冲轰炸,2024,由暴生急,0.498131,0.000034
1154,任务：海牛阿福的勇士,1416,海克斯科技龙魂,0.486448,0.000022
1330,活力再生,1332,不祥契约,0.445761,0.00001
1067,古式佳酿,1333,逃跑计划,0.53594,0.000481
1136,扇巴掌,1170,万用瞄准镜,0.484046,0.00023
1150,面包和果酱,1187,闪光弹,0.457473,0.000068
1018,巨像的勇气,1045,炼狱导管,0.485175,0.000114
1044,冰寒,1133,魔法飞弹,0.519926,0.003959
1327,坚若磐石,1404,属性！,0.491181,0.000018
1116,闪现向前,1331,至高天诺言,0.423571,0.000001
1136,扇巴掌,1332,不祥契约,0.476124,0.000221
1220,连拨击锤,1349,终极唤醒,0.449447,0.000102
1098,急急小子,1305,练腿日,0.490633,0.000198
1015,死亡之环,1327,坚若磐石,0.490647,0.00013
1077,灵魂虹吸,1402,属性叠属性叠属性！,0.529532,0.00005
1404,属性！,1406,祖母的辣椒油,0.559896,0.000126
1042,恶趣味,1402,属性叠属性叠属性！,0.486172,0.000021
1150,面包和果酱,1340,升级：米凯尔的祝福,0.517798,0.00005
1225,双刀流,1353,坦克引擎,0.521255,0.000522
1136,扇巴掌,1390,超凡邪恶,0.515317,0.007306
1181,重量级打击手,1421,舞会女王,0.505437,0.000125
1004,回归基本功,2026,杀意翻涌,0.511505,0.00004
1029,虚幻武器,2016,注魔,0.477505,0.000107
1047,关键暴击,1353,坦克引擎,0.476448,0.000415
1205,物理转魔法,1356,暴击飞弹,0.464518,0.000165
1045,炼狱导管,2024,由暴生急,0.451157,0.000036
1002,尖端发明家,1070,无休回复,0.484817,0.000272
1097,巫师式思考,1149,不动如山,0.462381,0.000126
1150,面包和果酱,2007,你肩上的恶魔,0.411884,0.00002
1019,全凭身法,1338,升级：狂妄,0.487405,0.000988
1025,俯冲轰炸,1311,溢流,0.500728,0.00036
1034,防护面纱,1205,物理转魔法,0.491625,0.000302
1057,山脉龙魂,1339,激光治疗,0.456757,0.000014
1337,尊我为王,1342,雪球扭蛋机,0.493703,0.000063
1066,量子计算,1344,最终形态,0.497459,0.000198
1023,魔鬼之舞,1042,恶趣味,0.490616,0.000122
1301,神圣干预,2006,飞身踢,0.47939,0.000162
1047,关键暴击,1098,急急小子,0.453171,0.000116
1082,残暴之力,1331,至高天诺言,0.397566,0.000003
1325,玻璃大炮,1332,不祥契约,0.491022,0.000075
1007,大力,1404,属性！,0.562901,0.000033
1088,终极刷新,1421,舞会女王,0.47229,0.000009
0,无符文,1154,任务：海牛阿福的勇士,0.632909,0.005313
1345,心灵净化,1348,闪闪现现,0.445179,0.000065
1314,强力护盾,2007,你肩上的恶魔,0.407647,0.000011
1047,关键暴击,1386,转得我眩晕了,0.427139,0.000001
1067,古式佳酿,1211,杀戮时间到了,0.485119,0.000509
1087,台风,1317,升级：弯刀,0.426519,0.000003
1080,会心防御,1338,升级：狂妄,0.508573,0.000374
1204,叠角龙,1337,尊我为王,0.543361,0.000008
1325,玻璃大炮,1353,坦克引擎,0.462546,0.00015
1007,大力,1315,快中求稳,0.555414,0.000172
1039,冰霜 幽灵,2024,由暴生急,0.449366,0.000009
1026,唯快不破,2016,注魔,0.484915,0.000006
1060,海洋龙魂,1098,急急小子,0.511235,0.000132
1322,罪恶快感,2004,信念者的强化,0.443863,0.000003
1136,扇巴掌,2003,魄罗之王的弹跳,0.489499,0.000117
1009,霸符兄弟,1347,吵闹鬼,0.492226,0.000034
1071,更万用的瞄准镜,1375,吞噬灵魂,0.477431,0.000217
1030,尤里卡,1103,面包和黄油,0.490604,0.001306
1002,尖端发明家,1030,尤里卡,0.474272,0.000662
1068,循环往复,1348,闪闪现现,0.469074,0.000067
1050,基石法师,1424,???,0.465246,0.000014
1054,物法皆修,1320,升级：收集者,0.434506,0.000393
1058,秘术冲拳,2010,双发快射,0.506206,0.000284
1002,尖端发明家,1325,玻璃大炮,0.430879,0.00009
1349,终极唤醒,1416,海克斯科技龙魂,0.459113,0.000039
1044,冰寒,1154,任务：海牛阿福的勇士,0.477448,0.000112
1023,魔鬼之舞,1056,由心及物,0.494288,0.000093
1037,急救用具,1048,珠光护手,0.457228,0.000278
1181,重量级打击手,2026,杀意翻涌,0.50684,0.000072
1204,叠角龙,1323,残忍,0.490061,0.000015
1187,闪光弹,1348,闪闪现现,0.457396,0.000038
1338,升级：狂妄,1347,吵闹鬼,0.459355,0.000075
1330,活力再生,1339,激光治疗,0.395177,0.000002
1095,风语者的祝福,1308,火狐,0.595443,0.000071
1372,小猫咪找妈妈,1390,超凡邪恶,0.487872,0.000064
1068,循环往复,1151,面包和奶酪,0.497054,0.000914
1018,巨像的勇气,1339,激光治疗,0.449737,0.000013
1086,精准奇才,2001,当心小蛋糕！,0.474439,0.000024
1187,闪光弹,1314,强力护盾,0.46535,0.000029
1053,科学狂人,1092,易损,0.526446,0.000185
1038,有始有终,1194,精怪魔法,0.491171,0.000234
1047,关键暴击,1206,魔法转物理,0.495763,0.000469
1064,坚韧,1344,最终形态,0.467857,0.000774
1097,巫师式思考,1384,捐赠,0.519276,0.000544
1037,急救用具,1181,重量级打击手,0.500412,0.000441
1075,慢炖,1204,叠角龙,0.509096,0.00004
1029,虚幻武器,1316,刃下生风,0.477396,0.000138
1103,面包和黄油,1347,吵闹鬼,0.462336,0.000083
1062,全能龙魂,1379,未知符文_1379,0.443716,0
1072,炽烈黎明,1361,任务：艾卡西亚的陷落,0.50564,0.000013
1060,海洋龙魂,1061,回力OK镖,0.520956,0.000104
1250,一板一眼,1314,强力护盾,0.430594,0.000063
1081,踢踏舞,2004,信念者的强化,0.467925,0.000003
1057,山脉龙魂,1118,会心治疗,0.450546,0.000276
1220,连拨击锤,1305,练腿日,0.471279,0.000213
1170,万用瞄准镜,1205,物理转魔法,0.452464,0.000158
1339,激光治疗,1372,小猫咪找妈妈,0.472672,0.000037
1036,火上浇油,1400,最终都市列车,0.491372,0.000114
1133,魔法飞弹,1180,超强大脑,0.515339,0.001736
1029,虚幻武器,1058,秘术冲拳,0.532117,0.001031
1015,死亡之环,1411,升级：荆棘之甲,0.540889,0.000039
1356,暴击飞弹,1418,砸开那颗蛋,0.46131,0.000001
1326,夜狩,2004,信念者的强化,0.385249,0.000001
1061,回力OK镖,1340,升级：米凯尔的祝福,0.588777,0.000028
1243,质变：混沌,1335,夺金,0.503972,0.000098
1170,万用瞄准镜,1311,溢流,0.451792,0.000139
1061,回力OK镖,1418,砸开那颗蛋,0.543145,0.000003
1322,罪恶快感,1420,咏叹奏鸣,0.5112,0.000206
1045,炼狱导管,1047,关键暴击,0.471159,0.000216
1037,急救用具,1053,科学狂人,0.504955,0.000116
1057,山脉龙魂,1250,一板一眼,0.468334,0.000079
1045,炼狱导管,1373,缩小引擎,0.550945,0.000825
1152,任务：钢化你心,1325,玻璃大炮,0.455313,0.00006
1019,全凭身法,1402,属性叠属性叠属性！,0.515351,0.000022
1032,裁决使,1088,终极刷新,0.452822,0.000987
1062,全能龙魂,1107,接二连三,0.483859,0.000168
1035,感受燃烧,1220,连拨击锤,0.46919,0.000083
1004,回归基本功,1011,你摸不到,0.6,0
1030,尤里卡,1080,会心防御,0.49715,0.000122
1042,恶趣味,1390,超凡邪恶,0.485212,0.000305
2007,你肩上的恶魔,2026,杀意翻涌,0.430692,0.000025
1373,缩小引擎,1379,未知符文_1379,0.472004,0.000007
1205,物理转魔法,1332,不祥契约,0.485507,0.000734
1322,罪恶快感,1390,超凡邪恶,0.478636,0.000315
1156,任务：沃格勒特的巫师帽,1421,舞会女王,0.506179,0.000006
1152,任务：钢化你心,1180,超强大脑,0.430933,0.000169
1358,弹球,1401,生机迸发,0.538462,0
1070,无休回复,1386,转得我眩晕了,0.447549,0.000001
1035,感受燃烧,1073,暗影疾奔,0.517175,0.000097
1141,全心为你,1225,双刀流,0.494532,0.00002
1358,弹球,1424,???,0.443423,0.000015
1316,刃下生风,1338,升级：狂妄,0.497178,0.000963
1037,急救用具,1071,更万用的瞄准镜,0.484581,0.000161
1045,炼狱导管,1063,狂徒豪气,0.50695,0.000115
1013,星界躯体,1337,尊我为王,0.505284,0.000189
1067,古式佳酿,1098,急急小子,0.506677,0.000222
1180,超强大脑,1421,舞会女王,0.484984,0.000012
1243,质变：混沌,1996,升级：耀光,0.503211,0.000176
1009,霸符兄弟,1048,珠光护手,0.501247,0.000866
1115,最万用的瞄准镜,1214,旋转至胜,0.485449,0.00006
1180,超强大脑,1195,巨人杀手,0.548348,0.000714
1318,升级：中娅,1389,男爵之手,0.515212,0.000019
1054,物法皆修,1996,升级：耀光,0.478735,0.000381
1322,罪恶快感,2008,负重爆气,0.469232,0.000312
1034,防护面纱,1116,闪现向前,0.474556,0.000027
1025,俯冲轰炸,1116,闪现向前,0.489691,0.000065
1342,雪球扭蛋机,1347,吵闹鬼,1,0
1052,闪电打击,2024,由暴生急,0.466369,0.000129
1105,家园卫士,1331,至高天诺言,0.48975,0.000022
1061,回力OK镖,1329,史上最大雪球,0.489189,0.000068
1009,霸符兄弟,1107,接二连三,0.497094,0.000239
1007,大力,1310,小丑学院,0.558096,0.00054
1104,仆从大师,1400,最终都市列车,0.504171,0.00002
1151,面包和奶酪,1334,升级：雪球,0.478193,0.000197
1027,大地苏醒,1104,仆从大师,0.469577,0.000005
1064,坚韧,1322,罪恶快感,0.480071,0.000411
1339,激光治疗,2010,双发快射,0.42208,0.000003
1019,全凭身法,1388,无限循环往复,0.471855,0.000126
1080,会心防御,2001,当心小蛋糕！,0.515319,0.000066
0,无符文,1339,激光治疗,0.611676,0.001639
1187,闪光弹,2006,飞身踢,0.471694,0.000001
1133,魔法飞弹,1344,最终形态,0.49172,0.000428
1237,质变：黄金阶,1415,双生火焰,0.51122,0.000109
0,无符文,1118,会心治疗,0.598152,0.03417
1118,会心治疗,1337,尊我为王,0.504936,0.000143
1058,秘术冲拳,1141,全心为你,0.436284,0.000019
1046,炼狱龙魂,1141,全心为你,0.449894,0.000032
1015,死亡之环,1041,歌利亚巨人,0.517869,0.000279
1084,穿针引线,2002,虚空裂隙,0.495979,0.000349
1194,精怪魔法,2001,当心小蛋糕！,0.481662,0.000025
1048,珠光护手,1348,闪闪现现,0.443998,0.000098
1050,基石法师,1333,逃跑计划,0.53201,0.00023
12317,潘朵拉的盒子,1321,砍伤,0.583982,0
1315,快中求稳,2005,扳机炼狱,0.489669,0.000078
1022,灵巧,1151,面包和奶酪,0.474236,0.000393
1418,砸开那颗蛋,1421,舞会女王,0.50157,0.000001
1086,精准奇才,1134,亮出你的剑,0.517888,0.000046
1020,黎明使者的坚决,1345,心灵净化,0.471927,0.000279
1092,易损,1308,火狐,0.51636,0.000143
1321,砍伤,2026,杀意翻涌,0.481993,0.000049
1400,最终都市列车,1403,属性叠属性！,0.55468,0.00014
1321,砍伤,1326,夜狩,0.463611,0.000144
1375,吞噬灵魂,1402,属性叠属性叠属性！,0.488269,0.000088
1373,缩小引擎,2016,注魔,0.494057,0.000106
1060,海洋龙魂,1076,天音爆,0.49345,0.000074
1069,退敌力场,1194,精怪魔法,0.430975,0.000043
1086,精准奇才,1330,活力再生,0.437498,0.000046
1082,残暴之力,1332,不祥契约,0.44077,0.000027
1011,你摸不到,1084,穿针引线,0.449595,0.000282
1086,精准奇才,1375,吞噬灵魂,0.476914,0.000033
1015,死亡之环,1154,任务：海牛阿福的勇士,0.454943,0.000012
1064,坚韧,1220,连拨击锤,0.452349,0.000102
1057,山脉龙魂,1154,任务：海牛阿福的勇士,0.465733,0.000043
1025,俯冲轰炸,12317,潘朵拉的盒子,0.524254,0.000001
1067,古式佳酿,1141,全心为你,0.479542,0.000186
1011,你摸不到,1067,古式佳酿,0.45495,0.000117
1019,全凭身法,2024,由暴生急,0.429494,0.000043
1152,任务：钢化你心,1329,史上最大雪球,0.462462,0.000333
1301,神圣干预,2024,由暴生急,0.452684,0.000019
1044,冰寒,1053,科学狂人,0.520742,0.000254
1048,珠光护手,1333,逃跑计划,0.527155,0.001226
1036,火上浇油,1085,折磨者,0.463196,0.000103
1069,退敌力场,1206,魔法转物理,0.444494,0.000053
1318,升级：中娅,1392,神圣雪球,0.453727,0.000067
1214,旋转至胜,1397,地狱三头犬,0.46643,0.00004
1206,魔法转物理,1314,强力护盾,0.496135,0.000069
1373,缩小引擎,1411,升级：荆棘之甲,0.545042,0.000122
1037,急救用具,1061,回力OK镖,0.540388,0.000089
1063,狂徒豪气,1107,接二连三,0.528429,0.000422
1050,基石法师,1420,咏叹奏鸣,0.557953,0.000164
1077,灵魂虹吸,1205,物理转魔法,0.453612,0.000245
1041,歌利亚巨人,1316,刃下生风,0.48696,0.000236
1051,点亮他们！,1095,风语者的祝福,0.473465,0.000014
1206,魔法转物理,1316,刃下生风,0.506641,0.000232
1206,魔法转物理,1337,尊我为王,0.502143,0.00012
1042,恶趣味,1319,升级：献祭,0.5046,0.000378
1072,炽烈黎明,2018,纯粹主义者 - 术师,0.463727,0.000016
1076,天音爆,1413,和我一起困在这里,0.462966,0.000002
1086,精准奇才,1386,转得我眩晕了,0.435884,0.000001
1318,升级：中娅,1342,雪球扭蛋机,0.481213,0.000192
1141,全心为你,1411,升级：荆棘之甲,0.498064,0.000004
1150,面包和果酱,1315,快中求稳,0.491332,0.000221
1019,全凭身法,1044,冰寒,0.453185,0.000077
1070,无休回复,1079,战争交响乐,0.49233,0.000138
1027,大地苏醒,1415,双生火焰,0.444629,0.000013
1013,星界躯体,1220,连拨击锤,0.455086,0.000102
1092,易损,1353,坦克引擎,0.484606,0.000653
1342,雪球扭蛋机,1397,地狱三头犬,0.455243,0.000059
1318,升级：中娅,1379,未知符文_1379,0.422686,0.000001
1326,夜狩,2003,魄罗之王的弹跳,0.454831,0.000038
1052,闪电打击,1076,天音爆,0.462922,0.000017
1046,炼狱龙魂,1134,亮出你的剑,0.581671,0.000317
1156,任务：沃格勒特的巫师帽,1391,红包,0.542337,0.000326
1211,杀戮时间到了,2016,注魔,0.46432,0.00007
1032,裁决使,1035,感受燃烧,0.489835,0.000465
1050,基石法师,1320,升级：收集者,0.452645,0.00005
1029,虚幻武器,1358,弹球,0.453289,0.000094
1315,快中求稳,1372,小猫咪找妈妈,0.462377,0.000003
12317,潘朵拉的盒子,1337,尊我为王,0.522968,0
1206,魔法转物理,1220,连拨击锤,0.461232,0.000432
1079,战争交响乐,1348,闪闪现现,0.435228,0.000027
1081,踢踏舞,1392,神圣雪球,0.427465,0.000011
1030,尤里卡,1320,升级：收集者,0.462857,0.000075
1041,歌利亚巨人,1154,任务：海牛阿福的勇士,0.493934,0.000113
1098,急急小子,1112,终极不可阻挡,0.450471,0.000073
1045,炼狱导管,1205,物理转魔法,0.508506,0.002691
1074,缩小射线,1405,速度恶魔,0.45105,0.000143
1074,缩小射线,1152,任务：钢化你心,0.459464,0.000429
1344,最终形态,2016,注魔,0.521575,0.000032
1138,渴血,1400,最终都市列车,0.535605,0.000378
1037,急救用具,1195,巨人杀手,0.509923,0.000237
1086,精准奇才,1097,巫师式思考,0.488598,0.000318
1077,灵魂虹吸,1406,祖母的辣椒油,0.487405,0.000078
1009,霸符兄弟,1342,雪球扭蛋机,0.501781,0.000125
1068,循环往复,1082,残暴之力,0.485831,0.000575
1107,接二连三,2026,杀意翻涌,0.483163,0.000118
1311,溢流,2007,你肩上的恶魔,0.452724,0.000066
1149,不动如山,2010,双发快射,0.433603,0.000007
0,无符文,1310,小丑学院,0.631067,0.025186
1152,任务：钢化你心,1379,未知符文_1379,0.398545,0.000003
1075,慢炖,1406,祖母的辣椒油,0.522758,0.000403
1054,物法皆修,1338,升级：狂妄,0.457639,0.000737
1305,练腿日,1326,夜狩,0.463966,0.000244
1104,仆从大师,1361,任务：艾卡西亚的陷落,0.494939,0.000005
1070,无休回复,1095,风语者的祝福,0.50104,0.000097
1051,点亮他们！,2024,由暴生急,0.45783,0.000044
1032,裁决使,1342,雪球扭蛋机,0.479923,0.000728
1034,防护面纱,1358,弹球,0.465284,0.000056
1045,炼狱导管,1069,退敌力场,0.480229,0.000192
1022,灵巧,1225,双刀流,0.566714,0.004132
1011,你摸不到,1069,退敌力场,0.415976,0.000037
1051,点亮他们！,1077,灵魂虹吸,0.51503,0.000374
1097,巫师式思考,2009,狂热者,0.485868,0.000202
1082,残暴之力,2002,虚空裂隙,0.461424,0.000016
1013,星界躯体,2005,扳机炼狱,0.445372,0.000063
1015,死亡之环,2010,双发快射,0.463548,0.00001
1035,感受燃烧,1149,不动如山,0.49402,0.000116
1020,黎明使者的坚决,1045,炼狱导管,0.501648,0.00019
1384,捐赠,1411,升级：荆棘之甲,0.551861,0.000099
1018,巨像的勇气,1194,精怪魔法,0.447459,0.000052
1007,大力,1337,尊我为王,0.514839,0.000086
1082,残暴之力,1087,台风,0.456186,0.000239
1138,渴血,1390,超凡邪恶,0.507856,0.000869
1404,属性！,1418,砸开那颗蛋,0.505435,0.000001
1237,质变：黄金阶,1340,升级：米凯尔的祝福,0.515664,0.000035
1011,你摸不到,1333,逃跑计划,0.506539,0.00014
1098,急急小子,1389,男爵之手,0.526443,0.000006
1019,全凭身法,2026,杀意翻涌,0.4624,0.000166
1323,残忍,1356,暴击飞弹,0.458921,0.000038
1397,地狱三头犬,2005,扳机炼狱,0.444649,0.000013
1225,双刀流,2018,纯粹主义者 - 术师,0.380302,0.000036
1070,无休回复,1418,砸开那颗蛋,0.488286,0.000002
1018,巨像的勇气,1338,升级：狂妄,0.460109,0.000068
1141,全心为你,2016,注魔,0.475077,0.000012
1136,扇巴掌,1361,任务：艾卡西亚的陷落,0.539732,0.000517
1045,炼狱导管,1390,超凡邪恶,0.524878,0.002817
1328,暴击律动,1424,???,0.452349,0.000016
1070,无休回复,1389,男爵之手,0.527422,0.000008
1141,全心为你,2026,杀意翻涌,0.462107,0.000003
1039,冰霜 幽灵,1358,弹球,0.456786,0.000099
1330,活力再生,2001,当心小蛋糕！,0.498363,0.000036
1023,魔鬼之舞,1416,海克斯科技龙魂,0.48254,0.00003
1108,自我毁灭,1418,砸开那颗蛋,0.484717,0.000003
1064,坚韧,1088,终极刷新,0.444888,0.00026
1081,踢踏舞,1315,快中求稳,0.520855,0.000204
1092,易损,1338,升级：狂妄,0.483662,0.000654
12317,潘朵拉的盒子,1349,终极唤醒,0.519912,0
1048,珠光护手,1071,更万用的瞄准镜,0.485783,0.001186
1080,会心防御,1375,吞噬灵魂,0.466092,0.000053
1204,叠角龙,1321,砍伤,0.516103,0.000015
1134,亮出你的剑,1211,杀戮时间到了,0.595908,0.000201
1107,接二连三,2018,纯粹主义者 - 术师,0.366483,0.000028
1006,利刃华尔兹,1025,俯冲轰炸,0.486055,0.000335
1048,珠光护手,1074,缩小射线,0.447063,0.000527
1346,吸血习性,1386,转得我眩晕了,0.462325,0.000008
1204,叠角龙,1211,杀戮时间到了,0.500508,0.000027
1194,精怪魔法,1332,不祥契约,0.46137,0.000056
1042,恶趣味,1138,渴血,0.472801,0.000124
1088,终极刷新,1326,夜狩,0.428287,0.00019
1329,史上最大雪球,1373,缩小引擎,0.496315,0.00017
1344,最终形态,1397,地狱三头犬,0.494215,0.000099
1118,会心治疗,1150,面包和果酱,0.453813,0.000464
1062,全能龙魂,1390,超凡邪恶,0.516705,0.000228
1415,双生火焰,2009,狂热者,0.487527,0.00025
1053,科学狂人,1107,接二连三,0.501609,0.000158
1317,升级：弯刀,1337,尊我为王,0.43936,0.000005
1011,你摸不到,1315,快中求稳,0.484745,0.00011
1194,精怪魔法,1372,小猫咪找妈妈,0.458748,0.000009
1133,魔法飞弹,1154,任务：海牛阿福的勇士,0.484727,0.000236
1080,会心防御,1346,吸血习性,0.553242,0.001105
1084,穿针引线,1332,不祥契约,0.466004,0.000352
1097,巫师式思考,1115,最万用的瞄准镜,0.461488,0.000106
1057,山脉龙魂,1391,红包,0.521839,0.000106
1342,雪球扭蛋机,1349,终极唤醒,0.46031,0.000095
1052,闪电打击,1080,会心防御,0.517013,0.000313
1150,面包和果酱,1326,夜狩,0.443138,0.000274
1013,星界躯体,1310,小丑学院,0.492303,0.000301
1051,点亮他们！,1331,至高天诺言,0.44051,0.000006
1056,由心及物,1103,面包和黄油,0.494754,0.000626
1028,侵蚀,2004,信念者的强化,0.47467,0.000005
1384,捐赠,1402,属性叠属性叠属性！,0.558129,0.000101
1087,台风,1113,老练狙神,0.432619,0.000366
1079,战争交响乐,1332,不祥契约,0.466034,0.000058
1006,利刃华尔兹,1358,弹球,0.583333,0
1070,无休回复,1379,未知符文_1379,0.457911,0.000002
1996,升级：耀光,2016,注魔,0.489194,0.000055
1011,你摸不到,1392,神圣雪球,0.436723,0.00001
1019,全凭身法,1237,质变：黄金阶,0.485115,0.000284
1018,巨像的勇气,1138,渴血,0.45506,0.000099
1339,激光治疗,1424,???,0.477335,0.000002
1388,无限循环往复,2018,纯粹主义者 - 术师,0.493172,0.000154
1322,罪恶快感,1361,任务：艾卡西亚的陷落,0.513546,0.000049
1353,坦克引擎,1356,暴击飞弹,0.50297,0.000069
1330,活力再生,1384,捐赠,0.511693,0.000064
1108,自我毁灭,1113,老练狙神,0.4492,0.000046
1018,巨像的勇气,1325,玻璃大炮,0.446751,0.000037
1051,点亮他们！,1415,双生火焰,0.479902,0.0007
1152,任务：钢化你心,1403,属性叠属性！,0.495745,0.000199
1070,无休回复,1156,任务：沃格勒特的巫师帽,0.52302,0.000151
1039,冰霜 幽灵,1392,神圣雪球,0.442819,0.000051
1071,更万用的瞄准镜,1328,暴击律动,0.518449,0.003741
1154,任务：海牛阿福的勇士,1402,属性叠属性叠属性！,0.530566,0.000009
1044,冰寒,1058,秘术冲拳,0.44371,0.000183
1136,扇巴掌,1331,至高天诺言,0.480722,0.000049
1046,炼狱龙魂,1414,卡皮巴拉空投,0.430523,0.000037
1013,星界躯体,1372,小猫咪找妈妈,0.46869,0.00007
1129,神射法师,1356,暴击飞弹,0.468745,0.000126
1045,炼狱导管,1087,台风,0.449973,0.000153
1023,魔鬼之舞,1415,双生火焰,0.477498,0.000018
1027,大地苏醒,1042,恶趣味,0.453559,0.000029
1042,恶趣味,1053,科学狂人,0.502723,0.000138
1082,残暴之力,1328,暴击律动,0.476229,0.000569
1081,踢踏舞,1097,巫师式思考,0.459194,0.00014
1151,面包和奶酪,1198,圣火,0.47115,0.000135
1060,海洋龙魂,1072,炽烈黎明,0.500957,0.000093
1348,闪闪现现,1388,无限循环往复,0.477918,0.000001
1018,巨像的勇气,1420,咏叹奏鸣,0.500553,0.000104
1022,灵巧,1105,家园卫士,0.530437,0.000392
1107,接二连三,1337,尊我为王,0.498101,0.000114
1028,侵蚀,1133,魔法飞弹,0.532285,0.000725
1418,砸开那颗蛋,2006,飞身踢,0.456779,0.000005
1156,任务：沃格勒特的巫师帽,1328,暴击律动,0.463985,0.000029
1007,大力,1180,超强大脑,0.431081,0.000005
1187,闪光弹,2024,由暴生急,0.446735,0
1310,小丑学院,1361,任务：艾卡西亚的陷落,0.545048,0.000035
1039,冰霜 幽灵,1195,巨人杀手,0.504908,0.000211
1081,踢踏舞,1321,砍伤,0.477976,0.00011
1088,终极刷新,1116,闪现向前,0.444997,0.000044
1063,狂徒豪气,1116,闪现向前,0.490038,0.00004
1034,防护面纱,1108,自我毁灭,0.462368,0.000065
1314,强力护盾,1342,雪球扭蛋机,0.463444,0.000079
1342,雪球扭蛋机,2005,扳机炼狱,0.44653,0.000041
1156,任务：沃格勒特的巫师帽,1322,罪恶快感,0.504748,0.00015
1311,溢流,1375,吞噬灵魂,0.481456,0.000285
1077,灵魂虹吸,1198,圣火,0.442458,0.000042
1058,秘术冲拳,2006,飞身踢,0.481379,0.000131
1029,虚幻武器,1326,夜狩,0.466918,0.000353
1079,战争交响乐,2009,狂热者,0.494059,0.000241
1104,仆从大师,1389,男爵之手,0.541696,0.000003
1072,炽烈黎明,1194,精怪魔法,0.464881,0.000049
1336,升级：无尽之刃,1405,速度恶魔,0.483339,0.000244
1070,无休回复,1136,扇巴掌,0.513197,0.00037
1194,精怪魔法,1333,逃跑计划,0.508823,0.000161
1318,升级：中娅,2016,注魔,0.457672,0.000035
1118,会心治疗,1388,无限循环往复,0.484711,0.000406
1044,冰寒,1097,巫师式思考,0.497618,0.001448
1340,升级：米凯尔的祝福,1401,生机迸发,0.520753,0.000016
1113,老练狙神,1332,不祥契约,0.478746,0.000208
1030,尤里卡,1323,残忍,0.509496,0.000438
1032,裁决使,1305,练腿日,0.490689,0.001142
1384,捐赠,1421,舞会女王,0.522744,0.000064
1319,升级：献祭,1421,舞会女王,0.4928,0.000093
1042,恶趣味,1349,终极唤醒,0.470546,0.000085
1152,任务：钢化你心,1339,激光治疗,0.455834,0.000048
12317,潘朵拉的盒子,1333,逃跑计划,0.524939,0.000001
1198,圣火,1208,轨道镭射,0.458608,0.000017
1068,循环往复,1320,升级：收集者,0.469678,0.000632
1113,老练狙神,1115,最万用的瞄准镜,0.440287,0.000362
1029,虚幻武器,1138,渴血,0.501088,0.00116
1187,闪光弹,1318,升级：中娅,0.47562,0.000017
1063,狂徒豪气,1081,踢踏舞,0.528586,0.000208
1180,超强大脑,1384,捐赠,0.536671,0.000173
1301,神圣干预,1331,至高天诺言,0.486278,0.000038
1052,闪电打击,1321,砍伤,0.501678,0.000473
1336,升级：无尽之刃,2009,狂热者,0.516279,0.000348
1038,有始有终,1319,升级：献祭,0.492128,0.000941
1180,超强大脑,1349,终极唤醒,0.480468,0.000146
1152,任务：钢化你心,1332,不祥契约,0.446974,0.000246
1079,战争交响乐,2010,双发快射,0.500505,0.00024
1034,防护面纱,1324,蛋白粉奶昔,0.44441,0.000066
1028,侵蚀,1113,老练狙神,0.505503,0.000252
0,无符文,1062,全能龙魂,0.625821,0.008496
1073,暗影疾奔,1198,圣火,0.475128,0.000031
1029,虚幻武器,1305,练腿日,0.489007,0.000334
1042,恶趣味,1156,任务：沃格勒特的巫师帽,0.466284,0.000069
1032,裁决使,1129,神射法师,0.485947,0.002126
1047,关键暴击,1063,狂徒豪气,0.508783,0.000167
1071,更万用的瞄准镜,1180,超强大脑,0.467227,0.000077
1073,暗影疾奔,1341,帽上加帽,0.501414,0.00015
1098,急急小子,2003,魄罗之王的弹跳,0.468228,0.000013
1072,炽烈黎明,1073,暗影疾奔,0.481521,0.000044
1034,防护面纱,1373,缩小引擎,0.513272,0.000158
1308,火狐,2004,信念者的强化,0.532392,0.000047
1004,回归基本功,2007,你肩上的恶魔,0.497366,0.000013
1074,缩小射线,1077,灵魂虹吸,0.480132,0.000509
1340,升级：米凯尔的祝福,1418,砸开那颗蛋,0.549935,0.000008
1022,灵巧,1046,炼狱龙魂,0.479705,0.000642
1037,急救用具,1118,会心治疗,0.470922,0.003012
1046,炼狱龙魂,2024,由暴生急,0.457314,0.000088
1152,任务：钢化你心,1317,升级：弯刀,0.411458,0.000005
1195,巨人杀手,12317,潘朵拉的盒子,0.546722,0.000001
1079,战争交响乐,1092,易损,0.479039,0.000358
1170,万用瞄准镜,1420,咏叹奏鸣,0.495366,0.000107
1047,关键暴击,1390,超凡邪恶,0.464705,0.000239
1034,防护面纱,2007,你肩上的恶魔,0.419643,0.000011
1062,全能龙魂,1353,坦克引擎,0.520521,0.000564
1138,渴血,1421,舞会女王,0.507188,0.000082
1047,关键暴击,1349,终极唤醒,0.448575,0.00013
1053,科学狂人,1129,神射法师,0.512859,0.000175
1149,不动如山,2016,注魔,0.459115,0.00001
1030,尤里卡,1032,裁决使,0.502358,0.004135
1187,闪光弹,1329,史上最大雪球,0.459267,0.000045
1095,风语者的祝福,1320,升级：收集者,0.45485,0.000014
1044,冰寒,1392,神圣雪球,0.458252,0.0001
0,无符文,1134,亮出你的剑,0.742763,0.011802
1066,量子计算,1331,至高天诺言,0.448051,0.000009
1331,至高天诺言,2007,你肩上的恶魔,0.412805,0.000001
12317,潘朵拉的盒子,1330,活力再生,0.476987,0
1080,会心防御,1333,逃跑计划,0.552672,0.000202
1009,霸符兄弟,1424,???,0.477877,0.000015
1011,你摸不到,1039,冰霜 幽灵,0.431948,0.00006
1301,神圣干预,1388,无限循环往复,0.510002,0.000142
1020,黎明使者的坚决,1048,珠光护手,0.471159,0.000209
1085,折磨者,1331,至高天诺言,0.448988,0.00001
2004,信念者的强化,2016,注魔,0.480103,0.000008
1030,尤里卡,1372,小猫咪找妈妈,0.503872,0.000036
1051,点亮他们！,1329,史上最大雪球,0.457522,0.000067
1335,夺金,1345,心灵净化,0.478655,0.000185
1011,你摸不到,1035,感受燃烧,0.476591,0.000077
1053,科学狂人,1996,升级：耀光,0.541264,0.000094
1237,质变：黄金阶,1403,属性叠属性！,0.587944,0.000463
1028,侵蚀,1315,快中求稳,0.504424,0.000072
1211,杀戮时间到了,1416,海克斯科技龙魂,0.468681,0.00014
1022,灵巧,1080,会心防御,0.527659,0.000425
1180,超强大脑,1250,一板一眼,0.416122,0.000012
1072,炽烈黎明,1151,面包和奶酪,0.490077,0.000119
1019,全凭身法,1134,亮出你的剑,0.566475,0.000063
1088,终极刷新,1205,物理转魔法,0.457982,0.000386
1067,古式佳酿,1330,活力再生,0.455163,0.000019
1060,海洋龙魂,1118,会心治疗,0.485575,0.000457
1052,闪电打击,1353,坦克引擎,0.485632,0.000602
1072,炽烈黎明,1413,和我一起困在这里,0.459077,0.000003
1050,基石法师,1076,天音爆,0.501831,0.000146
1062,全能龙魂,1237,质变：黄金阶,0.508618,0.000164
1181,重量级打击手,1238,质变：棱彩阶,0.53097,0.001292
1056,由心及物,2009,狂热者,0.492077,0.000069
1047,关键暴击,1388,无限循环往复,0.466501,0.000135
1333,逃跑计划,1418,砸开那颗蛋,0.529252,0.000003
1103,面包和黄油,1108,自我毁灭,0.456261,0.000273
1046,炼狱龙魂,1316,刃下生风,0.481218,0.00031
1075,慢炖,1339,激光治疗,0.458036,0.000016
1079,战争交响乐,2002,虚空裂隙,0.460221,0.000012
1030,尤里卡,2016,注魔,0.495891,0.000253
1015,死亡之环,1402,属性叠属性叠属性！,0.508435,0.00001
1029,虚幻武器,1149,不动如山,0.46269,0.000222
1205,物理转魔法,1310,小丑学院,0.506988,0.000471
1066,量子计算,1238,质变：棱彩阶,0.494939,0.000502
1062,全能龙魂,1075,慢炖,0.512143,0.000158
1004,回归基本功,1361,任务：艾卡西亚的陷落,0.521716,0.000012
1136,扇巴掌,2002,虚空裂隙,0.500457,0.000352
1389,男爵之手,1397,地狱三头犬,0.516522,0.000004
1007,大力,1129,神射法师,0.436035,0.000054
1044,冰寒,1405,速度恶魔,0.516636,0.00047
1181,重量级打击手,1379,未知符文_1379,0.421418,0.000002
1047,关键暴击,1048,珠光护手,0.478753,0.003173
1181,重量级打击手,1356,暴击飞弹,0.47592,0.000017
1205,物理转魔法,1321,砍伤,0.457204,0.000086
1037,急救用具,1337,尊我为王,0.504305,0.000047
1105,家园卫士,1250,一板一眼,0.496744,0.000227
1321,砍伤,1402,属性叠属性叠属性！,0.520561,0.000014
1238,质变：棱彩阶,1406,祖母的辣椒油,0.564004,0.000634
1066,量子计算,1151,面包和奶酪,0.461362,0.000143
1187,闪光弹,1349,终极唤醒,0.477848,0.000059
1340,升级：米凯尔的祝福,1384,捐赠,0.536222,0.00002
1237,质变：黄金阶,1310,小丑学院,0.526007,0.000403
1397,地狱三头犬,1411,升级：荆棘之甲,0.494744,0.000005
1056,由心及物,1996,升级：耀光,0.513623,0.000122
1051,点亮他们！,1054,物法皆修,0.488805,0.000302
1051,点亮他们！,1353,坦克引擎,0.487527,0.000269
1138,渴血,2010,双发快射,0.533563,0.000518
1054,物法皆修,1340,升级：米凯尔的祝福,0.45581,0.000004
1042,恶趣味,1073,暗影疾奔,0.494071,0.000057
1044,冰寒,1118,会心治疗,0.455406,0.000465
1077,灵魂虹吸,1405,速度恶魔,0.481741,0.000175
1056,由心及物,1390,超凡邪恶,0.528886,0.001802
1036,火上浇油,1042,恶趣味,0.457568,0.000067
1009,霸符兄弟,1403,属性叠属性！,0.551552,0.000056
1323,残忍,1373,缩小引擎,0.534928,0.000265
1074,缩小射线,1373,缩小引擎,0.465471,0.000292
1057,山脉龙魂,1198,圣火,0.451726,0.000061
1156,任务：沃格勒特的巫师帽,1243,质变：混沌,0.504929,0.000197
1034,防护面纱,2005,扳机炼狱,0.444597,0.000021
12317,潘朵拉的盒子,1250,一板一眼,0.498797,0.000001
1042,恶趣味,1313,作弊：我能回城！,0.478945,0.000347
1149,不动如山,1346,吸血习性,0.469808,0.000303
1149,不动如山,1323,残忍,0.489212,0.000442
1015,死亡之环,1045,炼狱导管,0.476765,0.000177
1405,速度恶魔,2003,魄罗之王的弹跳,0.48795,0.00006
1305,练腿日,1372,小猫咪找妈妈,0.48646,0.000018
1004,回归基本功,1386,转得我眩晕了,0.447954,0.000001
1152,任务：钢化你心,2010,双发快射,0.453676,0.000053
1315,快中求稳,1338,升级：狂妄,0.536907,0.000785
1038,有始有终,1414,卡皮巴拉空投,0.457923,0.000045
1072,炽烈黎明,1314,强力护盾,0.445829,0.000024
1092,易损,1346,吸血习性,0.53866,0.002615
1071,更万用的瞄准镜,1329,史上最大雪球,0.464723,0.00019
1046,炼狱龙魂,1107,接二连三,0.448133,0.000475
1118,会心治疗,1344,最终形态,0.484419,0.000807
1308,火狐,1325,玻璃大炮,0.485805,0.000063
1107,接二连三,1405,速度恶魔,0.458438,0.000163
1015,死亡之环,1084,穿针引线,0.450291,0.00012
1058,秘术冲拳,1349,终极唤醒,0.468683,0.000158
1048,珠光护手,1308,火狐,0.522103,0.000546
1329,史上最大雪球,1338,升级：狂妄,0.475555,0.000242
1392,神圣雪球,2003,魄罗之王的弹跳,1,0
0,无符文,1115,最万用的瞄准镜,0.589253,0.021238
1340,升级：米凯尔的祝福,1356,暴击飞弹,0.489952,0.000004
1314,强力护盾,2008,负重爆气,0.468025,0.000057
1087,台风,1333,逃跑计划,0.536197,0.00031
1317,升级：弯刀,1372,小猫咪找妈妈,0.297521,0
1301,神圣干预,1333,逃跑计划,0.514955,0.000213
1421,舞会女王,2005,扳机炼狱,0.4888,0.000011
1018,巨像的勇气,1421,舞会女王,0.505048,0.000027
1136,扇巴掌,2007,你肩上的恶魔,0.420935,0.000061
1011,你摸不到,1105,家园卫士,0.484642,0.00007
1044,冰寒,1301,神圣干预,0.481953,0.000266
1006,利刃华尔兹,1075,慢炖,0.480454,0.000142
1020,黎明使者的坚决,1418,砸开那颗蛋,0.480739,0.000001
1097,巫师式思考,1356,暴击飞弹,0.468468,0.00013
1015,死亡之环,1330,活力再生,0.429816,0.000003
1030,尤里卡,1156,任务：沃格勒特的巫师帽,0.54143,0.001391
1011,你摸不到,12317,潘朵拉的盒子,0.578616,0
1074,缩小射线,1334,升级：雪球,0.441462,0.000114
1019,全凭身法,1390,超凡邪恶,0.490446,0.000401
1211,杀戮时间到了,1349,终极唤醒,0.464423,0.000723
1020,黎明使者的坚决,1305,练腿日,0.501537,0.000141
1134,亮出你的剑,1418,砸开那颗蛋,0.369919,0
1081,踢踏舞,2016,注魔,0.450694,0.000036
1133,魔法飞弹,1327,坚若磐石,0.466245,0.000319
1020,黎明使者的坚决,1118,会心治疗,0.475004,0.000332
1025,俯冲轰炸,2005,扳机炼狱,0.484342,0.000092
1305,练腿日,2004,信念者的强化,0.483057,0.000009
1342,雪球扭蛋机,2018,纯粹主义者 - 术师,0.45785,0.000051
1237,质变：黄金阶,1397,地狱三头犬,0.473106,0.000152
1118,会心治疗,1379,未知符文_1379,0.471226,0.000019
1006,利刃华尔兹,1317,升级：弯刀,0.406344,0.000013
1064,坚韧,1195,巨人杀手,0.518117,0.000481
1103,面包和黄油,1116,闪现向前,0.459675,0.000072
1048,珠光护手,1420,咏叹奏鸣,0.531619,0.000453
1047,关键暴击,1064,坚韧,0.456597,0.000142
1075,慢炖,1152,任务：钢化你心,0.560281,0.003513
1046,炼狱龙魂,1058,秘术冲拳,0.446752,0.000618
1053,科学狂人,1220,连拨击锤,0.498053,0.000123
1081,踢踏舞,1194,精怪魔法,0.450053,0.000084
1048,珠光护手,1129,神射法师,0.471146,0.00146
1305,练腿日,1324,蛋白粉奶昔,0.472261,0.000182
1068,循环往复,1085,折磨者,0.491075,0.000224
1013,星界躯体,1116,闪现向前,0.471654,0.000085
1344,最终形态,1375,吞噬灵魂,0.477522,0.000292
1064,坚韧,1314,强力护盾,0.451173,0.000317
1336,升级：无尽之刃,1379,未知符文_1379,0.431591,0.000004
1085,折磨者,1414,卡皮巴拉空投,0.438033,0.000014
1129,神射法师,1170,万用瞄准镜,0.472738,0.00034
1009,霸符兄弟,1214,旋转至胜,0.531553,0.000039
1037,急救用具,1211,杀戮时间到了,0.45564,0.000189
1023,魔鬼之舞,1321,砍伤,0.501766,0.000289
1048,珠光护手,1388,无限循环往复,0.500222,0.000627
1075,慢炖,2009,狂热者,0.470092,0.000029
1054,物法皆修,1406,祖母的辣椒油,0.467192,0.000117
1018,巨像的勇气,1029,虚幻武器,0.45884,0.000197
1056,由心及物,1220,连拨击锤,0.451495,0.000066
1053,科学狂人,1104,仆从大师,0.530061,0.000021
1335,夺金,1388,无限循环往复,0.509504,0.000051
1115,最万用的瞄准镜,1390,超凡邪恶,0.467506,0.000166
1348,闪闪现现,1379,未知符文_1379,0.238095,0
1379,未知符文_1379,1402,属性叠属性叠属性！,0.438132,0
1170,万用瞄准镜,1327,坚若磐石,0.440827,0.000037
1187,闪光弹,1409,魄罗爆破手,0.475562,0.000001
1316,刃下生风,1344,最终形态,0.508597,0.00033
1372,小猫咪找妈妈,1400,最终都市列车,0.463556,0.000007
1149,不动如山,1409,魄罗爆破手,0.476365,0.000093
1007,大力,1025,俯冲轰炸,0.528168,0.000205
1002,尖端发明家,1347,吵闹鬼,0.438929,0.00005
1204,叠角龙,1340,升级：米凯尔的祝福,0.533629,0.000001
1086,精准奇才,1208,轨道镭射,0.462471,0.000038
1063,狂徒豪气,2005,扳机炼狱,0.477415,0.000076
1022,灵巧,1070,无休回复,0.521684,0.000299
1133,魔法飞弹,1388,无限循环往复,0.509261,0.001162
1034,防护面纱,1338,升级：狂妄,0.485612,0.000283
1054,物法皆修,1401,生机迸发,0.46216,0.000037
2005,扳机炼狱,2026,杀意翻涌,0.448969,0.000048
1050,基石法师,1323,残忍,0.481971,0.000256
1077,灵魂虹吸,1115,最万用的瞄准镜,0.502412,0.000858
1214,旋转至胜,1348,闪闪现现,0.453612,0.000009
1062,全能龙魂,1220,连拨击锤,0.483998,0.000126
1373,缩小引擎,1416,海克斯科技龙魂,0.508413,0.000186
1080,会心防御,1404,属性！,0.551327,0.000022
1151,面包和奶酪,1326,夜狩,0.450618,0.000282
1198,圣火,1345,心灵净化,0.457639,0.000215
1205,物理转魔法,12317,潘朵拉的盒子,0.478944,0.000002
1028,侵蚀,1067,古式佳酿,0.498811,0.000336
1420,咏叹奏鸣,1424,???,0.51304,0.000047
1372,小猫咪找妈妈,2024,由暴生急,0.459432,0.000002
1013,星界躯体,1152,任务：钢化你心,0.506339,0.004548
1342,雪球扭蛋机,1405,速度恶魔,0.490077,0.000239
1044,冰寒,1313,作弊：我能回城！,0.507534,0.000897
1046,炼狱龙魂,1088,终极刷新,0.448253,0.000291
1243,质变：混沌,1340,升级：米凯尔的祝福,0.506914,0.000024
1097,巫师式思考,1133,魔法飞弹,0.500156,0.003995
1195,巨人杀手,1327,坚若磐石,0.494227,0.000165
1062,全能龙魂,1071,更万用的瞄准镜,0.506502,0.000312
1037,急救用具,1379,未知符文_1379,0.478077,0.000021
0,无符文,1220,连拨击锤,0.544671,0.018758
1087,台风,2005,扳机炼狱,0.427843,0.000053
1339,激光治疗,1392,神圣雪球,1,0
1071,更万用的瞄准镜,1080,会心防御,0.519486,0.000517
1041,歌利亚巨人,1149,不动如山,0.475796,0.001185
1053,科学狂人,1154,任务：海牛阿福的勇士,0.517338,0.000035
1129,神射法师,1405,速度恶魔,0.480345,0.000295
1208,轨道镭射,1341,帽上加帽,0.460802,0.000051
1116,闪现向前,2018,纯粹主义者 - 术师,0.449844,0.000013
1068,循环往复,1070,无休回复,0.525872,0.000403
1311,溢流,1349,终极唤醒,0.480317,0.000259
1046,炼狱龙魂,1356,暴击飞弹,0.476302,0.000126
1379,未知符文_1379,1390,超凡邪恶,0.456784,0.00001
1237,质变：黄金阶,1353,坦克引擎,0.49713,0.00138
1113,老练狙神,1418,砸开那颗蛋,0.492542,0.000004
1018,巨像的勇气,1020,黎明使者的坚决,0.467971,0.000202
1349,终极唤醒,1409,魄罗爆破手,0.473337,0.000115
1036,火上浇油,1349,终极唤醒,0.447207,0.000132
1018,巨像的勇气,1400,最终都市列车,0.488235,0.000081
1338,升级：狂妄,1409,魄罗爆破手,0.483104,0.00048
1206,魔法转物理,1243,质变：混沌,0.507149,0.000441
1032,裁决使,1392,神圣雪球,0.445174,0.000213
1115,最万用的瞄准镜,1358,弹球,0.445677,0.000043
1054,物法皆修,2018,纯粹主义者 - 术师,0.410582,0.000037
1002,尖端发明家,1104,仆从大师,0.466565,0.000038
1154,任务：海牛阿福的勇士,1415,双生火焰,0.49611,0.000041
1372,小猫咪找妈妈,1421,舞会女王,0.503371,0.000001
1053,科学狂人,1372,小猫咪找妈妈,0.48781,0.00001
1315,快中求稳,1416,海克斯科技龙魂,0.501063,0.00003
1392,神圣雪球,2006,飞身踢,0.447885,0.000035
1013,星界躯体,1136,扇巴掌,0.480222,0.001864
1027,大地苏醒,1198,圣火,0.449659,0.000014
1375,吞噬灵魂,1416,海克斯科技龙魂,0.479147,0.000077
1416,海克斯科技龙魂,1424,???,0.461267,0.00001
1238,质变：棱彩阶,1337,尊我为王,0.528513,0.000362
1373,缩小引擎,2008,负重爆气,0.503592,0.000901
1048,珠光护手,1402,属性叠属性叠属性！,0.516472,0.0001
1082,残暴之力,1238,质变：棱彩阶,0.502215,0.000892
1080,会心防御,1095,风语者的祝福,0.478422,0.000045
1194,精怪魔法,1347,吵闹鬼,0.44616,0.000023
1052,闪电打击,1386,转得我眩晕了,0.446031,0.000002
1046,炼狱龙魂,1116,闪现向前,0.460919,0.000073
1329,史上最大雪球,1337,尊我为王,0.45745,0.000091
1034,防护面纱,1409,魄罗爆破手,0.499451,0.000128
1334,升级：雪球,2001,当心小蛋糕！,0.476675,0.000098
1323,残忍,1413,和我一起困在这里,0.505179,0.000007
1325,玻璃大炮,1397,地狱三头犬,0.442047,0.000074
1108,自我毁灭,1361,任务：艾卡西亚的陷落,0.540963,0.000236
1038,有始有终,2009,狂热者,0.511967,0.000308
1066,量子计算,1214,旋转至胜,0.492897,0.000076
1349,终极唤醒,1421,舞会女王,0.496903,0.00001
1092,易损,1095,风语者的祝福,0.461536,0.000039
1069,退敌力场,1092,易损,0.459484,0.000099
1095,风语者的祝福,1205,物理转魔法,0.47044,0.000104
1195,巨人杀手,1341,帽上加帽,0.527988,0.001188
1315,快中求稳,1317,升级：弯刀,0.450084,0.000008
1181,重量级打击手,1243,质变：混沌,0.508686,0.000579
1045,炼狱导管,1068,循环往复,0.532686,0.00154
1330,活力再生,1392,神圣雪球,0.418524,0.000006
1062,全能龙魂,1320,升级：收集者,0.494894,0.000214
1136,扇巴掌,1305,练腿日,0.505709,0.000297
1068,循环往复,1335,夺金,0.499689,0.00017
1071,更万用的瞄准镜,1340,升级：米凯尔的祝福,0.470053,0.000012
1138,渴血,1341,帽上加帽,0.496466,0.000283
0,无符文,1011,你摸不到,0.535592,0.00627
1088,终极刷新,1414,卡皮巴拉空投,0.429659,0.000011
1104,仆从大师,1133,魔法飞弹,0.533417,0.000326
1053,科学狂人,1070,无休回复,0.535593,0.000158
1170,万用瞄准镜,1187,闪光弹,0.477132,0.000053
1042,恶趣味,1058,秘术冲拳,0.46758,0.00009
1068,循环往复,1389,男爵之手,0.52508,0.000029
1108,自我毁灭,1181,重量级打击手,0.503184,0.000633
1379,未知符文_1379,2007,你肩上的恶魔,0.372727,0
1214,旋转至胜,1321,砍伤,0.469852,0.000091
1034,防护面纱,1379,未知符文_1379,0.473684,0.000001
1079,战争交响乐,1086,精准奇才,0.443736,0.000059
1098,急急小子,1358,弹球,0.458729,0.00003
1015,死亡之环,1025,俯冲轰炸,0.485045,0.000149
1180,超强大脑,2001,当心小蛋糕！,0.513443,0.000076
1112,终极不可阻挡,1136,扇巴掌,0.461956,0.000145
1115,最万用的瞄准镜,1337,尊我为王,0.571008,0.000188
1237,质变：黄金阶,1389,男爵之手,0.564305,0.000012
1032,裁决使,1107,接二连三,0.465353,0.001353
1026,唯快不破,1138,渴血,0.524417,0.000246
1048,珠光护手,1346,吸血习性,0.52052,0.005668
1344,最终形态,1373,缩小引擎,0.522549,0.000392
1038,有始有终,1075,慢炖,0.485773,0.000141
1063,狂徒豪气,1329,史上最大雪球,0.48924,0.000095
1007,大力,1344,最终形态,0.52297,0.000449
1313,作弊：我能回城！,2004,信念者的强化,0.48674,0.000021
1048,珠光护手,1324,蛋白粉奶昔,0.438138,0.0001
1007,大力,1420,咏叹奏鸣,0.521806,0.000069
1081,踢踏舞,1112,终极不可阻挡,0.452037,0.000116
1052,闪电打击,1392,神圣雪球,0.443787,0.000033
1039,冰霜 幽灵,1311,溢流,0.460708,0.000128
1129,神射法师,2010,双发快射,0.469901,0.000079
1346,吸血习性,2001,当心小蛋糕！,0.530579,0.000871
1080,会心防御,1097,巫师式思考,0.477271,0.000112
1044,冰寒,1361,任务：艾卡西亚的陷落,0.509186,0.000066
1112,终极不可阻挡,2005,扳机炼狱,0.442974,0.000042
1341,帽上加帽,1392,神圣雪球,0.451653,0.000057
1004,回归基本功,1032,裁决使,0.517532,0.000869
1321,砍伤,1375,吞噬灵魂,0.468042,0.000236
1348,闪闪现现,2005,扳机炼狱,0.48494,0
1069,退敌力场,1326,夜狩,0.414264,0.00007
1053,科学狂人,2008,负重爆气,0.516323,0.000133
1073,暗影疾奔,1401,生机迸发,0.512739,0.000075
1113,老练狙神,1373,缩小引擎,0.498643,0.000535
0,无符文,2003,魄罗之王的弹跳,0.608023,0.002303
1409,魄罗爆破手,2024,由暴生急,0.466534,0.000073
1028,侵蚀,1342,雪球扭蛋机,0.494049,0.000127
1025,俯冲轰炸,1045,炼狱导管,0.500426,0.000384
1214,旋转至胜,1389,男爵之手,0.549138,0.000003
1061,回力OK镖,1133,魔法飞弹,0.514854,0.00054
1051,点亮他们！,1061,回力OK镖,0.476556,0.000077
1050,基石法师,1418,砸开那颗蛋,0.509666,0.000005
1314,强力护盾,1404,属性！,0.508167,0.000014
1041,歌利亚巨人,2024,由暴生急,0.47096,0.00008
1151,面包和奶酪,1170,万用瞄准镜,0.45473,0.000234
1087,台风,1322,罪恶快感,0.476033,0.001367
1318,升级：中娅,1386,转得我眩晕了,0.434643,0.000001
1070,无休回复,1392,神圣雪球,0.467965,0.00002
1066,量子计算,1071,更万用的瞄准镜,0.475384,0.000238
1402,属性叠属性叠属性！,2026,杀意翻涌,0.519463,0.000028
1002,尖端发明家,1334,升级：雪球,0.45521,0.000261
1019,全凭身法,1313,作弊：我能回城！,0.476126,0.000349
1322,罪恶快感,1330,活力再生,0.464093,0.000253
1064,坚韧,1372,小猫咪找妈妈,0.463969,0.000054
1048,珠光护手,1214,旋转至胜,0.49154,0.000314
1092,易损,1116,闪现向前,0.475816,0.00006
1068,循环往复,1069,退敌力场,0.468054,0.00017
1149,不动如山,2026,杀意翻涌,0.454797,0.000018
1062,全能龙魂,1066,量子计算,0.492399,0.000111
1133,魔法飞弹,1342,雪球扭蛋机,0.482498,0.000402
1041,歌利亚巨人,1046,炼狱龙魂,0.491219,0.000967
1321,砍伤,2016,注魔,0.468084,0.00001
1009,霸符兄弟,1332,不祥契约,0.495683,0.000123
1104,仆从大师,2007,你肩上的恶魔,0.429523,0.000004
1113,老练狙神,1335,夺金,0.484354,0.000192
1071,更万用的瞄准镜,1346,吸血习性,0.552481,0.006673
1205,物理转魔法,1334,升级：雪球,0.492131,0.000653
1333,逃跑计划,1384,捐赠,0.566512,0.00033
1074,缩小射线,1225,双刀流,0.517118,0.001135
1036,火上浇油,1211,杀戮时间到了,0.466327,0.000423
1098,急急小子,1316,刃下生风,0.473227,0.000107
1034,防护面纱,1073,暗影疾奔,0.509432,0.000141
1345,心灵净化,1356,暴击飞弹,0.479551,0.000161
1035,感受燃烧,1402,属性叠属性叠属性！,0.525325,0.000009
1015,死亡之环,1335,夺金,0.480178,0.000015
1079,战争交响乐,1238,质变：棱彩阶,0.508377,0.000923
1018,巨像的勇气,1071,更万用的瞄准镜,0.449085,0.000082
1077,灵魂虹吸,1311,溢流,0.492653,0.000287
1053,科学狂人,1066,量子计算,0.507421,0.000131
1023,魔鬼之舞,1346,吸血习性,0.521456,0.001211
1063,狂徒豪气,1421,舞会女王,0.519502,0.000042
1097,巫师式思考,1418,砸开那颗蛋,0.492163,0.000006
1392,神圣雪球,1400,最终都市列车,0.471308,0.000059
1066,量子计算,1180,超强大脑,0.470426,0.00007
1108,自我毁灭,1317,升级：弯刀,0.389049,0.000004
1028,侵蚀,1141,全心为你,0.465681,0.000027
1022,灵巧,1420,咏叹奏鸣,0.521337,0.000197
1036,火上浇油,1052,闪电打击,0.509932,0.001424
1030,尤里卡,1347,吵闹鬼,0.49413,0.000128
1211,杀戮时间到了,1336,升级：无尽之刃,0.48335,0.000355
1073,暗影疾奔,1404,属性！,0.562399,0.000049
1154,任务：海牛阿福的勇士,1397,地狱三头犬,0.484333,0.000027
1149,不动如山,1330,活力再生,0.423231,0.000003
1035,感受燃烧,1330,活力再生,0.438675,0.000012
1044,冰寒,2007,你肩上的恶魔,0.433303,0.000046
1067,古式佳酿,1129,神射法师,0.492525,0.000384
1332,不祥契约,1349,终极唤醒,0.459159,0.000069
1324,蛋白粉奶昔,2003,魄罗之王的弹跳,0.461771,0.000011
1220,连拨击锤,1392,神圣雪球,0.406229,0.000011
1342,雪球扭蛋机,1373,缩小引擎,0.499217,0.000174
1063,狂徒豪气,1322,罪恶快感,0.511986,0.000617
1052,闪电打击,1063,狂徒豪气,0.537983,0.000421
1029,虚幻武器,1324,蛋白粉奶昔,0.449965,0.000287
1181,重量级打击手,1375,吞噬灵魂,0.503951,0.001125
1335,夺金,1414,卡皮巴拉空投,0.454024,0.000006
1006,利刃华尔兹,1372,小猫咪找妈妈,0.437408,0.000005
1107,接二连三,1403,属性叠属性！,0.525635,0.000127
1009,霸符兄弟,1044,冰寒,0.518292,0.000385
1072,炽烈黎明,1077,灵魂虹吸,0.454586,0.000047
1115,最万用的瞄准镜,1154,任务：海牛阿福的勇士,0.514352,0.000068
1084,穿针引线,1402,属性叠属性叠属性！,0.505146,0.000119
1310,小丑学院,2018,纯粹主义者 - 术师,0.496029,0.000056
1113,老练狙神,1330,活力再生,0.434229,0.000137
1064,坚韧,1149,不动如山,0.463731,0.00098
1344,最终形态,1415,双生火焰,0.490973,0.000063
1045,炼狱导管,1416,海克斯科技龙魂,0.507088,0.000195
1205,物理转魔法,1379,未知符文_1379,0.442294,0.000004
1023,魔鬼之舞,2009,狂热者,0.518585,0.000059
1027,大地苏醒,1409,魄罗爆破手,0.466799,0.000045
1097,巫师式思考,1113,老练狙神,0.480202,0.001481
1032,裁决使,1053,科学狂人,0.520124,0.000846
1088,终极刷新,1154,任务：海牛阿福的勇士,0.459052,0.000032
1375,吞噬灵魂,2024,由暴生急,0.451302,0.000023
1077,灵魂虹吸,1092,易损,0.51791,0.000992
1313,作弊：我能回城！,1415,双生火焰,0.480802,0.000171
1060,海洋龙魂,1403,属性叠属性！,0.545334,0.000056
1038,有始有终,1053,科学狂人,0.544678,0.00025
1013,星界躯体,1051,点亮他们！,0.472166,0.000089
1048,珠光护手,1243,质变：混沌,0.498268,0.000658
1030,尤里卡,1070,无休回复,0.535423,0.000409
1037,急救用具,1327,坚若磐石,0.455781,0.000102
1237,质变：黄金阶,2008,负重爆气,0.505108,0.00021
1013,星界躯体,1326,夜狩,0.447672,0.000103
1133,魔法飞弹,1170,万用瞄准镜,0.455866,0.000409
1243,质变：混沌,2009,狂热者,0.525446,0.000089
1013,星界躯体,1019,全凭身法,0.468615,0.000182
1053,科学狂人,1418,砸开那颗蛋,0.49621,0.000001
1068,循环往复,1375,吞噬灵魂,0.49208,0.000396
1077,灵魂虹吸,1088,终极刷新,0.449385,0.000147
1051,点亮他们！,1420,咏叹奏鸣,0.515906,0.000086
1180,超强大脑,1397,地狱三头犬,0.449102,0.000017
1063,狂徒豪气,1206,魔法转物理,0.538353,0.000267
1103,面包和黄油,2024,由暴生急,0.444243,0.000073
1052,闪电打击,2002,虚空裂隙,0.464734,0.000027
1103,面包和黄油,2003,魄罗之王的弹跳,0.453133,0.000043
1086,精准奇才,1389,男爵之手,0.506391,0.000004
1211,杀戮时间到了,1341,帽上加帽,0.480029,0.001181
1220,连拨击锤,1324,蛋白粉奶昔,0.453815,0.000033
1305,练腿日,1358,弹球,0.471833,0.000081
1107,接二连三,1404,属性！,0.516208,0.000066
1087,台风,1211,杀戮时间到了,0.456194,0.000267
1013,星界躯体,1107,接二连三,0.460508,0.000176
1329,史上最大雪球,1420,咏叹奏鸣,0.522478,0.000121
1069,退敌力场,1406,祖母的辣椒油,0.498195,0.000079
1118,会心治疗,1406,祖母的辣椒油,0.490944,0.000388
1323,残忍,1328,暴击律动,0.419719,0.000011
1345,心灵净化,2006,飞身踢,0.465173,0.000336
1053,科学狂人,1314,强力护盾,0.499977,0.000086
1095,风语者的祝福,1411,升级：荆棘之甲,0.496454,0.000029
1027,大地苏醒,1056,由心及物,0.500654,0.000055
1035,感受燃烧,1388,无限循环往复,0.49525,0.000047
1112,终极不可阻挡,1133,魔法飞弹,0.465373,0.000375
1060,海洋龙魂,1331,至高天诺言,0.487312,0.000032
1129,神射法师,1418,砸开那颗蛋,0.455763,0.000002
1081,踢踏舞,1088,终极刷新,0.444235,0.000112
0,无符文,1044,冰寒,0.592457,0.028704
1039,冰霜 幽灵,1103,面包和黄油,0.459132,0.000246
1073,暗影疾奔,2009,狂热者,0.515783,0.000081
1154,任务：海牛阿福的勇士,1337,尊我为王,0.503547,0.000032
1082,残暴之力,1098,急急小子,0.467078,0.000159
1064,坚韧,1401,生机迸发,0.478457,0.000177
1002,尖端发明家,1084,穿针引线,0.442527,0.000515
1097,巫师式思考,2005,扳机炼狱,0.447278,0.000024
1314,强力护盾,1341,帽上加帽,0.460617,0.000057
1353,坦克引擎,1375,吞噬灵魂,0.494227,0.003937
1076,天音爆,1134,亮出你的剑,0.446654,0.000003
1103,面包和黄油,1329,史上最大雪球,0.456705,0.000183
1054,物法皆修,1361,任务：艾卡西亚的陷落,0.488587,0.00001
1076,天音爆,1077,灵魂虹吸,0.443039,0.000019
1025,俯冲轰炸,1154,任务：海牛阿福的勇士,0.489503,0.000092
1060,海洋龙魂,1415,双生火焰,0.500175,0.000079
1037,急救用具,1342,雪球扭蛋机,0.47135,0.0001
1009,霸符兄弟,1079,战争交响乐,0.496673,0.000196
1116,闪现向前,1418,砸开那颗蛋,0.45202,0.000001
1115,最万用的瞄准镜,1323,残忍,0.449842,0.000035
1156,任务：沃格勒特的巫师帽,2024,由暴生急,0.463958,0.000015
1013,星界躯体,1308,火狐,0.496723,0.000185
1087,台风,1301,神圣干预,0.452941,0.0001
1045,炼狱导管,1325,玻璃大炮,0.484991,0.000206
1225,双刀流,1301,神圣干预,0.497442,0.000167
1019,全凭身法,1325,玻璃大炮,0.44079,0.000061
1116,闪现向前,1206,魔法转物理,0.482415,0.000062
1028,侵蚀,1318,升级：中娅,0.500641,0.000109
1225,双刀流,1337,尊我为王,0.588872,0.000207
1342,雪球扭蛋机,1416,海克斯科技龙魂,0.482517,0.000075
1057,山脉龙魂,1327,坚若磐石,0.454204,0.000155
1073,暗影疾奔,1391,红包,0.583975,0.000375
1082,残暴之力,1205,物理转魔法,0.416789,0.000057
1152,任务：钢化你心,1348,闪闪现现,0.469358,0.000076
1018,巨像的勇气,1243,质变：混沌,0.478648,0.000151
1004,回归基本功,1397,地狱三头犬,0.472372,0.000098
1035,感受燃烧,1113,老练狙神,0.465637,0.000132
1062,全能龙魂,1070,无休回复,0.515708,0.000113
1054,物法皆修,1077,灵魂虹吸,0.474493,0.000274
1026,唯快不破,1317,升级：弯刀,0.428924,0.000003
1075,慢炖,1386,转得我眩晕了,0.444144,0.000003
1151,面包和奶酪,12317,潘朵拉的盒子,0.498021,0.000001
1062,全能龙魂,2009,狂热者,0.499824,0.000055
1038,有始有终,1074,缩小射线,0.46898,0.000298
1058,秘术冲拳,1314,强力护盾,0.468703,0.0001
1058,秘术冲拳,1097,巫师式思考,0.449979,0.000175
1098,急急小子,1238,质变：棱彩阶,0.514533,0.000506
1073,暗影疾奔,1316,刃下生风,0.507225,0.0004
1038,有始有终,1187,闪光弹,0.492062,0.00011
1066,量子计算,1243,质变：混沌,0.495469,0.000224
1020,黎明使者的坚决,1388,无限循环往复,0.495356,0.000103
1048,珠光护手,1379,未知符文_1379,0.416723,0.000002
1060,海洋龙魂,1067,古式佳酿,0.508727,0.000501
1025,俯冲轰炸,1035,感受燃烧,0.509321,0.000133
1080,会心防御,1115,最万用的瞄准镜,0.49757,0.000271
1025,俯冲轰炸,1413,和我一起困在这里,0.502195,0.000033
1044,冰寒,2005,扳机炼狱,0.446073,0.000018
1310,小丑学院,1373,缩小引擎,0.527288,0.000483
1329,史上最大雪球,1406,祖母的辣椒油,0.516718,0.000183
1009,霸符兄弟,1386,转得我眩晕了,0.467116,0.000001
1084,穿针引线,1250,一板一眼,0.469771,0.001175
1325,玻璃大炮,1344,最终形态,0.484612,0.00007
1088,终极刷新,1238,质变：棱彩阶,0.473196,0.000528
1087,台风,2009,狂热者,0.484001,0.000273
1035,感受燃烧,1391,红包,0.527704,0.000085
1082,残暴之力,1092,易损,0.483059,0.000414
1220,连拨击锤,1375,吞噬灵魂,0.436725,0.00004
1030,尤里卡,1335,夺金,0.528618,0.000159
1324,蛋白粉奶昔,1349,终极唤醒,0.463739,0.000067
1064,坚韧,1389,男爵之手,0.494932,0.000017
1105,家园卫士,1133,魔法飞弹,0.547785,0.000995
1004,回归基本功,1029,虚幻武器,0.517423,0.000283
1104,仆从大师,1405,速度恶魔,0.502376,0.000031
1079,战争交响乐,1418,砸开那颗蛋,0.438725,0.000001
1194,精怪魔法,1311,溢流,0.471184,0.000188
1025,俯冲轰炸,1373,缩小引擎,0.505448,0.000317
1046,炼狱龙魂,1082,残暴之力,0.469635,0.000875
1023,魔鬼之舞,1198,圣火,0.493665,0.000052
1046,炼狱龙魂,1336,升级：无尽之刃,0.485743,0.000749
1211,杀戮时间到了,2008,负重爆气,0.464132,0.000426
1032,裁决使,2010,双发快射,0.477021,0.000347
1150,面包和果酱,1403,属性叠属性！,0.506298,0.000068
1129,神射法师,1150,面包和果酱,0.466609,0.000374
1007,大力,1334,升级：雪球,0.500406,0.000156
1154,任务：海牛阿福的勇士,2002,虚空裂隙,0.480705,0.000013
1136,扇巴掌,1414,卡皮巴拉空投,0.445792,0.000081
1308,火狐,1331,至高天诺言,0.529662,0.000025
1320,升级：收集者,1334,升级：雪球,0.459964,0.000302
1105,家园卫士,1406,祖母的辣椒油,0.577574,0.000222
1075,慢炖,1088,终极刷新,0.461371,0.000145
1073,暗影疾奔,1310,小丑学院,0.553861,0.001259
1211,杀戮时间到了,2009,狂热者,0.467518,0.000169
1308,火狐,2001,当心小蛋糕！,0.530345,0.000204
1015,死亡之环,1044,冰寒,0.45923,0.000294
1087,台风,1305,练腿日,0.487303,0.000198
1057,山脉龙魂,1084,穿针引线,0.45885,0.000151
1054,物法皆修,1058,秘术冲拳,0.454641,0.000208
1180,超强大脑,1996,升级：耀光,0.510452,0.000041
1071,更万用的瞄准镜,2024,由暴生急,0.469199,0.000214
1063,狂徒豪气,1220,连拨击锤,0.514698,0.000154
1030,尤里卡,1138,渴血,0.519559,0.000796
1058,秘术冲拳,1311,溢流,0.466176,0.00038
1141,全心为你,1349,终极唤醒,0.472428,0.000043
1195,巨人杀手,1345,心灵净化,0.516442,0.001987
1088,终极刷新,1372,小猫咪找妈妈,0.46141,0.000012
1042,恶趣味,1238,质变：棱彩阶,0.498056,0.000483
1044,冰寒,1047,关键暴击,0.468869,0.000196
1141,全心为你,1401,生机迸发,0.479098,0.000035
1115,最万用的瞄准镜,1330,活力再生,0.471244,0.000271
1149,不动如山,1335,夺金,0.456217,0.000038
1051,点亮他们！,1195,巨人杀手,0.539028,0.000946
1107,接二连三,1198,圣火,0.441749,0.000039
1020,黎明使者的坚决,1347,吵闹鬼,0.458598,0.000028
1025,俯冲轰炸,1112,终极不可阻挡,0.484122,0.000163
1006,利刃华尔兹,1415,双生火焰,0.446483,0.000041
1048,珠光护手,1149,不动如山,0.443687,0.000141
1074,缩小射线,1325,玻璃大炮,0.421517,0.000111
1079,战争交响乐,1320,升级：收集者,0.470878,0.000836
1042,恶趣味,2008,负重爆气,0.487945,0.000089
1085,折磨者,1118,会心治疗,0.442774,0.000176
1097,巫师式思考,1136,扇巴掌,0.494442,0.000605
1348,闪闪现现,1420,咏叹奏鸣,0.527256,0
1020,黎明使者的坚决,1074,缩小射线,0.462946,0.000109
1060,海洋龙魂,1308,火狐,0.542464,0.000087
1027,大地苏醒,1329,史上最大雪球,0.463381,0.000051
1086,精准奇才,1243,质变：混沌,0.48599,0.00011
1103,面包和黄油,1405,速度恶魔,0.482463,0.000355
1007,大力,1034,防护面纱,0.506708,0.000091
1081,踢踏舞,2024,由暴生急,0.456863,0.000115
1115,最万用的瞄准镜,1238,质变：棱彩阶,0.512038,0.001007
1060,海洋龙魂,1349,终极唤醒,0.49038,0.000159
1129,神射法师,1305,练腿日,0.486941,0.00025
1087,台风,1347,吵闹鬼,0.468671,0.00005
1208,轨道镭射,1330,活力再生,0.430544,0.000005
0,无符文,1006,利刃华尔兹,0.552314,0.011767
1108,自我毁灭,1375,吞噬灵魂,0.478319,0.000435
1141,全心为你,1152,任务：钢化你心,0.428541,0.000075
0,无符文,1206,魔法转物理,0.593863,0.020964
1076,天音爆,1346,吸血习性,0.463164,0.000053
1002,尖端发明家,1007,大力,0.468453,0.000192
1386,转得我眩晕了,1413,和我一起困在这里,0.431034,0
1414,卡皮巴拉空投,2004,信念者的强化,0.459078,0.000002
1195,巨人杀手,1421,舞会女王,0.541667,0.000035
1075,慢炖,1237,质变：黄金阶,0.518867,0.000406
1195,巨人杀手,1344,最终形态,0.545025,0.000557
1087,台风,1315,快中求稳,0.512847,0.000146
1375,吞噬灵魂,2018,纯粹主义者 - 术师,0.46315,0.000069
1007,大力,1081,踢踏舞,0.497135,0.000358
1052,闪电打击,1415,双生火焰,0.47811,0.000183
1206,魔法转物理,2004,信念者的强化,0.424557,0.000003
1206,魔法转物理,2001,当心小蛋糕！,0.529182,0.00027
1308,火狐,1314,强力护盾,0.494601,0.000025
1206,魔法转物理,2003,魄罗之王的弹跳,0.484705,0.000042
1026,唯快不破,1403,属性叠属性！,0.561283,0.000024
1050,基石法师,1151,面包和奶酪,0.498689,0.000365
1047,关键暴击,1348,闪闪现现,0.436749,0.000027
1077,灵魂虹吸,1388,无限循环往复,0.476806,0.000163
1019,全凭身法,1042,恶趣味,0.475125,0.000084
1025,俯冲轰炸,1225,双刀流,0.516035,0.00023
1018,巨像的勇气,1405,速度恶魔,0.469497,0.000057
1007,大力,1060,海洋龙魂,0.516072,0.000103
1036,火上浇油,1243,质变：混沌,0.484302,0.000376
1334,升级：雪球,1389,男爵之手,0.521764,0.000018
1154,任务：海牛阿福的勇士,1339,激光治疗,0.45319,0.000003
1141,全心为你,1386,转得我眩晕了,0.464722,0
1071,更万用的瞄准镜,1318,升级：中娅,0.461281,0.000066
1341,帽上加帽,1386,转得我眩晕了,0.436199,0.000001
1026,唯快不破,1072,炽烈黎明,0.494352,0.000028
1011,你摸不到,1046,炼狱龙魂,0.451823,0.000173
1047,关键暴击,1081,踢踏舞,0.487286,0.000467
1313,作弊：我能回城！,1391,红包,0.536856,0.000353
1341,帽上加帽,2001,当心小蛋糕！,0.515832,0.000242
1039,冰霜 幽灵,1405,速度恶魔,0.490107,0.000091
1029,虚幻武器,1070,无休回复,0.499714,0.000258
1319,升级：献祭,1411,升级：荆棘之甲,0.535364,0.000196
1073,暗影疾奔,1402,属性叠属性叠属性！,0.554157,0.00005
1006,利刃华尔兹,1405,速度恶魔,0.459127,0.000159
1086,精准奇才,1225,双刀流,0.468422,0.000097
1112,终极不可阻挡,2001,当心小蛋糕！,0.485444,0.000055
1077,灵魂虹吸,1328,暴击律动,0.519962,0.001384
1134,亮出你的剑,1326,夜狩,0.612133,0.000278
1007,大力,1336,升级：无尽之刃,0.535195,0.000647
1051,点亮他们！,1323,残忍,0.457491,0.000044
1107,接二连三,2008,负重爆气,0.451135,0.000127
1063,狂徒豪气,1243,质变：混沌,0.517275,0.000258
1195,巨人杀手,1401,生机迸发,0.524206,0.000196
1214,旋转至胜,1342,雪球扭蛋机,0.497211,0.000065
1071,更万用的瞄准镜,1108,自我毁灭,0.474295,0.000248
1032,裁决使,1039,冰霜 幽灵,0.470438,0.000554
1079,战争交响乐,1321,砍伤,0.496066,0.000149
1372,小猫咪找妈妈,2008,负重爆气,0.490008,0.00003
1356,暴击飞弹,1389,男爵之手,0.529578,0.000013
1044,冰寒,1413,和我一起困在这里,0.457877,0.000015
1022,灵巧,1141,全心为你,0.463696,0.000024
1113,老练狙神,1347,吵闹鬼,0.464358,0.000087
1057,山脉龙魂,1400,最终都市列车,0.491119,0.000063
1068,循环往复,1104,仆从大师,0.530653,0.000113
1098,急急小子,1335,夺金,0.489856,0.000048
1048,珠光护手,1092,易损,0.510178,0.004087
1073,暗影疾奔,1208,轨道镭射,0.477799,0.000026
1115,最万用的瞄准镜,1325,玻璃大炮,0.449272,0.00012
1015,死亡之环,1036,火上浇油,0.458173,0.000054
1038,有始有终,1039,冰霜 幽灵,0.476925,0.000138
1042,恶趣味,1341,帽上加帽,0.465851,0.000079
1149,不动如山,1205,物理转魔法,0.452509,0.000156
1134,亮出你的剑,1329,史上最大雪球,0.556964,0.000049
1036,火上浇油,1061,回力OK镖,0.46646,0.000107
1375,吞噬灵魂,2001,当心小蛋糕！,0.479688,0.000212
1046,炼狱龙魂,1097,巫师式思考,0.487994,0.00061
1348,闪闪现现,2009,狂热者,0.495302,0
1022,灵巧,1326,夜狩,0.485089,0.000557
1346,吸血习性,1401,生机迸发,0.504842,0.000408
1115,最万用的瞄准镜,1316,刃下生风,0.468553,0.000095
1129,神射法师,2018,纯粹主义者 - 术师,0.442339,0.000085
1041,歌利亚巨人,1206,魔法转物理,0.508296,0.000837
1047,关键暴击,1342,雪球扭蛋机,0.463753,0.000078
1079,战争交响乐,1415,双生火焰,0.452462,0.000094
1080,会心防御,1311,溢流,0.496537,0.000155
1301,神圣干预,1361,任务：艾卡西亚的陷落,0.532694,0.000098
1332,不祥契约,1392,神圣雪球,0.443577,0.000009
1080,会心防御,1198,圣火,0.455371,0.000038
1039,冰霜 幽灵,1095,风语者的祝福,0.481774,0.000123
1345,心灵净化,1402,属性叠属性叠属性！,0.493333,0.000083
1026,唯快不破,1322,罪恶快感,0.511,0.000461
1311,溢流,1353,坦克引擎,0.488627,0.001088
1019,全凭身法,1180,超强大脑,0.499394,0.000137
1020,黎明使者的坚决,1136,扇巴掌,0.494028,0.000325
1305,练腿日,1420,咏叹奏鸣,0.53717,0.000109
1097,巫师式思考,1406,祖母的辣椒油,0.532019,0.00097
1206,魔法转物理,1310,小丑学院,0.546329,0.000749
1198,圣火,2004,信念者的强化,0.475204,0.000081
1002,尖端发明家,1073,暗影疾奔,0.477235,0.000346
1069,退敌力场,1076,天音爆,0.467433,0.000029
1324,蛋白粉奶昔,2009,狂热者,0.457428,0.000029
1333,逃跑计划,1401,生机迸发,0.528032,0.000099
1108,自我毁灭,2024,由暴生急,0.461169,0.000021
1149,不动如山,1208,轨道镭射,0.462061,0.000041
1074,缩小射线,1118,会心治疗,0.463181,0.00038
12317,潘朵拉的盒子,2002,虚空裂隙,0.549563,0.000001
1076,天音爆,1310,小丑学院,0.457499,0.000017
1052,闪电打击,1206,魔法转物理,0.505615,0.000776
1206,魔法转物理,1416,海克斯科技龙魂,0.481953,0.000056
1098,急急小子,1113,老练狙神,0.483255,0.000303
1211,杀戮时间到了,1321,砍伤,0.462123,0.000136
1039,冰霜 幽灵,1070,无休回复,0.479503,0.000191
1136,扇巴掌,1415,双生火焰,0.490753,0.00016
1324,蛋白粉奶昔,1372,小猫咪找妈妈,0.484425,0.000047
1061,回力OK镖,1310,小丑学院,0.545652,0.000225
1086,精准奇才,2004,信念者的强化,0.460723,0.000002
1072,炽烈黎明,1379,未知符文_1379,0.442074,0.000001
1152,任务：钢化你心,1411,升级：荆棘之甲,0.537679,0.000498
1087,台风,1392,神圣雪球,0.423581,0.000031
1170,万用瞄准镜,1348,闪闪现现,0.442056,0.00003
1028,侵蚀,1062,全能龙魂,0.517443,0.000115
1066,量子计算,1334,升级：雪球,0.476354,0.000162
1060,海洋龙魂,1129,神射法师,0.500255,0.000317
1023,魔鬼之舞,1421,舞会女王,0.498561,0.00004
1068,循环往复,1341,帽上加帽,0.500017,0.001011
1250,一板一眼,1390,超凡邪恶,0.433061,0.000101
1002,尖端发明家,1416,海克斯科技龙魂,0.452833,0.000086
1356,暴击飞弹,1405,速度恶魔,0.484295,0.000121
1358,弹球,2026,杀意翻涌,0.458401,0.000078
1030,尤里卡,1333,逃跑计划,0.550613,0.000838
1085,折磨者,1138,渴血,0.463857,0.000069
1064,坚韧,1404,属性！,0.494383,0.000068
1152,任务：钢化你心,1334,升级：雪球,0.474344,0.000463
1133,魔法飞弹,2006,飞身踢,0.469808,0.000312
1079,战争交响乐,1325,玻璃大炮,0.447735,0.000086
1074,缩小射线,1116,闪现向前,0.446466,0.000043
1045,炼狱导管,1060,海洋龙魂,0.5357,0.000767
1103,面包和黄油,1379,未知符文_1379,0.423397,0.000003
1034,防护面纱,1411,升级：荆棘之甲,0.504025,0.000011
1085,折磨者,1379,未知符文_1379,0.408851,0.000001
1116,闪现向前,1375,吞噬灵魂,0.473848,0.00007
2001,当心小蛋糕！,2003,魄罗之王的弹跳,0.473867,0.000021
1067,古式佳酿,1323,残忍,0.490376,0.000364
1332,不祥契约,2007,你肩上的恶魔,0.449537,0.000022
1108,自我毁灭,2008,负重爆气,0.48062,0.000158
1334,升级：雪球,1403,属性叠属性！,0.52163,0.000085
1342,雪球扭蛋机,1389,男爵之手,0.518146,0.000013
1310,小丑学院,1415,双生火焰,0.510936,0.000092
1250,一板一眼,1391,红包,0.540679,0.000319
1195,巨人杀手,1205,物理转魔法,0.53662,0.00232
1029,虚幻武器,1062,全能龙魂,0.497867,0.000168
1027,大地苏醒,1050,基石法师,0.455833,0.000024
1050,基石法师,1053,科学狂人,0.520075,0.000112
1025,俯冲轰炸,1409,魄罗爆破手,0.512137,0.000304
1400,最终都市列车,1416,海克斯科技龙魂,0.51726,0.000077
1015,死亡之环,1332,不祥契约,0.455877,0.000081
1097,巫师式思考,1416,海克斯科技龙魂,0.486291,0.000147
1019,全凭身法,1113,老练狙神,0.408785,0.000041
12317,潘朵拉的盒子,1336,升级：无尽之刃,0.50111,0.000001
1050,基石法师,1356,暴击飞弹,0.466573,0.00006
1088,终极刷新,1204,叠角龙,0.479615,0.000015
1067,古式佳酿,1388,无限循环往复,0.5248,0.000541
1104,仆从大师,1195,巨人杀手,0.550276,0.000137
1077,灵魂虹吸,1095,风语者的祝福,0.461796,0.000034
1349,终极唤醒,1356,暴击飞弹,0.45232,0.000036
1195,巨人杀手,1379,未知符文_1379,0.472583,0.000003
1007,大力,1250,一板一眼,0.50895,0.000777
1075,慢炖,1411,升级：荆棘之甲,0.551334,0.000274
1067,古式佳酿,1400,最终都市列车,0.505118,0.000202
1029,虚幻武器,1075,慢炖,0.494825,0.000531
1129,神射法师,1316,刃下生风,0.46251,0.000097
1088,终极刷新,1319,升级：献祭,0.459475,0.000099
1211,杀戮时间到了,1358,弹球,0.448756,0.000144
1041,歌利亚巨人,1342,雪球扭蛋机,0.486875,0.00039
1004,回归基本功,1018,巨像的勇气,0.480566,0.000064
1156,任务：沃格勒特的巫师帽,2010,双发快射,0.460073,0.000013
1020,黎明使者的坚决,1346,吸血习性,0.51007,0.00059
1103,面包和黄油,1346,吸血习性,0.513937,0.002295
1237,质变：黄金阶,1314,强力护盾,0.476899,0.000092
1330,活力再生,1353,坦克引擎,0.465843,0.00005
1048,珠光护手,1344,最终形态,0.501295,0.000642
1073,暗影疾奔,1170,万用瞄准镜,0.51831,0.000362
1346,吸血习性,1414,卡皮巴拉空投,0.453727,0.000105
1113,老练狙神,2001,当心小蛋糕！,0.47369,0.00019
1011,你摸不到,1418,砸开那颗蛋,0.464232,0.000001
1050,基石法师,1341,帽上加帽,0.484362,0.000811
1042,恶趣味,1337,尊我为王,0.504438,0.000051
1068,循环往复,1325,玻璃大炮,0.466063,0.000289
1073,暗影疾奔,1386,转得我眩晕了,0.468402,0.000001
1310,小丑学院,2003,魄罗之王的弹跳,0.555556,0
1035,感受燃烧,1341,帽上加帽,0.473807,0.000115
1156,任务：沃格勒特的巫师帽,1206,魔法转物理,0.421663,0.000069
1416,海克斯科技龙魂,2008,负重爆气,0.481971,0.000135
1028,侵蚀,1151,面包和奶酪,0.499429,0.000225
1037,急救用具,1077,灵魂虹吸,0.464988,0.000106
1072,炽烈黎明,1104,仆从大师,0.514257,0.000022
1007,大力,1317,升级：弯刀,0.44411,0.00001
1047,关键暴击,1084,穿针引线,0.467448,0.0008
1075,慢炖,1084,穿针引线,0.463661,0.000193
1019,全凭身法,1392,神圣雪球,0.441741,0.000024
1133,魔法飞弹,1338,升级：狂妄,0.461654,0.000297
1052,闪电打击,1068,循环往复,0.480152,0.00041
1063,狂徒豪气,1424,???,0.462079,0.000008
1152,任务：钢化你心,1336,升级：无尽之刃,0.436079,0.000135
1156,任务：沃格勒特的巫师帽,2004,信念者的强化,0.468769,0.000006
1022,灵巧,1305,练腿日,0.511191,0.000523
1074,缩小射线,1088,终极刷新,0.428277,0.000139
0,无符文,1058,秘术冲拳,0.572186,0.020193
1115,最万用的瞄准镜,1136,扇巴掌,0.483751,0.000218
1056,由心及物,1113,老练狙神,0.490862,0.000705
1053,科学狂人,1400,最终都市列车,0.544592,0.000083
1051,点亮他们！,1308,火狐,0.495003,0.00005
1250,一板一眼,1334,升级：雪球,0.485141,0.000201
1002,尖端发明家,1092,易损,0.456669,0.00036
1045,炼狱导管,1424,???,0.48002,0.000015
1071,更万用的瞄准镜,1138,渴血,0.526805,0.003277
1011,你摸不到,1025,俯冲轰炸,0.470781,0.000117
1047,关键暴击,1134,亮出你的剑,0.586079,0.000308
1322,罪恶快感,2005,扳机炼狱,0.448834,0.000159
1073,暗影疾奔,1392,神圣雪球,0.473228,0.000087
1319,升级：献祭,1361,任务：艾卡西亚的陷落,0.547543,0.000542
1034,防护面纱,1318,升级：中娅,0.485519,0.000136
1007,大力,1187,闪光弹,0.505384,0.000074
1342,雪球扭蛋机,1392,神圣雪球,0.472009,0.000988
1079,战争交响乐,1405,速度恶魔,0.464593,0.000154
1116,闪现向前,1339,激光治疗,0.448601,0.000001
1104,仆从大师,1335,夺金,0.516311,0.000014
1041,歌利亚巨人,1305,练腿日,0.508271,0.000716
1044,冰寒,1386,转得我眩晕了,0.456825,0.000002
0,无符文,1108,自我毁灭,0.580065,0.017587
1076,天音爆,1112,终极不可阻挡,0.457078,0.000017
1041,歌利亚巨人,1170,万用瞄准镜,0.494923,0.000608
1069,退敌力场,1319,升级：献祭,0.442434,0.000044
1104,仆从大师,1409,魄罗爆破手,0.516798,0.00005
1006,利刃华尔兹,1305,练腿日,0.471483,0.000189
1022,灵巧,1187,闪光弹,0.496005,0.000084
1004,回归基本功,1347,吵闹鬼,0.497039,0.000034
1007,大力,1328,暴击律动,0.521034,0.00061
1054,物法皆修,1373,缩小引擎,0.491346,0.000852
1081,踢踏舞,1332,不祥契约,0.467958,0.000069
1068,循环往复,1384,捐赠,0.518176,0.000476
1071,更万用的瞄准镜,1074,缩小射线,0.481719,0.001591
1025,俯冲轰炸,1356,暴击飞弹,0.497465,0.000042
1204,叠角龙,1325,玻璃大炮,0.496844,0.000006
1329,史上最大雪球,2010,双发快射,0.461997,0.00003
1250,一板一眼,1313,作弊：我能回城！,0.469364,0.000418
1086,精准奇才,1323,残忍,0.480848,0.000041
1004,回归基本功,1088,终极刷新,0.565217,0
1032,裁决使,1085,折磨者,0.475017,0.000406
1053,科学狂人,1138,渴血,0.540226,0.000481
1181,重量级打击手,1386,转得我眩晕了,0.458295,0.000003
1353,坦克引擎,1358,弹球,0.46392,0.000307
1066,量子计算,1356,暴击飞弹,0.449813,0.000016
1344,最终形态,1348,闪闪现现,0.45645,0.000044
1051,点亮他们！,1134,亮出你的剑,0.540726,0.000232
1032,裁决使,1052,闪电打击,0.479672,0.001444
1086,精准奇才,1149,不动如山,0.461124,0.000015
1018,巨像的勇气,1181,重量级打击手,0.492537,0.000694
1062,全能龙魂,2018,纯粹主义者 - 术师,0.480729,0.000021
1025,俯冲轰炸,1389,男爵之手,0.552462,0.000016
1104,仆从大师,1181,重量级打击手,0.480211,0.000041
1092,易损,1154,任务：海牛阿福的勇士,0.502621,0.000104
1339,激光治疗,1388,无限循环往复,0.50112,0.000014
1308,火狐,2016,注魔,0.502715,0.000034
1319,升级：献祭,1339,激光治疗,0.465521,0.000014
1071,更万用的瞄准镜,1333,逃跑计划,0.559479,0.000969
1048,珠光护手,1141,全心为你,0.442099,0.000072
1052,闪电打击,1115,最万用的瞄准镜,0.510675,0.001733
1009,霸符兄弟,1149,不动如山,0.493706,0.000107
1077,灵魂虹吸,1104,仆从大师,0.460112,0.000014
1323,残忍,1348,闪闪现现,0.463043,0.000022
1238,质变：棱彩阶,1418,砸开那颗蛋,0.503422,0.000006
1237,质变：黄金阶,1313,作弊：我能回城！,0.489449,0.000582
1041,歌利亚巨人,1069,退敌力场,0.44865,0.00022
1322,罪恶快感,1424,???,0.440311,0.000023
1009,霸符兄弟,1072,炽烈黎明,0.500595,0.000074
1028,侵蚀,1205,物理转魔法,0.499754,0.000363
1095,风语者的祝福,1329,史上最大雪球,0.470419,0.000034
1326,夜狩,1386,转得我眩晕了,0.400704,0.000001
1134,亮出你的剑,1243,质变：混沌,0.590194,0.00014
1087,台风,1097,巫师式思考,0.464703,0.00009
1152,任务：钢化你心,1996,升级：耀光,0.470289,0.000153
1056,由心及物,1339,激光治疗,0.491063,0.000079
1046,炼狱龙魂,1138,渴血,0.492739,0.001262
1064,坚韧,2003,魄罗之王的弹跳,0.475974,0.000071
1151,面包和奶酪,1397,地狱三头犬,0.445862,0.000086
1308,火狐,1337,尊我为王,0.552202,0.000032
1064,坚韧,1341,帽上加帽,0.463344,0.000211
1054,物法皆修,2006,飞身踢,0.458829,0.000042
1375,吞噬灵魂,2010,双发快射,0.488792,0.00004
1320,升级：收集者,2010,双发快射,0.49922,0.000545
1329,史上最大雪球,2004,信念者的强化,0.464935,0.000005
0,无符文,1002,尖端发明家,0.58727,0.024145
1390,超凡邪恶,1415,双生火焰,0.494434,0.001114
1129,神射法师,1388,无限循环往复,0.492943,0.000376
1063,狂徒豪气,1341,帽上加帽,0.485845,0.000081
1045,炼狱导管,1402,属性叠属性叠属性！,0.531887,0.000046
1062,全能龙魂,1151,面包和奶酪,0.501665,0.00016
1338,升级：狂妄,1421,舞会女王,0.497918,0.000102
1097,巫师式思考,1403,属性叠属性！,0.520324,0.000133
1057,山脉龙魂,1152,任务：钢化你心,0.500415,0.001094
1150,面包和果酱,1996,升级：耀光,0.496037,0.000118
1103,面包和黄油,1134,亮出你的剑,0.547593,0.000174
1039,冰霜 幽灵,1051,点亮他们！,0.45027,0.000029
1400,最终都市列车,2008,负重爆气,0.510746,0.000243
1074,缩小射线,1103,面包和黄油,0.443732,0.000315
1042,恶趣味,1420,咏叹奏鸣,0.508759,0.000111
1036,火上浇油,1149,不动如山,0.448815,0.00008
1340,升级：米凯尔的祝福,2018,纯粹主义者 - 术师,0.547246,0.000007
1072,炽烈黎明,1206,魔法转物理,0.446257,0.000046
1181,重量级打击手,1308,火狐,0.508111,0.000096
1027,大地苏醒,1386,转得我眩晕了,0.450149,0.000001
1170,万用瞄准镜,1414,卡皮巴拉空投,0.425792,0.000021
1046,炼狱龙魂,1206,魔法转物理,0.484185,0.000635
1088,终极刷新,1413,和我一起困在这里,0.467855,0.000007
1095,风语者的祝福,2024,由暴生急,0.475533,0.000006
1066,量子计算,1332,不祥契约,0.467134,0.000061
1118,会心治疗,1220,连拨击锤,0.459367,0.000409
1028,侵蚀,1073,暗影疾奔,0.500667,0.000089
1134,亮出你的剑,2005,扳机炼狱,0.571478,0.000032
1020,黎明使者的坚决,1415,双生火焰,0.468645,0.000025
1007,大力,1318,升级：中娅,0.435691,0.000003
1038,有始有终,1152,任务：钢化你心,0.465723,0.000193
1204,叠角龙,1243,质变：混沌,0.50345,0.000031
1032,裁决使,1335,夺金,0.491004,0.000429
2006,飞身踢,2024,由暴生急,0.448228,0.000048
1208,轨道镭射,1243,质变：混沌,0.485315,0.000116
1095,风语者的祝福,1404,属性！,0.519322,0.000014
1308,火狐,1342,雪球扭蛋机,0.512461,0.000169
1048,珠光护手,1305,练腿日,0.484686,0.000697
1104,仆从大师,1115,最万用的瞄准镜,0.439693,0.000011
1032,裁决使,1338,升级：狂妄,0.489402,0.004699
1076,天音爆,1340,升级：米凯尔的祝福,0.54001,0.00022
1072,炽烈黎明,1082,残暴之力,0.445885,0.000042
1331,至高天诺言,2010,双发快射,0.453252,0.000003
1305,练腿日,1401,生机迸发,0.494969,0.000051
1044,冰寒,2026,杀意翻涌,0.489381,0.000035
1071,更万用的瞄准镜,2002,虚空裂隙,0.46193,0.000047
1206,魔法转物理,1329,史上最大雪球,0.482418,0.000192
1037,急救用具,1056,由心及物,0.485732,0.000301
1150,面包和果酱,2003,魄罗之王的弹跳,0.454233,0.000026
1397,地狱三头犬,2001,当心小蛋糕！,0.493008,0.000031
1243,质变：混沌,1356,暴击飞弹,0.533444,0.000159
1044,冰寒,1390,超凡邪恶,0.511623,0.002206
1076,天音爆,1401,生机迸发,0.482977,0.000025
1045,炼狱导管,1305,练腿日,0.525295,0.000454
1072,炽烈黎明,1329,史上最大雪球,0.469221,0.000039
1098,急急小子,1342,雪球扭蛋机,0.475807,0.00006
1133,魔法飞弹,1316,刃下生风,0.467758,0.000136
1041,歌利亚巨人,1076,天音爆,0.45233,0.000076
1104,仆从大师,1194,精怪魔法,0.477104,0.000017
1347,吵闹鬼,1409,魄罗爆破手,0.478149,0.000034
1085,折磨者,1237,质变：黄金阶,0.476946,0.000093
1011,你摸不到,1320,升级：收集者,0.453004,0.000181
1066,量子计算,1326,夜狩,0.468576,0.000254
1108,自我毁灭,1338,升级：狂妄,0.474089,0.000523
1081,踢踏舞,1418,砸开那颗蛋,0.448598,0.000001
1050,基石法师,1325,玻璃大炮,0.466048,0.000168
1054,物法皆修,1337,尊我为王,0.589236,0.000105
1060,海洋龙魂,1092,易损,0.504376,0.000307
1044,冰寒,1424,???,0.469394,0.00003
1129,神射法师,1348,闪闪现现,0.44638,0.000032
1405,速度恶魔,2006,飞身踢,0.481445,0.0004
1007,大力,1198,圣火,0.478574,0.00002
1046,炼狱龙魂,1330,活力再生,0.4558,0.000097
1220,连拨击锤,1301,神圣干预,0.437439,0.000089
1080,会心防御,1305,练腿日,0.503571,0.000109
1056,由心及物,1092,易损,0.500163,0.000374
1149,不动如山,2002,虚空裂隙,0.468141,0.000044
1250,一板一眼,1336,升级：无尽之刃,0.487797,0.000891
1051,点亮他们！,1403,属性叠属性！,0.5358,0.000077
1086,精准奇才,1301,神圣干预,0.46613,0.000044
1057,山脉龙魂,1403,属性叠属性！,0.506839,0.000032
1136,扇巴掌,1316,刃下生风,0.496436,0.000107
1013,星界躯体,1046,炼狱龙魂,0.472695,0.000317
1324,蛋白粉奶昔,1347,吵闹鬼,0.436817,0.00003
1323,残忍,1340,升级：米凯尔的祝福,0.503327,0.000017
1052,闪电打击,1113,老练狙神,0.442983,0.000334
1011,你摸不到,1181,重量级打击手,0.456664,0.00011
1406,祖母的辣椒油,2001,当心小蛋糕！,0.528977,0.000318
1138,渴血,1411,升级：荆棘之甲,0.520349,0.000045
1054,物法皆修,1181,重量级打击手,0.4671,0.000178
1034,防护面纱,1152,任务：钢化你心,0.46888,0.00025
1243,质变：混沌,1415,双生火焰,0.510312,0.000092
1066,量子计算,1391,红包,0.54143,0.000124
1056,由心及物,1335,夺金,0.513385,0.000175
0,无符文,1068,循环往复,0.618055,0.036987
1316,刃下生风,2004,信念者的强化,0.398355,0
1064,坚韧,1084,穿针引线,0.458773,0.000372
1039,冰霜 幽灵,1079,战争交响乐,0.452858,0.000087
1323,残忍,1392,神圣雪球,0.45704,0.000017
